centre,unit_cells,surface,status,id,formula,d_nm,n_atoms,Q
Ga,0.5,clean,rejected: core 0 < 20 atoms; centre detected as unknown,,,0.0,0,0
Ga,0.5,reconstructed,skipped: found 0 anion- and 0 cation-terminated {111} facets; need both,,,,,
Ga,0.75,clean,kept,GaAs-Ga-Ga31As20Cl33-clean,Ga31As20Cl33,1.406,84,0
Ga,0.75,reconstructed,kept,GaAs-Ga-Ga31As16Cl45-reconstructed,Ga31As16Cl45,1.352,92,0
Ga,1.0,clean,kept,GaAs-Ga-Ga35As26Cl27-clean,Ga35As26Cl27,1.519,88,0
Ga,1.0,reconstructed,rejected: charge +21; keeps 4/26 anions of its clean parent,,Ga27As4Cl48,1.43,79,21
Ga,1.25,clean,kept,GaAs-Ga-Ga149As116Cl99-clean,Ga149As116Cl99,2.504,364,0
Ga,1.25,reconstructed,kept,GaAs-Ga-Ga149As108Cl123-reconstructed,Ga149As108Cl123,2.458,380,0
Ga,1.5,clean,kept,GaAs-Ga-Ga161As139Cl66-clean,Ga161As139Cl66,2.63,366,0
Ga,1.5,reconstructed,rejected: charge +99; keeps 68/139 anions of its clean parent,,Ga149As68Cl144,2.557,361,99
Ga,1.75,clean,kept,GaAs-Ga-Ga165As139Cl78-clean,Ga165As139Cl78,2.658,382,0
Ga,1.75,reconstructed,rejected: charge +83,,Ga149As74Cl142,2.615,365,83
Ga,2.0,clean,kept,GaAs-Ga-Ga415As348Cl201-clean,Ga415As348Cl201,3.588,964,0
Ga,2.0,reconstructed,kept,GaAs-Ga-Ga407As336Cl213-reconstructed,Ga407As336Cl213,3.536,956,0
Ga,2.25,clean,kept,GaAs-Ga-Ga439As398Cl123-clean,Ga439As398Cl123,3.738,960,0
Ga,2.25,reconstructed,rejected: charge +167,,Ga399As249Cl283,3.538,931,167
Ga,2.5,clean,kept,GaAs-Ga-Ga889As776Cl339-clean,Ga889As776Cl339,4.669,2004,0
Ga,2.5,reconstructed,kept,GaAs-Ga-Ga881As748Cl399-reconstructed,Ga881As748Cl399,4.602,2028,0
Ga,2.75,clean,kept,GaAs-Ga-Ga929As863Cl198-clean,Ga929As863Cl198,4.821,1990,0
Ga,2.75,reconstructed,rejected: charge +315,,Ga885As628Cl456,4.636,1969,315
Ga,3.0,clean,kept,GaAs-Ga-Ga1631As1460Cl513-clean,Ga1631As1460Cl513,5.748,3604,0
Ga,3.0,reconstructed,kept,GaAs-Ga-Ga1607As1424Cl549-reconstructed,Ga1607As1424Cl549,5.674,3580,0
As,0.5,clean,rejected: core 5 < 20 atoms,,Ga4As1Cl9,0.575,14,0
As,0.5,reconstructed,skipped: found 0 anion- and 8 cation-terminated {111} facets; need both,,,,,
As,0.75,clean,kept,GaAs-As-Ga40As31Cl27-clean,Ga40As31Cl27,1.511,98,0
As,0.75,reconstructed,kept,GaAs-As-Ga40As23Cl51-reconstructed,Ga40As23Cl51,1.467,114,0
As,1.0,clean,kept,GaAs-As-Ga52As35Cl51-clean,Ga52As35Cl51,1.727,138,0
As,1.0,reconstructed,kept,GaAs-As-Ga52As31Cl63-reconstructed,Ga52As31Cl63,1.676,146,0
As,1.25,clean,kept,GaAs-As-Ga116As99Cl51-clean,Ga116As99Cl51,2.317,266,0
As,1.25,reconstructed,rejected: charge +69; keeps 31/99 anions of its clean parent,,Ga96As31Cl126,2.282,253,69
As,1.5,clean,kept,GaAs-As-Ga204As161Cl129-clean,Ga204As161Cl129,2.819,494,0
As,1.5,reconstructed,kept,GaAs-As-Ga204As153Cl153-reconstructed,Ga204As153Cl153,2.776,510,0
As,1.75,clean,kept,GaAs-As-Ga324As298Cl78-clean,Ga324As298Cl78,3.231,700,0
As,1.75,reconstructed,rejected: charge +91,,Ga276As169Cl230,3.068,675,91
As,2.0,clean,kept,GaAs-As-Ga348As314Cl102-clean,Ga348As314Cl102,3.427,764,0
As,2.0,reconstructed,rejected: charge +133,,Ga312As188Cl239,3.244,739,133
As,2.25,clean,kept,GaAs-As-Ga360As320Cl120-clean,Ga360As320Cl120,3.505,800,0
As,2.25,reconstructed,rejected: charge +167,,Ga344As209Cl238,3.441,791,167
As,2.5,clean,kept,GaAs-As-Ga1000As889Cl333-clean,Ga1000As889Cl333,4.793,2222,0
As,2.5,reconstructed,kept,GaAs-As-Ga976As853Cl369-reconstructed,Ga976As853Cl369,4.713,2198,0
As,2.75,clean,kept,GaAs-As-Ga1060As929Cl393-clean,Ga1060As929Cl393,4.982,2382,0
As,2.75,reconstructed,kept,GaAs-As-Ga1052As901Cl453-reconstructed,Ga1052As901Cl453,4.919,2406,0
As,3.0,clean,kept,GaAs-As-Ga1460As1374Cl258-clean,Ga1460As1374Cl258,5.595,3092,0
As,3.0,reconstructed,rejected: charge +395,,Ga1380As1037Cl634,5.411,3051,395
