MO_Energy_eV,Cl-Hg,Cl-Se,Hg-Se
-8.72326733383127,0.03481735169336214,-0.010777815788231976,0.026744504363072647
-8.723048627889499,0.03480556329744398,-0.01077854059253575,0.026735454025720598
-8.72283389231991,0.0348218884094194,-0.010779638709800149,0.0267463575582881
-8.593456755678742,0.022125163171825654,0.004915367498697706,0.0022692511464362645
-8.59335607065103,0.022115200750478396,0.004917553482989286,0.002260092305144505
-8.593141578762022,0.02212413529128831,0.004918025704143808,0.002253983569771587
-8.481725490976872,0.0005884493024087021,0.0064353048218231635,-0.010708526221478507
-8.328999434672454,0.00040845920347940207,-0.00017139804937513664,0.03846839810385815
-8.311012951195814,0.026919879232268944,-0.0028566345712109456,-0.021964780014249074
-8.310883594081867,0.026900961467817768,-0.0028517890330005406,-0.021924940477086652
-8.310835929430572,0.026879960700185883,-0.002849440842758789,-0.021945409118688558
-7.989992246689521,0.0008954119245344408,-0.001179522946427453,0.006782519046339154
-7.9898367214672446,0.0008684052902665886,-0.0011748481399422013,0.006766035578841249
-7.989807053504791,0.0008396712640910659,-0.0011726018081674036,0.006813216186630298
-7.90150205498596,-0.015025471077735119,0.006465889759977569,-0.01796528656229238
-7.901448886426432,-0.015033294639788844,0.006465905677432533,-0.01799188802125761
-7.900876085732201,-0.014995672978591553,0.006468385497852577,-0.017956016406123758
-7.836764018233535,-0.01195056433323674,0.0016621360031266765,0.0015848814272501103
-7.836712303756629,-0.011937645330329793,0.001662392492209674,0.001587487776021782
-7.8363259340899285,-0.011938560308544642,0.0016625416104983546,0.0015707704958249932
-7.816922788588122,-0.04819172574267442,0.005622535630706817,-0.03255882729570934
-7.8164002915697735,-0.048126821371316075,0.005609818153015391,-0.03256854864549791
-7.790138893189801,-0.04217185576148291,0.008390608357845263,-0.007214686885135433
-7.790039892326906,-0.04217584278669404,0.008397042941590422,-0.007193313459823153
-7.789764812847805,-0.04220043656893751,0.008384164044461679,-0.007271689751271323
-7.710481709515098,-0.014614923819622604,0.004634929286221015,0.01631696306590995
-7.709798225110813,-0.014653238410738106,0.004641098968804727,0.016311852494527233
-7.556268339125187,-0.06180161189919466,0.011785124849263879,0.002598770307590997
-7.555885810729228,-0.061816987520605216,0.011791593921175639,0.0025826275839339534
-7.55566266963196,-0.061820869352552016,0.011792694362458576,0.002598667632193422
-7.453837683971587,-0.02656402360830636,0.005388389735118474,-0.01915532501959437
-7.453682307609071,-0.026560462599700786,0.005389342028551924,-0.019142099302348715
-7.45329510098591,-0.026576547806753004,0.005392874614770062,-0.019116221172826416
-7.425101211596707,-0.011183995794196575,0.002175417850454986,-0.0015452984246902646
-7.424614243815664,-0.011214179496169575,0.0021840460291268817,-0.001545303232573056
-7.347433458298246,-0.00552963768886137,0.0021870387888243705,0.01752094597459631
-7.347114734786649,-0.005544205624746235,0.002189601789676818,0.017506959678762857
-7.346997893633696,-0.005534133681873077,0.002190915702129841,0.017521039142373445
-7.185919924062846,-0.007092813371851936,0.0011856316092442162,-0.006084527582121316
-7.185763038951217,-0.0070901467390593696,0.001184738151979536,-0.006106282002876035
-7.185446465605555,-0.007068907932262738,0.0011799887931120275,-0.006044688451443632
-4.632095036203171,-0.06120442798776887,0.0044025585907462115,-0.872569577151104
-3.9367705089391993,-0.22408927771892923,0.0047602244718223125,-0.5118250991492955
-3.8579990522882004,-0.13023046307361738,0.00649817741973822,-0.7916619161022761
-3.857847038912778,-0.13113405695418884,0.006519417814295015,-0.7922452904492737
-3.857286640969244,-0.13132458006727527,0.006527940124494144,-0.7924460135064496
-3.709343697226198,-0.13290585190608517,0.0049946309572249025,-0.6685561779863465
-3.709186992294666,-0.13222276391294,0.0049761323871324314,-0.6679772494043896
-3.7091268110414704,-0.13214712289599323,0.004975657647674177,-0.668104701919546
-3.3139071686391453,-0.22782191489955977,1.9929473854318114e-05,-0.4008244258556486
-3.313738398001623,-0.2277473688956921,1.9229671698841417e-05,-0.40078043419766557
-3.2816720064197167,-0.1592599092385983,-0.000904350477222872,-0.2978624660496035
-3.2814231983381714,-0.1591129685340979,-0.0009065183382319297,-0.2978819345456842
-3.281195214963745,-0.15913172951895566,-0.0009083680443889465,-0.2981316312241324
-3.073649530550651,-0.15446448743388036,0.0005134867312209284,-0.47207457873616143
-3.0735298709366323,-0.15448342433235637,0.0005138056704616997,-0.47209185860059466
-3.0733847444063493,-0.15446292575841072,0.0005130713048432452,-0.4720998475752148
-2.402676985494002,-0.07537895904422959,-0.00492071609748717,-0.18885334519818078
-2.167765491758756,-0.03327650727019636,0.0014045402853628227,-0.10443116684413273
-2.1675519737039357,-0.033328575309441354,0.0014062648205889377,-0.10448447943264633
-1.929881746434496,-0.06310741586050811,0.0010021031387033707,-0.18701097566298377
-1.9291583748428232,-0.06325294030118549,0.001007378729410765,-0.18739391301614441
-1.9283955463561122,-0.06328921913954919,0.0010064373202646158,-0.18726073896247963
-1.0272931508759708,-0.3075359425081644,-0.022618332019052334,-0.21827330960450148
-0.7870311935670062,-0.15177590374925107,-0.015993463894951567,-0.2568322365861898
-0.7867133529522741,-0.1516076232836297,-0.01598042665967114,-0.2569589445691331
-0.7866265171958009,-0.15170512626189545,-0.01598541679195962,-0.25686942169254545
-0.6151253392681248,-0.07673629346948874,-0.007882481222625368,-0.06413083015836324
-0.614614712661212,-0.07617062923416928,-0.007817788307313236,-0.06419710087609871
-0.6142013414139224,-0.0760705055452058,-0.007802812485654122,-0.06423491865107459
-0.18695046086234512,-0.010347925200773142,-0.001654608444203783,-0.05650420462024518
-0.18637628750997026,-0.01035962444814284,-0.0016596980818524433,-0.05648550322163895
-0.1861928074037993,-0.010363733441582947,-0.0016613349204333498,-0.056439789333782034
0.507474947727294,-0.014560695927232184,0.003082993875800324,-0.548597527700184
0.5090977988829272,-0.014539063999632331,0.003074656343813629,-0.5487459582288962
0.510147888179082,-0.014679615924480907,0.0030868566119796074,-0.5493876994720793
0.7871007692400943,-0.018040785775356408,0.0005526447596372001,-1.3186925774876166
0.7876249879647232,-0.018044331728325976,0.0005433290674542355,-1.3195314960945463
0.7882693973321588,-0.018057287063113926,0.0005386879956572363,-1.3201872724336035
0.814598718538646,-0.2858239666581745,-0.004427173357373533,-0.5388001203749649
0.8148822259659829,-0.28554339508763343,-0.004428144812986967,-0.5394227708668375
