Energy_eV,Cl,S,Zn
-8.995000000000001,0.29995916455866584,0.6484301043388377,0.7801357903802171
-8.985,0.40364801470793266,0.8724563847401905,1.0497055810895113
-8.975000000000001,0.5348822750241352,1.1559134910710296,1.3908138857934798
-8.965,0.6979890015205192,1.5080835394129486,1.8146499900265523
-8.955000000000002,0.8970129602660601,1.9376050466960597,2.33163887623982
-8.945,1.1353738032017915,2.451720961291943,2.9505399999897035
-8.935000000000002,1.4154871493662249,3.0554471086441737,3.677451101139527
-8.925,1.7383806143362048,3.750728879445151,4.5147986709015715
-8.915000000000003,2.1033445854693267,4.535673474625719,5.460420072289391
-8.905000000000001,2.5076628270049395,5.403957135695537,6.50685679715672
-8.895000000000003,2.946468080883145,6.344507731479753,7.640979370538565
-8.885000000000002,3.412761461866402,7.341550068201349,8.844048652286805
-8.875000000000004,3.8976212378145725,8.375073365415723,10.092284577783744
-8.865000000000002,4.390607268007451,9.421738906531008,11.35796343651031
-8.855000000000004,4.88034389001422,10.456194941031521,12.611003451062844
-8.845000000000002,5.355239421602049,11.452711822537974,13.820933325440265
-8.835000000000004,5.804278391726329,12.38700097305104,14.959079042109128
-8.825000000000003,6.217806943579502,13.23804471370783,16.00076029577315
-8.815000000000005,6.588225764549788,13.989747246719768,16.927267902941324
-8.805000000000003,6.910510308371495,14.632224443467138,17.72740250460757
-8.795000000000005,7.182495113778245,15.162582246515775,18.398393643563814
-8.785000000000004,7.404885844866892,15.585086994561074,18.946082691572435
-8.775000000000006,7.580995647581511,15.910698679174033,19.384334515717555
-8.765000000000004,7.716236678307925,16.15601032268092,19.733729537815382
-8.755000000000006,7.817427980609226,16.341702760674323,20.019667300036758
-8.745000000000005,7.892002612026495,16.490674650211528,20.2700735004387
-8.735000000000007,7.947206855216912,16.626035883638682,20.5129368463091
-8.725000000000005,7.989381333466244,16.76915616108025,20.773906957338163
-8.715000000000007,8.023398962809324,16.93794098407885,21.07416206871231
-8.705000000000005,8.052310934796617,17.145470221633722,21.428711970787703
-8.695000000000007,8.077223639678392,17.39908744966926,21.845246722020853
-8.685000000000006,8.097401287275105,17.69997977765086,22.32358494445733
-8.675000000000008,8.110565076333124,18.04324486148307,22.855725067470694
-8.665000000000006,8.113342899969185,18.418408610035254,23.426463590771423
-8.655000000000008,8.10181482942836,18.81033481173437,24.014517258481757
-8.645000000000007,8.07209836043867,19.200454649362513,24.59406846750462
-8.635000000000009,8.020921711735202,19.568236035361906,25.13664065703093
-8.625000000000007,7.946140794716516,19.892805708264564,25.61319800454759
-8.615000000000009,7.8471634326196495,20.154628099053724,25.99634832773156
-8.605000000000008,7.7252513903713735,20.337133488099912,26.262509544266646
-8.59500000000001,7.583676327561783,20.428176125745022,26.393881736835844
-8.585000000000008,7.427710607931771,20.421195372359424,26.380055017367503
-8.57500000000001,7.264439503472603,20.315955313702176,26.219085462781088
-8.565000000000008,7.102389458492876,20.118756033811604,25.917894028054505
-8.55500000000001,6.950979020871439,19.842045881366573,25.49189015881229
-8.545000000000009,6.819815074638641,19.5034182006343,24.963791854393744
-8.53500000000001,6.717876043964445,19.124043534693225,24.36170097663559
-8.52500000000001,6.652643376650072,18.726660881516587,23.716585786821202
-8.515000000000011,6.629259482797948,18.333318297278502,23.059408138245843
-8.50500000000001,6.64980070555326,17.963102491114448,22.418196009386094
-8.495000000000012,6.712754600016872,17.63011912507591,21.815390868420057
-8.48500000000001,6.81277977544964,17.341974014694376,21.265786093407748
-8.475000000000012,6.940803581178049,17.098959046956324,20.77531603633407
-8.46500000000001,7.084479790009469,16.894069690865404,20.340860890587084
-8.455000000000013,7.228988862175498,16.713882865464697,19.951112064170978
-8.445000000000011,7.358122471982014,16.54021774367667,19.588412428420206
-8.435000000000013,7.455557482056472,16.352402531886362,19.23136358179993
-8.425000000000011,7.5061978739091355,16.129891376856293,18.857895083671796
-8.415000000000013,7.497450475253329,15.854928376766347,18.448431744967227
-8.405000000000012,7.420303894526892,15.514946646317744,17.988782148063528
-8.395000000000014,7.27009975339256,15.104420427083689,17.472405631541633
-8.385000000000012,7.046918609776496,14.62595279041751,16.901790554804617
-8.375000000000014,6.755545434325102,14.090471438302327,16.28878294183623
-8.365000000000013,6.405025446975456,13.51650837085418,15.653827317028107
-8.355000000000015,6.007864512013762,12.928642598502307,15.024205198335123
-8.345000000000013,5.578963706262094,12.355276320220753,14.431466800259871
-8.335000000000015,5.134401082732727,11.825984180572437,13.908336299306786
-8.325000000000014,4.690182919057275,11.368715921348674,13.485422735219931
-8.315000000000015,4.261081798453251,11.00714235186452,13.188083819554876
-8.305000000000014,3.859661533737497,10.758414083880236,13.0337692687735
-8.295000000000016,3.4955624418853386,10.631555881970314,13.030117851014433
-8.285000000000014,3.1750888249442926,10.626652816989571,13.174004690918936
-8.275000000000016,2.9011078525871428,10.734904907188941,13.451640615954904
-8.265000000000015,2.673239055414953,10.93954222598408,13.839722306379091
-8.255000000000017,2.4882891433856047,11.217510022424406,14.30752974735559
-8.245000000000015,2.34086960816323,11.541760160509966,14.819774713683538
-8.235000000000017,2.2241252231705557,11.88392721522721,15.339928810450187
-8.225000000000016,2.1304998589911497,12.217129831170208,15.833708894745843
-8.215000000000018,2.0524710203324927,12.518623987379804,16.27237679429264
-8.205000000000016,1.9831947729184587,12.7720463576844,16.635522102220627
-8.195000000000018,1.917016640185679,12.969022602927613,16.91304155564976
-8.185000000000016,1.8498199593755076,13.109974402981548,17.10610290192542
-8.175000000000018,1.7791995502803468,13.204035197211276,17.226978696373507
-8.165000000000017,1.7044640196674037,13.26807079188214,17.29774674408365
-8.155000000000019,1.6264835073563249,13.324888693755652,17.347967509249024
-8.145000000000017,1.5474103757646764,13.400800298784098,17.411552717361495
-8.13500000000002,1.4703077662532662,13.522764600286386,17.523122345112924
-8.125000000000018,1.398724919476682,13.715384233497186,17.714200269333
-8.11500000000002,1.3362588002218252,13.998040244324038,18.009616459737966
-8.105000000000018,1.2861392374884926,14.382439660985257,18.42446421340206
-8.09500000000002,1.250870014340973,14.870811409492983,18.96190710862066
-8.085000000000019,1.2319517327629126,15.454925625090903,19.61204830182287
-8.07500000000002,1.2297044604203338,16.11603526620999,20.351973441378362
-8.065000000000019,1.2431997183336914,16.82575467851571,21.146968362062324
-8.055000000000021,1.2703028014034814,17.547805373145643,21.95280478509784
-8.04500000000002,1.3078181850459973,18.240482469284977,22.718891702583356
-8.035000000000021,1.3517232718551768,18.859632780828605,23.392015573754588
-8.02500000000002,1.3974693755679186,19.361892758618268,23.92034521779978
-8.015000000000022,1.44032403379151,19.70791499851396,24.25736095023438
-8.00500000000002,1.4757258808268843,19.865317288681606,24.36538274653643
-7.995000000000021,1.4996227274413296,19.811117459616508,24.21841676255019
-7.985000000000022,1.5087653748629728,19.53346761533775,23.80410839164134
-7.975000000000022,1.500934004658717,19.03256755121352,23.124675864674057
-7.965000000000022,1.475080426021296,18.32071246871754,22.196792198833805
-7.955000000000022,1.431377429347719,17.42150656946923,21.050475284586724
-7.9450000000000225,1.3711751496030602,16.36834363817517,19.727126553788192
-7.935000000000023,1.2968727075563309,15.20231100780499,18.276919903823394
-7.925000000000023,1.2117205036477974,13.969708863063754,16.755778753714083
-7.915000000000023,1.1195735880313342,12.719389846487536,15.222187952973515
-7.905000000000023,1.0246190256655994,11.500114659864035,13.734070078744228
-7.8950000000000236,0.9311000095375389,10.35809116576083,12.345917240546912
-7.885000000000024,0.8430569392610683,9.334823300048537,11.106317389707554
-7.875000000000024,0.7641014008987959,8.465349361217461,10.055957324322279
-7.865000000000024,0.6972337869886936,7.776904645677821,9.22613209130728
-7.855000000000024,0.6447100561584623,7.288007532272684,8.637749750627938
-7.845000000000025,0.6079586014558382,7.007945284114875,8.300796073944394
-7.835000000000025,0.587544877286224,6.936627316554757,8.214216682779004
-7.825000000000025,0.5831795073578798,7.064777599882842,8.366181681453591
-7.815000000000025,0.5937649207112925,7.374449668545616,8.734714244468945
-7.8050000000000255,0.617475747943858,7.839861188335077,9.288682308074758
-7.795000000000026,0.6518687286211216,8.428553706868593,9.989163746846218
-7.785000000000026,0.694018211594435,9.102881772325025,10.791193960204293
-7.775000000000026,0.740673084725162,9.821821142655798,11.645887353795022
-7.765000000000026,0.7884299879640022,10.543058558309289,12.50289124841149
-7.7550000000000265,0.8339160447538656,11.22528899166744,13.313086599956044
-7.745000000000027,0.8739724279233512,11.830606543834968,14.031402000131132
-7.735000000000027,0.9058283484422591,12.326839851136949,14.619564901684218
-7.725000000000027,0.9272540465467074,12.689659589180762,15.048585953991623
-7.715000000000027,0.9366815136703891,12.904280463389613,15.300765927595783
-7.705000000000028,0.933283222979943,12.966596183193436,15.37103375932688
-7.695000000000028,0.9170020777793915,12.883623052638967,15.267468377753858
-7.685000000000028,0.8885298127253842,12.673182175731146,15.01092159771152
-7.675000000000028,0.8492356939827226,12.362815239139994,14.633736561555956
-7.6650000000000285,0.801051926475959,11.987996149607433,14.17763609948857
-7.655000000000029,0.7463260484638967,11.589762083921833,13.690927980347293
-7.645000000000029,0.687653247884347,11.211935662531268,13.225230879867178
-7.635000000000029,0.6277026496982283,10.898140263717703,12.831960400194612
-7.625000000000029,0.5690511330585164,10.68882114289344,12.558826508556491
-7.6150000000000295,0.5140363292930838,10.618477034032757,12.4465835928551
-7.60500000000003,0.464637516928603,10.7132835343236,12.526245890700407
-7.59500000000003,0.42238967591880466,10.989255325421306,12.816939794176037
-7.58500000000003,0.3883325139879985,11.451053905265713,13.324516195645025
-7.57500000000003,0.3629932800594345,12.09150506518475,14.04099555010412
-7.565000000000031,0.34639993274342384,12.89184869866159,14.944869145223436
-7.555000000000031,0.33811985568861624,13.82270416805398,16.002234006858156
-7.545000000000031,0.3373187526827399,14.845697787403044,17.168696396061137
-7.535000000000031,0.3428344266842448,15.915664842554033,18.391939722219888
-7.525000000000031,0.35326058964486834,16.983306861779,19.614816673856197
-7.515000000000032,0.3670364016488239,17.998156060627757,20.77879288361705
-7.505000000000032,0.3825378923891059,18.911674395734842,21.827541960392516
-7.495000000000032,0.39816766513956814,19.680296738364063,22.710471744974072
-7.485000000000032,0.4124393222860121,20.26821915122433,23.385952371436595
-7.4750000000000325,0.4240529772883136,20.649736973983288,23.824021401694544
-7.465000000000033,0.43195818721282175,20.810955615016454,24.00836250747071
-7.455000000000033,0.43540082407000347,20.75073058413443,23.937393050090826
-7.445000000000033,0.43395094074990836,20.480741664837385,23.6243516604346
-7.435000000000033,0.42750964616724685,20.02466661581923,23.096346587221642
-7.425000000000034,0.4162943603235219,19.41648804117406,22.392404152431542
-7.415000000000034,0.40080345738042733,18.698037330963167,21.56063752076511
-7.405000000000034,0.3817630350938507,17.915945333569336,20.65473165275753
-7.395000000000034,0.360060145571233,17.1182241239909,19.730003214640423
-7.385000000000034,0.336668062128213,16.35074202854088,18.83933762176424
-7.375000000000035,0.312569860148056,15.653870478264846,18.029324141737085
-7.365000000000035,0.28868665042622227,15.059573700707276,17.336901108042547
-7.355000000000035,0.26581620604324224,14.589180346293046,16.78678638391051
-7.345000000000035,0.2445865433466063,14.2520218390559,16.38990555265679
-7.3350000000000355,0.22542740475825315,14.045049747547942,16.142946767029095
-7.325000000000036,0.20856074638619274,13.953459961816733,16.029073895177742
-7.315000000000036,0.19400947613045527,13.952262601221848,16.019727389901192
-7.305000000000036,0.18162202541721983,14.008651873763025,16.07734496925436
-7.295000000000036,0.17110903926733462,14.084958106228498,16.158751543759458
-7.285000000000037,0.16208764884735913,14.141912536062879,16.21890864864205
-7.275000000000037,0.15412849759478606,14.141930058907533,16.21468463513723
-7.265000000000037,0.1468009124742412,14.052119168378075,16.108311689038963
-7.255000000000037,0.13971227627059335,13.846761766722198,15.870234294291926
-7.245000000000037,0.13253865310247873,13.509064859703427,15.481121988588153
-7.235000000000038,0.1250449097894599,13.03206466049192,14.93290943872262
-7.225000000000038,0.11709381439012903,12.418652146333635,14.22882846602533
-7.215000000000038,0.10864474291021117,11.680777195656598,13.382497698486244
-7.205000000000038,0.09974357187943736,10.837965801605947,12.41622423486605
-7.1950000000000385,0.0905059983899054,9.915342848415673,11.35873815876497
-7.185000000000039,0.08109687084514411,8.941385724942698,10.242618276493515
-7.175000000000039,0.07170813506881067,7.945639410568987,9.10167353848904
-7.165000000000039,0.06253774080551608,6.956603147003501,7.968521024975613
-7.155000000000039,0.05377138091517069,5.999957275238021,6.872553725212955
-7.1450000000000395,0.045568334605740946,5.097243510406337,5.838427920619255
-7.13500000000004,0.03805204583227111,4.265051189689314,4.885130356659142
-7.12500000000004,0.031305469388650434,3.514703963955693,4.02561884265001
-7.11500000000004,0.02537072337942142,2.8523927159819773,3.2669741305540754
-7.10500000000004,0.02025223721760736,2.2796656757394516,2.610961043737427
-7.095000000000041,0.015922393345832734,1.7941677151472604,2.0548750826149975
-7.085000000000041,0.012328619904564568,1.3905171515154091,1.592546561070327
-7.075000000000041,0.009400974387169862,1.0612176259082438,1.215384921286561
-7.065000000000041,0.007059428190581165,0.7975210601775741,0.9133670058901375
-7.0550000000000415,0.005220278874400318,0.5901811761539392,0.6758999702276011
-7.045000000000042,0.0038013438712044714,0.4300616526344461,0.49251769211905866
-7.035000000000042,0.0027257968350582725,0.3085855142711142,0.35339533225335545
-7.025000000000042,0.001924676099987501,0.21803063386091637,0.24968764508125024
-7.015000000000042,0.0013382143078402734,0.1516892159540741,0.17371151306646793
-7.0050000000000425,0.0009162084501306085,0.10391670915003558,0.11900185602916469
-6.995000000000043,0.0006176761853518096,0.07009838509997181,0.08027326090136833
-6.985000000000043,0.00041003706575951326,0.046560880348613644,0.05331859592015765
-6.975000000000043,0.00026802736786854514,0.030452544474646983,0.034871916808233865
-6.965000000000043,0.00017251514754551146,0.019611643298364675,0.02245747962994682
-6.955000000000044,0.00010933667733931438,0.012436300273474024,0.014240757940260133
-6.945000000000044,6.823287364359671e-05,0.007765225763369727,0.008891825845785892
-6.935000000000044,4.1928498285331456e-05,0.0047742102101304305,0.005466803127038386
-6.925000000000044,2.5369481136870736e-05,0.002890230398686947,0.003309477827125249
-6.9150000000000444,1.511469273659367e-05,0.001722843389717126,0.0019727316142562233
-6.905000000000045,8.866891460289352e-06,0.0010112079926853804,0.0011578651087609908
-6.895000000000045,5.121848107655265e-06,0.0005844071253726674,0.0006691574578548799
-6.885000000000045,2.913158785676177e-06,0.00033255983616367206,0.00038078342944655914
-6.875000000000045,1.6314836423913647e-06,0.00018633839862442736,0.00021335660955315472
-6.8650000000000455,8.996660992704562e-07,0.00010280451181836688,0.0001177094937952795
-6.855000000000046,4.884937676083121e-07,5.584679358093031e-05,6.394302964666163e-05
-6.845000000000046,2.6116484844780784e-07,2.9871674542637867e-05,3.4201902012856355e-05
-6.835000000000046,1.374825051485291e-07,1.573240672047245e-05,1.8012817622295114e-05
-6.825000000000046,7.126169943679504e-08,8.158382346660257e-06,9.340850281780872e-06
-6.815000000000047,3.636971936719164e-08,4.1656738861972445e-06,4.7693980087278105e-06
-6.805000000000047,1.827670002105374e-08,2.0942949399827886e-06,2.397795579654457e-06
-6.795000000000047,9.04333683116971e-09,1.0367184563532633e-06,1.186946724581624e-06
-6.785000000000047,4.405870818027949e-09,5.053046395416868e-07,5.785219431958572e-07
-6.775000000000047,2.1135181852140082e-09,2.4250141528137794e-07,2.776368137361609e-07
-6.765000000000048,9.982755937593893e-10,1.1458898767705513e-07,1.3119036755273533e-07
-6.755000000000048,4.642631562324001e-10,5.33136220285617e-08,6.103706110265666e-08
-6.745000000000048,2.1259172885679753e-10,2.4423015963970433e-08,2.7960899949884094e-08
-6.735000000000048,9.585085081787222e-11,1.1016034952624374e-08,1.2611700530811521e-08
-6.7250000000000485,4.2551232243155116e-11,4.892325496187678e-09,5.60093129955468e-09
-6.715000000000049,1.8599187722203675e-11,2.139284476166368e-09,2.4491199901566507e-09
-6.705000000000049,8.004617772249292e-12,9.210517558592989e-10,1.0544408996805753e-09
-6.695000000000049,3.3919632040351682e-12,3.904460041252738e-10,4.469880759539706e-10
-6.685000000000049,1.4152224771348731e-12,1.6296657865070595e-10,1.8656505986106946e-10
-6.67500000000005,5.813805582737731e-13,6.697240701149949e-11,7.666983713959025e-11
-6.66500000000005,2.3515686130384653e-13,2.709893673386215e-11,3.1022572802081004e-11
-6.65500000000005,9.365163019746412e-14,1.0796097002986603e-11,1.2359170586027502e-11
-6.64500000000005,3.6722543091401984e-14,4.234856529385493e-12,4.847951819520674e-12
-6.63500000000005,1.4177807451971873e-14,1.635562885000506e-12,1.8723366637441986e-12
-6.625000000000051,5.389438545374441e-15,6.219445268551905e-13,7.119762431040299e-13
-6.615000000000051,2.0171366473576647e-15,2.3285799925616847e-13,2.6656444758571927e-13
-6.605000000000051,7.433334777334321e-16,8.583907755825292e-14,9.82637586722079e-14
-6.595000000000051,2.697043101587927e-16,3.1155345014287945e-14,3.5664670349330456e-14
-6.5850000000000515,9.634898825860597e-17,1.1133533403247565e-14,1.2744888386907353e-14
-6.575000000000052,3.38891577518326e-17,3.917289732652042e-15,4.48421199674996e-15
-6.565000000000052,1.1736213937570503e-17,1.3570314363774224e-15,1.5534161731981354e-15
-6.555000000000052,4.00173363019632e-18,4.628550229629254e-16,5.29834722636437e-16
-6.545000000000052,1.3434470617886344e-18,1.5543551137414032e-16,1.7792757142120903e-16
-6.5350000000000525,4.440628847250761e-19,5.1393127839945986e-17,5.882956966775112e-17
-6.525000000000053,1.4451710696174081e-19,1.673049345141856e-17,1.91512460054582e-17
-6.515000000000053,4.6306744176897326e-20,5.3624186455879065e-18,6.138280210460806e-18
-6.505000000000053,1.460894287580025e-20,1.6922336622775877e-18,1.9370644766474237e-18
-6.495000000000053,4.537767644870269e-21,5.257835366157541e-19,6.018503638165284e-19
-6.485000000000054,1.3877588686469217e-21,1.6084222823081524e-19,1.8411088479703659e-19
-6.475000000000054,4.1786254861722626e-22,4.844389324378048e-20,5.545188382088103e-20
-6.465000000000054,1.238796483259324e-22,1.436558387908967e-20,1.6443659371158094e-20
-6.455000000000054,3.6158713093177024e-23,4.1942300780863175e-21,4.8009303292186504e-21
-6.4450000000000545,1.0391347617347889e-23,1.2056614956063393e-21,1.3800554855566842e-21
-6.435000000000055,2.940194892771805e-24,3.412260388923288e-22,3.9058122471303176e-22
-6.425000000000055,8.190777787085697e-25,9.508281709201976e-23,1.0883518463003412e-22
-6.415000000000055,2.246561960239857e-25,2.6085820357319123e-23,2.985863115088777e-23
-6.405000000000055,6.066739589082669e-26,7.046103718982617e-24,8.065152425610221e-24
-6.3950000000000555,1.613004115273728e-26,1.873851364310542e-24,2.1448497565124198e-24
-6.385000000000056,4.2223890902735584e-27,4.906393008751581e-25,5.61593785102956e-25
-6.375000000000056,1.0882362135115207e-27,1.2648241039780814e-25,1.4477325907932242e-25
-6.365000000000056,2.7614027268391086e-28,3.2102442125470163e-26,3.674468937263971e-26
-6.355000000000056,6.898862534789807e-29,8.02205597227826e-27,9.182068323762898e-27
-6.345000000000057,1.696937800527736e-29,1.9736608730889407e-27,2.2590493537098634e-27
-6.335000000000057,4.109552953299815e-30,4.780773422894546e-28,5.472045951530285e-28
-6.325000000000057,9.798576894139695e-31,1.1401504045074604e-28,1.305004884108493e-28
-6.315000000000057,2.300227275786587e-31,2.677096713008602e-29,3.064167481203581e-29
-6.3050000000000574,5.316396628329626e-32,6.1887578823220716e-30,7.083540921859713e-30
-6.295000000000058,1.2097689963694143e-32,1.408575190169017e-30,1.6122242686286347e-30
-6.285000000000058,2.7103511263017288e-33,3.156409123420013e-31,3.612744448446373e-31
-6.275000000000058,5.978418084332228e-34,6.963745152191413e-32,7.970496613362175e-32
-6.265000000000058,1.2983274019706255e-34,1.5126149585131223e-32,1.7312886831714113e-32
-6.2550000000000585,2.7759969384347153e-35,3.2348152515147256e-33,3.7024499326195264e-33
-6.245000000000059,5.843730438208389e-36,6.810919968382108e-34,7.795502730921016e-34
-6.235000000000059,1.2111485645620091e-36,1.4118771782242584e-34,1.6159723768015813e-34
-6.225000000000059,2.471384647522428e-37,2.881526083048703e-35,3.298057761743054e-35
-6.215000000000059,4.964992395860647e-38,5.790050404554203e-36,6.626996768554264e-36
-6.20500000000006,9.820459121726688e-39,1.1454495089436988e-36,1.3110193450198542e-36
-6.19500000000006,1.9124038491592196e-39,2.2310178445737314e-37,2.5534946471728617e-37
-6.18500000000006,3.666584488752922e-40,4.2782218659111343e-38,4.896592819738808e-38
-6.17500000000006,6.921141379417121e-41,8.077117714841622e-39,9.244552709046589e-39
-6.16500000000006,1.2862558208761462e-41,1.50135039567054e-39,1.7183450540397952e-39
-6.155000000000061,2.3534787057806944e-42,2.7475142405071652e-40,3.1446123169204355e-40
-6.145000000000061,4.239612525384867e-43,4.950280224020661e-41,5.66572913628418e-41
-6.135000000000061,7.519253480226113e-44,8.781147427953909e-42,1.005023409924199e-41
-6.125000000000061,1.3129725562830434e-44,1.5335718278972955e-42,1.7552053567284246e-42
-6.1150000000000615,2.25719271817924e-45,2.636866030601118e-43,3.0179414018168466e-43
-6.105000000000062,3.820440253028709e-46,4.4637804630355615e-44,5.108865944017672e-44
-6.095000000000062,6.3663378253467195e-47,7.43957522993299e-45,8.51468881347963e-45
-6.085000000000062,1.0444728794928056e-47,1.2207415935090913e-45,1.397151050011193e-45
-6.075000000000062,1.6870797096427867e-48,1.972102022369019e-46,2.257085411552821e-46
-6.065000000000063,2.682901435556519e-49,3.136640874609268e-47,3.589900619931775e-47
-6.055000000000063,4.20053157625017e-50,4.9116764888795096e-48,5.621424891020131e-48
-6.045000000000063,6.474913252939443e-51,7.572233661696888e-49,8.666419583222995e-49
-6.035000000000063,9.826380328243668e-52,1.1493368211448642e-49,1.3154128719787711e-49
-6.025000000000063,1.468192000819339e-52,1.717510747788095e-50,1.9656822155028037e-50
-6.015000000000064,2.159740470739971e-53,2.5268543507140042e-51,2.891965767885547e-51
-6.005000000000064,3.1278756026926433e-54,3.660069541366721e-52,4.1889134156379985e-52
-5.995000000000064,4.4599125292109706e-55,5.219472673512971e-53,5.973622824851328e-53
-5.985000000000064,6.260830493429608e-56,7.328108144905093e-54,8.386913748621236e-54
-5.9750000000000645,8.652987271874188e-57,1.0129426396181983e-54,1.1592959305791887e-54
-5.965000000000065,1.1774120631226472e-57,1.3784955644974826e-55,1.5776621141582106e-55
-5.955000000000065,1.5773169894873253e-58,1.8469418791278536e-56,2.113786067989057e-56
-5.945000000000065,2.0803545468993393e-59,2.436285744180784e-57,2.788272516253797e-57
-5.935000000000065,2.7013658290308826e-60,3.163954030633035e-58,3.621065358717205e-58
-5.9250000000000655,3.453479774918201e-61,4.045375712029089e-59,4.6298218352860915e-59
-5.915000000000066,4.346680356077487e-62,5.09230176285562e-60,5.827989724234302e-60
-5.905000000000066,5.386238394563814e-63,6.31096525482935e-61,7.222701670930801e-61
-5.895000000000066,6.571134071239749e-64,7.70022928755302e-62,8.812655613220743e-62
-5.885000000000066,7.892630823890244e-65,9.249911134727067e-63,1.0586196898152777e-62
-5.875000000000067,9.333182803370901e-66,1.0939496328413166e-63,1.2519846684108635e-63
-5.865000000000067,1.0865859826263134e-66,1.2737458670667526e-64,1.4577523813673974e-64
-5.855000000000067,1.245445109936137e-67,1.4601375774769362e-65,1.671067714081166e-65
-5.845000000000067,1.405436023108702e-68,1.6478972714122284e-66,1.8859480031950451e-66
-5.8350000000000675,1.5614331537101494e-69,1.831014141833499e-67,2.09551415509163e-67
-5.825000000000068,1.7078958086061335e-70,2.002987842650106e-68,2.292326863626607e-68
-5.815000000000068,1.8391825889189524e-71,2.157197087134871e-69,2.4688084559729585e-69
-5.805000000000068,1.9499059266089293e-72,2.287315555059733e-70,2.617718877028266e-70
-5.795000000000068,2.0352963462921972e-73,2.387739478240385e-71,2.7326450349709897e-71
-5.7850000000000685,2.0915424041842117e-74,2.453986953232646e-72,2.808457785954885e-72
-5.775000000000069,2.11607263528475e-75,2.4830294412949268e-73,2.841691307242913e-73
-5.765000000000069,2.1077504739282035e-76,2.4735213224885033e-74,2.8308057962912492e-74
-5.755000000000069,2.0669615694192295e-77,2.42590327070079e-75,2.776305763550973e-75
-5.745000000000069,1.9955841538838978e-78,2.3423683884580337e-76,2.6807012616484115e-76
-5.73500000000007,1.8968456336101016e-79,2.2266947263680796e-77,2.548316200858068e-77
-5.72500000000007,1.7750806551649658e-80,2.0839620017145606e-78,2.3849641398530003e-78
-5.71500000000007,1.6354159028318657e-81,1.9201820965128356e-79,2.197525405615963e-79
-5.70500000000007,1.4834135170274876e-82,1.7418807307206415e-80,1.9934683401736867e-80
-5.6950000000000705,1.3247075343255989e-83,1.5556706861458523e-81,1.7803608815754613e-81
-5.685000000000071,1.1646660356690044e-84,1.3678549752022666e-82,1.5654164184870426e-82
-5.675000000000071,1.0081062749425767e-85,1.1840920175679125e-83,1.355110611843014e-83
-5.665000000000071,8.59081969080503e-87,1.0091454057750056e-84,1.1548950251659987e-84
-5.655000000000071,7.207524806380507e-88,8.467297529267888e-86,9.690207157337142e-86
-5.6450000000000715,5.95334187847589e-89,6.994530349735489e-87,8.004722575884216e-87
-5.635000000000072,4.841261232895603e-90,5.688461858974159e-88,6.510016190634357e-88
-5.625000000000072,3.8759584488616953e-91,4.554635061091809e-89,5.212430800388181e-89
-5.615000000000072,3.0550793422837298e-92,3.5903323642730446e-90,4.108855587029454e-90
-5.605000000000072,2.3707652223297057e-93,2.7863646439975956e-91,3.188773610067516e-91
-5.595000000000073,1.811244852591424e-94,2.1289397477446767e-92,2.4364001997870435e-92
-5.585000000000073,1.3623485502356691e-95,1.6014405079634984e-93,1.8327177743669019e-93
-5.575000000000073,1.0088385039124977e-96,1.1859876506126779e-94,1.3572644735861468e-94
-5.565000000000073,7.354909023303238e-98,8.647117133726009e-96,9.89589766593107e-96
-5.555000000000073,5.279041752977792e-99,6.207035603836416e-97,7.103422314909048e-97
-5.545000000000074,3.7303958785230535e-100,4.386506261428917e-98,5.0199767251877805e-98
-5.535000000000074,2.5952349511047044e-101,3.051931613061219e-99,3.492667998594526e-99
-5.525000000000074,1.777543649350485e-102,2.0905101244401809e-100,2.39240303962652e-100
-5.515000000000074,1.1986312687866956e-103,1.409779182378655e-101,1.613365376305063e-101
-5.5050000000000745,7.957425329304023e-105,9.359898965853983e-103,1.0711551366821088e-102
-5.495000000000075,5.200930931876244e-106,6.118041073234413e-104,7.001533683882362e-104
-5.485000000000075,3.3466558388409756e-107,3.9370840579584e-105,4.5056252530950494e-105
-5.475000000000075,2.120129455509867e-108,2.4943533209884546e-106,2.854551889254392e-106
-5.465000000000075,1.3223151585375665e-109,1.555830040248961e-107,1.7804989446413923e-107
-5.455000000000076,8.119490050975368e-111,9.554042062749368e-109,1.0933678985164953e-108
-5.445000000000076,4.908441556734878e-112,5.776075699004433e-110,6.610155150209246e-110
-5.435000000000076,2.921322483059333e-113,3.437947596505906e-111,3.934392120314538e-111
-5.425000000000076,1.7117340866543904e-114,2.0145877882160453e-112,2.305495098559181e-112
-5.415000000000076,9.874473172269953e-116,1.1622341443215303e-113,1.330060078451261e-113
-5.405000000000077,5.608055768592302e-117,6.601178448253648e-115,7.554378286420157e-115
-5.395000000000077,3.135677473917503e-118,3.6912176072617694e-116,4.224220071974537e-116
-5.385000000000077,1.7261202236140038e-119,2.032067270101492e-117,2.325490685832686e-117
-5.375000000000077,9.354728955798912e-121,1.1013533930524206e-118,1.2603839344573049e-118
-5.3650000000000775,4.991278598825259e-122,5.8767256217888494e-120,6.725293230198104e-120
-5.355000000000078,2.6218797686309527e-123,3.087195757326786e-121,3.5329673938703e-121
-5.345000000000078,1.355919839093044e-124,1.5966616160230528e-122,1.82720805096409e-122
-5.335000000000078,6.903597534099321e-126,8.129830517189518e-124,9.303712171423392e-124
-5.325000000000078,3.4604856125378855e-127,4.075396983920259e-125,4.6638476716454857e-125
-5.3150000000000786,1.7077279688532554e-128,2.0113057681390084e-126,2.3017184780411076e-126
-5.305000000000079,8.296985347094393e-130,9.772506364305946e-128,1.1183551417222324e-127
-5.295000000000079,3.968641528264729e-131,4.6746967258398375e-129,5.3496687773365296e-129
-5.285000000000079,1.8688879755191927e-132,2.2015090234273766e-130,2.5193795653894696e-130
-5.275000000000079,8.664518747768875e-134,1.0207208431625881e-131,1.168099396927507e-131
-5.26500000000008,3.9548073489609557e-135,4.6592167686806356e-133,5.33194205098326e-133
-5.25500000000008,1.77715727162315e-136,2.093814512671173e-134,2.396130138856553e-134
-5.24500000000008,7.862234097188774e-138,9.263663868075136e-136,1.0601191508032114e-135
-5.23500000000008,3.424408691783929e-139,4.035028459770562e-137,4.617620030119405e-137
-5.2250000000000805,1.468400955034903e-140,1.730332584635466e-138,1.980162722131183e-138
-5.215000000000081,6.199021033246535e-142,7.305192759016352e-140,8.35993076706793e-140
-5.205000000000081,2.5764450407683963e-143,3.036356939459947e-141,3.47474977136009e-141
-5.195000000000081,1.0542361760608137e-144,1.242490162560643e-142,1.4218814357222544e-142
-5.185000000000081,4.246920635876503e-146,5.005552574116369e-144,5.728252717527889e-144
-5.1750000000000815,1.6843390334845663e-147,1.9853175029242676e-145,2.2719555743291244e-145
-5.165000000000082,6.576638333199008e-149,7.752231530133755e-147,8.871485005962606e-147
-5.155000000000082,2.5281184909739725e-150,2.9801783957328117e-148,3.4104491428845686e-148
-5.145000000000082,9.567750758007798e-152,1.1279153251324487e-149,1.2907601366412115e-149
-5.135000000000082,3.564857366488397e-153,4.202709837570869e-151,4.8094822791605315e-151
-5.125000000000083,1.3099490187492655e-154,1.541758387471745e-152,1.7648000213743891e-152
-5.115000000000083,1.1227250143287315e-155,5.72297885265791e-154,7.821158597971629e-154
-5.105000000000083,1.8132719540712108e-154,4.517063195335094e-154,4.059206101296704e-153
-5.095000000000083,4.967030729195591e-153,1.1842780876765993e-152,1.1067492986560033e-151
-5.0850000000000835,1.3407450121058533e-151,3.1965254660332874e-151,2.987418071555366e-150
-5.075000000000084,3.562953827622096e-150,8.494584509971654e-150,7.9388940294054e-149
-5.065000000000084,9.321554608193905e-149,2.2223901068365573e-148,2.0770079491160715e-147
-5.055000000000084,2.400936370888209e-147,5.724170980144294e-147,5.3497127220315125e-146
-5.045000000000084,6.088174641614467e-146,1.4515067133031728e-145,1.356553456772598e-144
-5.0350000000000845,1.5198744061495653e-144,3.6235949751250065e-144,3.386550158120373e-143
-5.025000000000085,3.735445895521758e-143,8.90582993048438e-143,8.323236997047268e-142
-5.015000000000085,9.03839563831688e-142,2.154881014225979e-141,2.0139151007642146e-140
-5.005000000000085,2.1530513802195515e-140,5.133178196160625e-140,4.7973809300439586e-139
-4.995000000000085,5.049304813546275e-139,1.2038254921729556e-138,1.12507480522903e-137
-4.985000000000086,1.165796996968848e-137,2.7794244860890397e-137,2.5976027943144384e-136
-4.975000000000086,2.649893528425453e-136,6.317719961180683e-136,5.904433492255461e-135
-4.965000000000086,5.929909501663099e-135,1.4137740714779772e-134,1.3212891722660195e-133
-4.955000000000086,1.3064170965443447e-133,3.1146826391059314e-133,2.9109293550654316e-132
-4.945000000000086,2.833542908792617e-132,6.755565989241102e-132,6.313636934069274e-131
-4.935000000000087,6.050508574765614e-131,1.4425265916553582e-130,1.348160788001636e-129
-4.925000000000087,1.2719443678734608e-129,3.0324947912908467e-129,2.834117992061445e-128
-4.915000000000087,2.6324401206236985e-128,6.276108575033674e-128,5.8655441993562455e-127
-4.905000000000087,5.363682158616225e-127,1.2787774857902828e-126,1.1951236621180207e-125
-4.8950000000000875,1.0759243006151501e-125,2.5651553006941594e-125,2.3973504624007916e-124
-4.885000000000088,2.1247828251604223e-124,5.065781973386001e-124,4.73439356791852e-123
-4.875000000000088,4.1310602278041154e-123,9.849030303321447e-123,9.204736003889327e-122
-4.865000000000088,7.907198746882819e-122,1.8851877188396938e-121,1.7618643394610917e-120
-4.855000000000088,1.4900400158810327e-120,3.552465580337149e-120,3.3200738370029686e-119
-4.845000000000089,2.7643138991550524e-119,6.590514264940356e-119,6.159382403177766e-118
-4.835000000000089,5.04883213929839e-118,1.2037127999647982e-117,1.1249694850103042e-116
-4.825000000000089,9.078386218254015e-117,2.1644153325832204e-116,2.022825712342478e-115
-4.815000000000089,1.607091213262639e-115,3.83153214593508e-115,3.580884697029945e-114
-4.805000000000089,2.800828694351665e-114,6.677570687403163e-114,6.240743853141318e-113
-4.79500000000009,4.805590012340274e-113,1.1457204457664598e-112,1.0707708183192567e-111
-4.78500000000009,8.117476392490271e-112,1.935320875692741e-111,1.8087179341462712e-110
-4.77500000000009,1.3499245666384202e-110,3.21841058489896e-110,3.007871726836648e-109
-4.76500000000009,2.2101009757656266e-109,5.269192479260098e-109,4.924497562862796e-108
-4.7550000000000905,3.562286790168838e-108,8.492994197798033e-108,7.937407751393659e-107
-4.745000000000091,5.65275018978031e-107,1.3476953819636316e-106,1.2595331542895694e-105
-4.735000000000091,8.830897720379383e-106,2.1054105836598083e-105,1.9676808787812875e-104
-4.725000000000091,1.3582010599345382e-104,3.238142912384786e-104,3.026313224086187e-103
-4.715000000000091,2.0565412454911667e-103,4.903084421414873e-103,4.5823392063974405e-102
-4.7050000000000916,3.065666666502285e-102,7.308981770598181e-102,6.830849899294911e-101
-4.695000000000092,4.49910975845887e-101,1.0726512300834897e-100,1.0024815736261855e-99
-4.685000000000092,6.500434600643989e-100,1.5497953028037455e-99,1.4484122987788325e-98
-4.675000000000092,9.246392975282932e-99,2.2044705133332753e-98,2.060260602178078e-97
-4.665000000000092,1.2948410216554316e-97,3.087083643669588e-97,2.885135803909597e-96
-4.655000000000093,1.785149945826464e-96,4.256049281025195e-96,3.977631182449342e-95
-4.645000000000093,2.4229647787667186e-95,5.776689811815913e-95,5.398795927776847e-94
-4.635000000000093,3.2376779671812715e-94,7.719080975034522e-94,7.214121632245976e-93
-4.625000000000093,4.259261918172455e-93,1.0154681217069074e-92,9.490392142996305e-92
-4.6150000000000935,5.5163167226262326e-92,1.3151677188871242e-91,1.2291333542867472e-90
-4.605000000000094,7.033608453993826e-91,1.6769114703008372e-90,1.5672129042803015e-89
-4.595000000000094,8.82919954086476e-90,2.1050057137092943e-89,1.9673024942200044e-88
-4.585000000000094,1.0911353458433088e-88,2.6014205781619155e-88,2.4312433731664247e-87
-4.575000000000094,1.327547488524789e-87,3.165060474203988e-87,2.9580116218718093e-86
-4.5650000000000945,1.5901410721940732e-86,3.7911206186699314e-86,3.5431167718095066e-85
-4.555000000000095,1.875147320931432e-85,4.470615718150073e-85,4.1781613207679925e-84
-4.545000000000095,2.1769541437182416e-84,5.190165756024128e-84,4.850640533060155e-83
-4.535000000000095,2.488154344701202e-83,5.932110932531547e-83,5.544049860555749e-82
-4.525000000000095,2.7997516005511636e-82,6.675002743849771e-82,6.238343896825428e-81
-4.515000000000096,3.1015289193846075e-81,7.394482440137226e-81,6.910757369068589e-80
-4.505000000000096,3.382566294941239e-80,8.064515186112103e-80,7.53695856357399e-79
-4.495000000000096,3.631875461129989e-79,8.658903405427417e-79,8.092463671602162e-78
-4.485000000000096,3.8391026767663914e-78,9.152962318618511e-78,8.554202718618685e-77
-4.4750000000000965,3.995238000031929e-77,9.525210953463175e-77,8.902099953780791e-76
-4.465000000000097,4.093263781729531e-76,9.758918244378092e-76,9.12051880810501e-75
-4.455000000000097,4.1286774803906486e-75,9.843349497381498e-75,9.199426819395405e-74
-4.445000000000097,4.099834567793563e-74,9.774583925218504e-74,9.13515968665003e-73
-4.435000000000097,4.0080751520976565e-73,9.555816534774418e-73,8.930703408896627e-72
-4.4250000000000975,3.857620739431162e-72,9.197111992137332e-72,8.595464251671497e-71
-4.415000000000098,3.655252211134199e-71,8.714636874921525e-71,8.144551223114831e-70
-4.405000000000098,3.4098032298966806e-70,8.129451881040983e-70,7.59764729285771e-69
-4.395000000000098,3.1315217745135466e-69,7.465989637505074e-69,6.977586778043711e-68
-4.385000000000098,2.831363978916951e-68,6.7503711130614216e-68,6.308781891254477e-67
-4.375000000000099,2.520287689344635e-67,6.00872135883571e-67,5.615648660392665e-66
-4.365000000000099,2.2086082101926815e-66,5.265633515567259e-66,4.921171416000504e-65
-4.355000000000099,1.905466839289341e-65,4.542901726734337e-65,4.245718593443723e-64
-4.345000000000099,1.6184461610384985e-64,3.8586039431420936e-64,3.606185537698224e-63
-4.335000000000099,1.3533473197137186e-63,3.226570911038121e-63,3.0154982286853926e-62
-4.3250000000001,1.1141262998947312e-62,2.6562342556848637e-62,2.4824713027658402e-61
-4.3150000000001,9.029708573428937e-62,2.152809895418453e-61,2.011979468395459e-60
-4.3050000000001,7.20488727762111e-61,1.7177467578831503e-60,1.605376868677013e-59
-4.2950000000001,5.659718040795448e-60,1.349356615932946e-59,1.2610857152683975e-58
-4.2850000000001005,4.3770000315326515e-59,1.0435385487255149e-58,9.752733573843146e-58
-4.275000000000101,3.3325176052933595e-58,7.945192050209648e-58,7.425441192694553e-57
-4.265000000000101,2.4979428834201138e-57,5.955448189591835e-57,5.565860463597799e-56
-4.255000000000101,1.8433453338494418e-56,4.394795295013117e-56,4.107300844438307e-55
-4.245000000000101,1.3391988039211227e-55,3.1928388536233178e-55,2.9839728222434414e-54
-4.235000000000102,9.578501031095814e-55,2.2836497584980674e-54,2.134260176378125e-53
-4.225000000000102,6.744724216501728e-54,1.608037393131452e-53,1.50284436460367e-52
-4.215000000000102,4.675682270354026e-53,1.1147486076207177e-52,1.0418250658028283e-51
-4.205000000000102,3.19109648303993e-52,7.608024146137687e-52,7.110329811128344e-51
-4.195000000000102,2.1441197032296795e-51,5.1118838183298064e-51,4.777479567141901e-50
-4.185000000000103,1.418313605270352e-50,3.381459699837416e-50,3.1602546531202813e-49
-4.175000000000103,9.236547304513766e-50,2.202123166540571e-49,2.0580668118382178e-48
-4.165000000000103,5.921901745079934e-49,1.4118649093525163e-48,1.3195049018543867e-47
-4.155000000000103,3.7378931678095894e-48,8.911664572826582e-48,8.32868995442308e-47
-4.1450000000001035,2.3227727412229183e-47,5.537817861395344e-47,5.1755502706268255e-46
-4.135000000000104,1.4210216854424533e-46,3.3879161449648274e-46,3.1662887367905666e-45
-4.125000000000104,8.55872040204002e-46,2.040519671681357e-45,1.907034937463407e-44
-4.115000000000104,5.074942444047457e-45,1.209937864924435e-44,1.1307873247159242e-43
-4.105000000000104,2.9625627105097204e-44,7.06316739584556e-44,6.601115970585611e-43
-4.095000000000105,1.702621572804876e-43,4.059289998431657e-43,3.7937433075204374e-42
-4.085000000000105,9.633472458848603e-43,2.2967557222918186e-42,2.1465087869603593e-41
-4.075000000000105,5.366136764932067e-42,1.2793626985602333e-41,1.1956705920073197e-40
-4.065000000000105,2.942759449879215e-41,7.015953629088619e-41,6.556990788170415e-40
-4.055000000000105,1.5887733175832457e-40,3.78785969874461e-40,3.540069171576996e-39
-4.045000000000106,8.444681235858397e-40,2.0133311258468335e-39,1.8816249855159512e-38
-4.035000000000106,4.418946389235733e-39,1.0535391520900224e-38,9.846197509900746e-38
-4.025000000000106,2.2765036627957816e-38,5.427505851788585e-38,5.072454544934287e-37
-4.015000000000106,1.1546015144419826e-37,2.752732876529521e-37,2.5726572705473523e-36
-4.0050000000001065,5.765142426827441e-37,1.374491276661194e-36,1.2845761411708162e-35
-3.9950000000001067,2.8340147598903094e-36,6.756690948816504e-36,6.314688302131684e-35
-3.985000000000107,1.3715395115086465e-35,3.2699436624364523e-35,3.0560336635544807e-34
-3.975000000000107,6.534745639391675e-35,1.5579755384267935e-34,1.4560574076921816e-33
-3.9650000000001073,3.0652309401019605e-34,7.307942937396992e-34,6.829879023475209e-33
-3.9550000000001075,1.4155064816419795e-33,3.3747671211393544e-33,3.1539998830359475e-32
-3.9450000000001078,6.435387058264524e-33,1.5342870511510582e-32,1.4339185508718198e-31
-3.935000000000108,2.8803922382360133e-32,6.867261399119833e-32,6.418025562098289e-31
-3.925000000000108,1.2692370466254592e-31,3.026040155545541e-31,2.8280855994088642e-30
-3.9150000000001084,5.506149468373427e-31,1.312743702055719e-30,1.2268679094343188e-29
-3.9050000000001086,2.3516213898092453e-30,5.6065971089658006e-30,5.239830184175136e-29
-3.895000000000109,9.887829198036779e-30,2.3573979568266084e-29,2.203183986689457e-28
-3.885000000000109,4.0930651608624453e-29,9.758444704213842e-29,9.120076245531343e-28
-3.8750000000001092,1.6680555521196295e-28,3.9768797292947213e-28,3.716724073336626e-27
-3.8650000000001095,6.692471189815508e-28,1.595579534497268e-27,1.4912014620670857e-26
-3.8550000000001097,2.643483836146482e-27,6.302438350647469e-27,5.890151559279272e-26
-3.84500000000011,1.0279712221893948e-26,2.4508283975485562e-26,2.2905024855758436e-25
-3.83500000000011,3.9354953466999475e-26,9.382776040724011e-26,8.768982709836596e-25
-3.8250000000001103,1.483310251735483e-25,3.5364208733252254e-25,3.3050787270524283e-24
-3.8150000000001105,5.504004016142785e-25,1.3122321959805545e-24,1.2263898645668271e-23
-3.8050000000001107,2.0106646134210606e-24,4.793708059281082e-24,4.480117920900145e-23
-3.795000000000111,7.231271639167063e-24,1.7240371618489624e-23,1.6112557731051566e-22
-3.785000000000111,2.560376697071141e-23,6.104299208142042e-23,5.704974090774134e-22
-3.7750000000001114,8.924979033778374e-23,2.127840895868921e-22,1.98864386660965e-21
-3.7650000000001116,3.0628426920610433e-22,7.302249017185294e-22,6.82455758260623e-21
-3.755000000000112,1.0347997809142003e-21,2.4671086447732184e-21,2.305717727398232e-20
-3.745000000000112,3.441930628459228e-21,8.20604813104957e-21,7.669232843770187e-20
-3.7350000000001122,1.1270989534262601e-20,2.687162891604179e-20,2.511376679217134e-19
-3.7250000000001124,3.6335917331642605e-20,8.662995240051496e-20,8.096287830562616e-19
-3.7150000000001127,1.153252380719285e-19,2.749516351428133e-19,2.569651160961297e-18
-3.705000000000113,3.603518363391242e-19,8.591296084414908e-19,8.029279020658355e-18
-3.695000000000113,1.1085193233579172e-18,2.642866432710651e-18,2.4699779630527056e-17
-3.6850000000001133,3.357174727864741e-18,8.003978108511039e-18,7.480381641724451e-17
-3.6750000000001135,1.0009647210531796e-17,2.3864410893493107e-17,2.2303272037742187e-16
-3.6650000000001137,2.9381755854263804e-17,7.005025049641041e-17,6.546777123919777e-16
-3.655000000000114,8.490844141356326e-17,2.0243370136835294e-16,1.8919109008705863e-15
-3.645000000000114,2.4156729768692966e-16,5.759305127523449e-16,5.382548497878178e-15
-3.6350000000001144,6.766117911047376e-16,1.6131379516869031e-15,1.5076112597729816e-14
-3.6250000000001146,1.8657572218187964e-15,4.448228397314352e-15,4.1572385119451085e-14
-3.615000000000115,5.065062976576579e-15,1.2075824605213122e-14,1.1285860038705784e-13
-3.605000000000115,1.3537195985284033e-14,3.2274584762453375e-14,3.0163277320138485e-13
-3.595000000000115,3.561941086904678e-14,8.49216999245197e-14,7.936637463112495e-13
-3.5850000000001154,9.226965494317971e-14,2.1998387278305302e-13,2.0559318143211633e-12
-3.5750000000001156,2.3531261471331007e-13,5.610184662684346e-13,5.243183050788599e-12
-3.565000000000116,5.90807053235253e-13,1.4085673531376003e-12,1.3164230619694947e-11
-3.555000000000116,1.4603611871721028e-12,3.4817070662506296e-12,3.2539441346733645e-11
-3.5450000000001163,3.553767744495231e-12,8.472683591230253e-12,7.918425804361551e-11
-3.5350000000001165,8.513966738303744e-12,2.0298497669591615e-11,1.8970630262061798e-10
-3.5250000000001167,2.008116968232605e-11,4.787634113785364e-11,4.4744413148721134e-10
-3.515000000000117,4.6629441234440206e-11,1.1117116537152673e-10,1.0389867803986068e-09
-3.505000000000117,1.0659714311569408e-10,2.5414262559711746e-10,2.3751737012808773e-09
-3.4950000000001173,2.3990818673516445e-10,5.719749582120051e-10,5.345580558729349e-09
-3.4850000000001176,5.315678665946034e-10,1.2673327760087141e-09,1.1844276312463376e-08
-3.4750000000001178,1.1595420967324905e-09,2.764511921620116e-09,2.5836657655055075e-08
-3.465000000000118,2.4901669751882268e-09,5.936909327510803e-09,5.548534358792245e-08
-3.455000000000118,5.264832599341082e-09,1.2552103565042408e-08,1.1730982244082404e-07
-3.4450000000001184,1.0958593397398544e-08,2.612683245969718e-08,2.4417692707093904e-07
-3.4350000000001186,2.2456352070562456e-08,5.353911099054362e-08,5.003674142262403e-07
-3.425000000000119,4.530412557887932e-08,1.080114259019272e-07,1.0094563933828165e-06
-3.415000000000119,8.998092327667291e-08,2.1452721364555624e-07,2.0049348072280583e-06
-3.4050000000001193,1.759451445594841e-07,4.1947804314868514e-07,3.920370359008452e-06
-3.3950000000001195,3.3870240191309523e-07,8.075143029379273e-07,7.546891164911607e-06
-3.3850000000001197,6.419089267038782e-07,1.5304014278290072e-06,1.430287113482702e-05
-3.37500000000012,1.1976852546115231e-06,2.8554505904118458e-06,2.6686554967779063e-05
-3.36500000000012,2.2000175179158997e-06,5.245152093391163e-06,4.902029827609656e-05
-3.3550000000001203,3.978539955213299e-06,9.485400459218137e-06,8.864893743786051e-05
-3.3450000000001205,7.083297090932597e-06,1.6887579422463896e-05,0.0001578284415228899
-3.3350000000001208,1.2415417830150931e-05,2.9600107404522723e-05,0.0002766375632467266
-3.325000000000121,2.1424040025630654e-05,5.1077933459268194e-05,0.00047736566812900833
-3.315000000000121,3.639615876918501e-05,8.67735764851694e-05,0.0008109710692939216
-3.3050000000001214,6.087288419824887e-05,0.0001451295425527645,0.0013563559908155761
-3.2950000000001216,0.00010023199086939073,0.00023896720478452384,0.0022333468025650264
-3.285000000000122,0.00016248114940758116,0.0003873779794985957,0.0036203686304042935
-3.275000000000122,0.00025930671139246674,0.0006182237773174712,0.005777814146450047
-3.2650000000001222,0.0004074165630597868,0.0009713385558127921,0.009077964734904584
-3.2550000000001225,0.0006301990627118776,0.0015024834602988435,0.014041954564397089
-3.2450000000001227,0.0009596900095350944,0.00228803635495052,0.02138359814723923
-3.235000000000123,0.001438793089902243,0.003430285680000653,0.032058865827308713
-3.225000000000123,0.002123634937682162,0.005063045247718799,0.04731835870713226
-3.2150000000001233,0.003085855095022888,0.0073571138319362345,0.0687583330418812
-3.2050000000001235,0.004414538862900352,0.010524883356398607,0.09836376758299423
-3.1950000000001237,0.006217407158732212,0.01482317568315658,0.1385348757194041
-3.185000000000124,0.008620797069671957,0.020553196248875867,0.19208667217038633
-3.175000000000124,0.011767919367442592,0.02805637973440877,0.2622101473208094
-3.1650000000001244,0.015814887053087718,0.03770492155527411,0.3523837761435376
-3.1550000000001246,0.020924093593509323,0.04988599064350881,0.4662259735469969
-3.145000000000125,0.027254697240895426,0.06497904272291788,0.6072830681089478
-3.135000000000125,0.03495024454369241,0.08332631301342623,0.7787535319161087
-3.1250000000001252,0.04412383219909496,0.1051974399943712,0.9831573602800521
-3.1150000000001254,0.05484163305054422,0.13075018905874375,1.2219690016980496
-3.1050000000001257,0.06710605083253313,0.15999029104864163,1.495242015644451
-3.095000000000126,0.08084015418345464,0.1927343307461884,1.8012622347264728
-3.085000000000126,0.09587529948134868,0.22858023796805257,2.136271979478601
-3.0750000000001263,0.1119439127554138,0.26689007862432024,2.4943092265292988
-3.0650000000001265,0.12867920837205668,0.3067893840263557,2.867201340426478
-3.0550000000001267,0.14562315198203737,0.3471861356760348,3.2447425022447924
-3.045000000000127,0.1622432443670108,0.3868107803234009,3.6150676835003823
-3.035000000000127,0.17795777464954984,0.42427643718153385,3.96521533252845
-3.0250000000001274,0.19216817202676573,0.4581560290229809,4.281848228575967
-3.0150000000001276,0.2042961114624405,0.4870707473838656,4.55208026253468
-3.005000000000128,0.21382224771664213,0.5097823999542453,4.764339499925693
-2.995000000000128,0.22032299643567413,0.5252811018848288,4.909187728919243
-2.985000000000128,0.2235017443708329,0.532859685350953,4.980015879448526
-2.9750000000001284,0.2232112879232203,0.5321671962085586,4.973543993846601
-2.9650000000001286,0.2194651359387637,0.5232358414518712,4.890073073197018
-2.955000000000129,0.21243646798074814,0.5064785055881729,4.733461865795379
-2.945000000000129,0.20244485996564957,0.48265710268117057,4.5108310907359375
-2.9350000000001293,0.18993219433547112,0.4528251428037757,4.232026673759543
-2.9250000000001295,0.17543028369748695,0.41825054222830066,3.9088983444357477
-2.9150000000001297,0.15952350906829454,0.3803265477300945,3.5544671498731537
-2.90500000000013,0.14281011592225698,0.34047946090751946,3.1820630619273866
-2.89500000000013,0.1258657006602879,0.30008158477300306,2.8045113908652537
-2.8850000000001303,0.10921190246266144,0.2603765807138755,2.4334351842315765
-2.8750000000001306,0.0932924924488234,0.22242246167656846,2.0787224508562843
-2.8650000000001308,0.07845806053956059,0.1870550834860547,1.7481849569428487
-2.855000000000131,0.06495948740763675,0.15487258105550422,1.447412769533917
-2.845000000000131,0.05294948725830486,0.1262390465930586,1.1798086324050838
-2.8350000000001314,0.04249081657917104,0.10130410042036901,0.9467708716013115
-2.8250000000001316,0.03356932003991094,0.08003399423991012,0.7479840812743732
-2.815000000000132,0.02610983699857903,0.06224953449458458,0.5817735489381645
-2.805000000000132,0.019993090219240648,0.047666347463430986,0.4454815661831871
-2.7950000000001323,0.015071963751577194,0.035933688045566764,0.3358301289317386
-2.7850000000001325,0.011185976660928472,0.026668947222696096,0.2492434382362047
-2.7750000000001327,0.008173200212127963,0.019486064407428345,0.18211343709194963
-2.765000000000133,0.005879285526989475,0.014017050859254986,0.13100096427629263
-2.755000000000133,0.004163621371095131,0.009926671134056314,0.09277296394269612
-2.7450000000001333,0.00290290218501062,0.006920950599677341,0.06468199386984723
-2.7350000000001335,0.001992547986612089,0.004750562289677746,0.044397875233215
-2.7250000000001338,0.0013464883173011208,0.003210314870101008,0.030002900770487288
-2.715000000000134,0.0008958195788853642,0.002135957302842922,0.01996195886474718
-2.705000000000134,0.0005867909093536606,0.0013993875115882212,0.013077729492149833
-2.6950000000001344,0.00037849020223835236,0.0009031547563349461,0.008439256387516946
-2.6850000000001346,0.00024050797537424548,0.0005749241502171823,0.005370123318459622
-2.675000000000135,0.00015076684669647147,0.0003623614686597099,0.0033804825943409295
-2.665000000000135,9.362759854406272e-05,0.00022871987562013657,0.002125510029457105
-2.6550000000001353,5.8323848957166357e-05,0.0001492795580108533,0.0013716005110332202
-2.6450000000001355,3.773728366302013e-05,0.00010871048685323474,0.0009708014512893434
-2.6350000000001357,2.7502958240779513e-05,9.939624908091085e-05,0.0008435844067408297
-2.625000000000136,2.5426816302975048e-05,0.0001207689433344302,0.0009700252956793892
-2.615000000000136,3.1202328152044875e-05,0.00017975629673658516,0.0013897355999852629
-2.6050000000001363,4.6427175546268996e-05,0.0002925269901550692,0.002211391389056203
-2.5950000000001365,7.494161772706145e-05,0.00048783275391656633,0.003633371112177914
-2.5850000000001367,0.00012353518276920483,0.0008123785115923739,0.005977754034251775
-2.575000000000137,0.00020309511524234546,0.001338793439420533,0.009740644988830777
-2.565000000000137,0.0003302954748191556,0.0021769088922351937,0.015662340117603552
-2.5550000000001374,0.0005299457670294827,0.0034891477899415347,0.024821050961422644
-2.5450000000001376,0.0008381269183584272,0.00551085802154751,0.03875353256714551
-2.535000000000138,0.0013062331569698923,0.008576332965654913,0.05960475028111842
-2.525000000000138,0.0020060025447382122,0.013151000489830922,0.09030639531068924
-2.5150000000001382,0.00303554775514654,0.019869770775982995,0.1347803856994062
-2.5050000000001384,0.004526284611394786,0.0295807641805,0.19815834067087873
-2.4950000000001387,0.0066504947577374915,0.04339256711473724,0.2870014610381859
-2.485000000000139,0.009629052825327068,0.06272180175065839,0.40949764148905576
-2.475000000000139,0.013738609157000738,0.08933621976782818,0.5756047004265559
-2.4650000000001393,0.019317270214509838,0.12538689386758173,0.7971014597172035
-2.4550000000001395,0.02676759729911989,0.1734216212700148,1.0875035333808054
-2.4450000000001397,0.036555599861789044,0.23637068841033515,1.4617998375210175
-2.43500000000014,0.04920439071998008,0.31749604733346465,1.9359707888211068
-2.42500000000014,0.06528135596692075,0.42029609939706486,2.5262613952851507
-2.4150000000001404,0.08537812056033525,0.5483609833027213,3.248202752149394
-2.4050000000001406,0.11008328486276624,0.7051776826319311,4.1154035404260885
-2.395000000000141,0.13994885130009974,0.893890321120937,5.13816727225937
-2.385000000000141,0.17545238508921393,1.1170283027382317,6.322027951681919
-2.375000000000141,0.216958131495458,1.3762227242779403,7.666331769098712
-2.3650000000001414,0.2646813624780626,1.6719386533138403,9.163019623940624
-2.3550000000001416,0.31866092790173894,2.003256099148884,10.795778570976957
-2.345000000000142,0.3787451127961368,2.3677344205388766,12.539724309976434
-2.335000000000142,0.44459525825100993,2.7613922989749837,14.361748006047664
-2.3250000000001423,0.515710077006065,3.1788274968632266,16.22160832655916
-2.3150000000001425,0.5914712007607881,3.613487361745059,18.073776506600495
-2.3050000000001427,0.6712074106319619,4.058083274448075,19.869955242820822
-2.295000000000143,0.7542715718568671,4.50512177401017,21.56210140851046
-2.285000000000143,0.8401210150940155,4.94750457991301,23.105700412252844
-2.2750000000001434,0.9283895688499547,5.379132384195684,24.46297949422494
-2.2650000000001436,1.0189382446972495,5.795436410969517,25.605719877427497
-2.255000000000144,1.1118721984129036,6.193760176849416,26.517341386881192
-2.245000000000144,1.2075143080020632,6.573523417644534,27.193990523862144
-2.235000000000144,1.306330484774342,6.936121018476767,27.644460318827882
-2.2250000000001444,1.4088082640360846,7.284540418041596,27.888897519156984
-2.2150000000001446,1.515297549924315,7.622717961132088,27.956394420213375
-2.205000000000145,1.625829577890519,7.954693180106768,27.881700250124542
-2.195000000000145,1.739936034402899,8.283654301643367,27.701401209878206
-2.1850000000001453,1.8564937138354318,8.610992750155514,27.449992169394584
-2.1750000000001455,1.9736202310809818,8.935494405971038,27.156284860428833
-2.1650000000001457,2.088642719729224,9.252788103526992,26.84056256367575
-2.155000000000146,2.1981542694477993,9.555147049206449,26.51280322532417
-2.145000000000146,2.2981628313362,9.831698958063875,26.172162888394713
-2.1350000000001463,2.3843257119712726,10.06905071606924,25.807756710065583
-2.1250000000001465,2.4522512033267976,10.25228006117976,25.40061669137431
-2.1150000000001468,2.4978390755559765,10.366197736724246,24.926565038088597
-2.105000000000147,2.5176251277711006,10.39674599367296,24.35963845806083
-2.095000000000147,2.5090928330910462,10.332378812266334,23.675644749120636
-2.0850000000001474,2.470917766014528,10.16526887209247,22.85543436837105
-2.0750000000001476,2.4031176660531615,9.892206187507586,21.887523847499914
-2.065000000000148,2.3070916818058103,9.515090475599829,20.7698050651564
-2.055000000000148,2.185545034441351,9.040968250919795,19.51019904455128
-2.0450000000001483,2.0423082433697637,8.481619268722852,18.126246674951123
-2.0350000000001485,1.8820713958912418,7.852747770423738,16.643753102744796
-2.0250000000001487,1.7100622488750599,7.1728753015923985,15.09470180039619
-2.015000000000149,1.531701281201507,6.462058738486949,13.514717695340293
-2.005000000000149,1.352266870376706,5.740567072850041,11.940381506794678
-1.9950000000001493,1.1765998876243835,5.0276436009305066,10.406681076576195
-1.9850000000001495,1.0088700694574364,4.340458960217799,8.944836783814527
-1.9750000000001497,0.8524177531492093,3.6933292390065113,7.580667574092484
-1.96500000000015,0.7096753015496171,3.0972373510191873,6.333583832016027
-1.9550000000001502,0.5821640320126239,2.5596602407559166,5.216215022549474
-1.9450000000001504,0.4705556715094745,2.0846737149822046,4.2346133885515265
-1.9350000000001506,0.37478286958607415,1.6732839017485521,3.388926501042231
-1.9250000000001508,0.29418128611765626,1.3239210461346735,2.6744039717109978
-1.915000000000151,0.2276460366766472,1.0330275239357345,2.0825965904945365
-1.9050000000001512,0.173787354959034,0.7956762637444793,1.6026162632581333
-1.8950000000001515,0.13107359500190013,0.6061660266161881,1.222347392302297
-1.8850000000001517,0.09795348894196393,0.45855363661388276,0.9295291121172651
-1.8750000000001519,0.07295331122281007,0.34709779432630705,0.712657722023082
-1.865000000000152,0.05474782933623735,0.26660247139986193,0.5616854368586882
-1.8550000000001523,0.042206369600754856,0.21265864823597064,0.46851235536447927
-1.8450000000001525,0.034416893355023695,0.18179060590586876,0.4272820599879412
-1.8350000000001527,0.030691712825743366,0.1715170774574389,0.4344977199899176
-1.825000000000153,0.0305585346614295,0.1803388094250362,0.48897636025145663
-1.8150000000001532,0.03374012397078613,0.20766335586870968,0.5916562545433808
-1.8050000000001534,0.04012527314613777,0.2536762718324311,0.7452687273526354
-1.7950000000001536,0.0497331597384147,0.319166322547281,0.9538834450310643
-1.7850000000001538,0.0626727606388822,0.405311731061529,1.2223375135598888
-1.775000000000154,0.07909886320621923,0.513435392576851,1.5555645411967984
-1.7650000000001542,0.09916640772013367,0.6447395338082852,1.957850389828943
-1.7550000000001544,0.12298536082379517,0.8000342010608253,2.4320565849710967
-1.7450000000001546,0.1505789365446107,0.9794785187234727,2.9788681078535784
-1.7350000000001549,0.18184857604062446,1.1823578385711073,3.59613646931422
-1.725000000000155,0.21654946714460405,1.4069224866203887,4.278397977581978
-1.7150000000001553,0.2542803328626682,1.6503136166897967,5.0166474497467295
-1.7050000000001555,0.29449058956217106,1.908597762615876,5.798436527154255
-1.6950000000001557,0.3365066950663795,2.176923596474352,6.608341925916839
-1.685000000000156,0.3795776068369404,2.449802373762993,7.428813063233497
-1.6750000000001561,0.42293690644722015,2.721498571807042,8.241363498226152
-1.6650000000001564,0.4658765922479302,2.9865010333455517,9.028021639059357
-1.6550000000001566,0.5078251616635275,3.2400298006158774,9.772909976826146
-1.6450000000001568,0.5484208039276087,3.478522301295893,10.463786226918984
-1.635000000000157,0.5875696869807958,3.7000370032150975,11.093361245160153
-1.6250000000001572,0.6254797404285195,3.9045148715853113,11.660212751858946
-1.6150000000001574,0.6626621465166609,4.093849738575148,12.169143183105083
-1.6050000000001576,0.6998958905507562,4.271737582447551,12.630883214102571
-1.5950000000001578,0.7381549146104663,4.4432999451506765,13.061114668851047
-1.585000000000158,0.7785021932190779,4.614505353731654,13.47886928035106
-1.5750000000001583,0.8219597962395673,4.791440899134055,13.90444241344834
-1.5650000000001585,0.8693680538636847,4.979510022338016,14.357031910274593
-1.5550000000001587,0.9212496615561905,5.182648336177328,14.852361068807966
-1.545000000000159,0.9776954668818165,5.402654156390609,15.400563369969907
-1.5350000000001591,1.038287492901287,5.638722904359278,16.00459073301229
-1.5250000000001593,1.1020714754768357,5.887254930927947,16.659357208056313
-1.5150000000001596,1.1675861143396915,6.141976566811934,17.35175118357068
-1.5050000000001598,1.2329499121879115,6.394377799578561,18.061550526006172
-1.49500000000016,1.2959996510369,6.634431430590082,18.76316856922623
-1.4850000000001602,1.3544680804009896,6.8515228402389425,19.428057792478768
-1.4750000000001604,1.4061831069119677,7.035491309530887,20.02751514757382
-1.4650000000001606,1.449267395792109,7.177667041161696,20.53557895845529
-1.4550000000001608,1.4823163165129163,7.271785001154151,20.931689264623174
-1.445000000000161,1.5045337931094782,7.314668114118191,21.202804179057875
-1.4350000000001613,1.5158097368981474,7.306596994352226,21.344722340794128
-1.4250000000001615,1.516728915735178,7.251318393194737,21.36244946428465
-1.4150000000001617,1.5085086554403806,7.1556856890704665,21.26955523757763
-1.405000000000162,1.4928707996916675,7.028967068595877,21.086582814131845
-1.395000000000162,1.4718609217273932,6.881895432554118,20.83868325526992
-1.3850000000001623,1.4476339699431242,6.725563892078066,20.552738428079866
-1.3750000000001625,1.422229575486814,6.5702884372347,20.254297034651543
-1.3650000000001627,1.397361634852785,6.424562881845196,19.96467202879611
-1.355000000000163,1.3742453004646484,6.294220154681582,19.698530427706103
-1.3450000000001632,1.3534803105981683,6.181889812259312,19.462250092172333
-1.3350000000001634,1.3350031480674986,6.086807266949791,19.25322890178291
-1.3250000000001636,1.3181126026208507,6.004989849668078,19.060220538704975
-1.3150000000001638,1.3015648885056872,5.929753360517507,18.864651417693874
-1.305000000000164,1.2837265750991749,5.852505208227657,18.642760037714513
-1.2950000000001642,1.262767203228222,5.763721078812852,18.368307386057566
-1.2850000000001645,1.2368693674163846,5.653994683438412,18.01554657794157
-1.2750000000001647,1.2044327250283837,5.515046349617748,17.56211895515079
-1.2650000000001649,1.1642499534248767,5.340586088410626,16.99156431099894
-1.255000000000165,1.1156368326561141,5.126948561849316,16.295190984448226
-1.2450000000001653,1.058504754795758,4.873447835020684,15.473138375831029
-1.2350000000001655,0.9933711736499655,4.5824346304442125,14.534567321058983
-1.2250000000001657,0.9213108185049959,4.259073305919432,13.497018255454332
-1.215000000000166,0.843856948223084,3.9108855275849628,12.385069149014784
-1.2050000000001662,0.7628667404329754,3.547129090315835,11.228493257192795
-1.1950000000001664,0.6803676015659557,3.178091401212999,10.060153387522703
-1.1850000000001666,0.5984015920565564,2.8143772431670033,8.913872221551083
-1.1750000000001668,0.5188834664410986,2.4662605976305727,7.822489874984575
-1.165000000000167,0.4434844859752396,2.1431528476329245,6.8162672040678025
-1.1550000000001672,0.3735498061302943,1.8532177661938447,5.921726120953419
-1.1450000000001674,0.3100525695035462,1.6031407878837287,5.160947278694227
-1.1350000000001677,0.25358349199982505,1.3980394016820503,4.551281296560326
-1.1250000000001679,0.2043712211920691,1.2414856671901786,4.105380606332084
-1.115000000000168,0.16232637936861155,1.1356024696230467,3.8314304423580605
-1.1050000000001683,0.12710107839255594,1.081192755181705,3.733451519081294
-1.0950000000001685,0.09815571899869073,1.0778651777744033,3.811562289198594
-1.0850000000001687,0.07482583302171508,1.1241290553101797,4.06212131290407
-1.075000000000169,0.05638328400884539,1.2174444156291255,4.47771414499959
-1.0650000000001691,0.0420879835402822,1.3542270576885875,5.046997120224313
-1.0550000000001694,0.0312281157681421,1.5298218084779143,5.7544551813811475
-1.0450000000001696,0.023148468779540382,1.73846761300232,6.580165835327565
-1.0350000000001698,0.017267710863676074,1.9732842954179264,7.499681248543709
-1.02500000000017,0.013086268616069019,2.226311910709726,8.484142212491559
-1.0150000000001702,0.010186877643800503,2.488629384493023,9.500720399798578
-1.0050000000001704,0.00822994970140064,2.7505701286107396,10.513450700759563
-0.9950000000001706,0.0069457226915999835,3.002039684013229,11.484467589060412
-0.9850000000001709,0.00612482832532966,3.232925862309336,12.375604526322697
-0.9750000000001711,0.005608513360947183,3.433577338842565,13.150260781882192
-0.9650000000001713,0.005279352844975219,3.595314267138707,13.775393471746082
-0.9550000000001715,0.005052944228354868,3.710926094852075,14.223461130622242
-0.9450000000001717,0.004870794885330638,3.775108730501792,14.474133944072294
-0.9350000000001719,0.004694419895072263,3.7847961894979836,14.515597429094525
-0.9250000000001721,0.004500546561186226,3.7393506477562957,14.34531021708463
-0.9150000000001723,0.00427726382703795,3.6405884213783044,13.970128801692386
-0.9050000000001726,0.004020941891001237,3.492636035482574,13.40577608083221
-0.8950000000001728,0.003733763320979572,3.3016280566695726,12.675697898533707
-0.885000000000173,0.0034217374132162,3.0752744354455457,11.80941373822668
-0.8750000000001732,0.0030931034242526302,2.8223376668261553,10.840516266722904
-0.8650000000001734,0.0027570583251262585,2.5520676082518707,9.804503694916365
-0.8550000000001736,0.002422767016013244,2.2736435386450493,8.736635953633233
-0.8450000000001738,0.0020986264227840566,1.995669094385288,7.66999078869002
-0.835000000000174,0.0017917604845662674,1.7257569584579517,6.633862404061928
-0.8250000000001743,0.001507722807974368,1.470228090280538,5.652598899837824
-0.8150000000001745,0.0012503802222904958,1.2339366769924747,4.7449224212834595
-0.8050000000001747,0.00102194600681035,1.0202187000192318,3.923724736227395
-0.7950000000001749,0.0008231280601696811,0.8309506303962225,3.1962870189735324
-0.7850000000001751,0.0006533559343439945,0.6666964227684377,2.5648403195353646
-0.7750000000001753,0.0005110519406554836,0.5269162374502296,2.0273647488505175
-0.7650000000001755,0.000393915312847023,0.41020918271689355,1.5785208434815763
-0.7550000000001758,0.0002991941029079413,0.31456435816579614,1.210614070693712
-0.745000000000176,0.00022392627044838366,0.2375987890740086,0.914509908482819
-0.7350000000001762,0.00016513844129660638,0.17676651310509375,0.6804387003129102
-0.7250000000001764,0.00011999729676002023,0.12952917048349313,0.49865290306078836
-0.7150000000001766,8.591395605421544e-05,0.09348415852771468,0.3599213368264273
-0.7050000000001768,6.060571898043561e-05,0.06645117001250334,0.25586339680958226
-0.695000000000177,4.212206752094992e-05,0.04652142666666497,0.17913967453824864
-0.6850000000001772,2.8842998944397493e-05,0.032076067126044744,0.12352375222990628
-0.6750000000001775,1.945782432845295e-05,0.021781065044831852,0.08388350506872924
-0.6650000000001777,1.2931824307792108e-05,0.01456597412498422,0.05609997734520233
-0.6550000000001779,8.46692409035089e-06,0.009593016586975533,0.03694892010430603
-0.6450000000001781,5.461112051912875e-06,0.006221845321714954,0.02396552709610078
-0.6350000000001783,3.4698989482383885e-06,0.003973973729632312,0.015307769784661262
-0.6250000000001785,2.1718461132938505e-06,0.00249957551427773,0.009628761512925185
-0.6150000000001787,1.3391624399142675e-06,0.0015482357499087955,0.00596426389515883
-0.605000000000179,8.136081663883028e-07,0.0009443480212218496,0.0036380318827040187
-0.5950000000001792,4.874361047401792e-07,0.0005672140362072259,0.002185231835022074
-0.5850000000001794,2.8881245578098716e-07,0.0003354911458230492,0.001292580621716022
-0.5750000000001796,1.7104533100469954e-07,0.0001954095707040487,0.000752989543380073
-0.5650000000001798,1.0496734047379037e-07,0.00011209766511821774,0.0004321735029862067
-0.55500000000018,7.39373194668049e-08,6.336475348223879e-05,0.00024472861272650245
-0.5450000000001802,7.112993145994662e-08,3.53583461507919e-05,0.00013744210168110957
-0.5350000000001804,9.907577743414444e-08,1.9606376971059022e-05,7.796415739760951e-05
-0.5250000000001807,1.7182907344884935e-07,1.105520820269051e-05,4.736526148794802e-05
-0.5150000000001809,3.207349417410492e-07,6.808244533407211e-06,3.547930880380491e-05
-0.5050000000001811,6.056388263937346e-07,5.35208014162836e-06,3.8272008119736195e-05
-0.4950000000001813,1.134661315667836e-06,6.125603630386742e-06,5.6773623025064644e-05
-0.4850000000001815,2.097530085604999e-06,9.343669315573683e-06,9.738502413451309e-05
-0.4750000000001817,3.820133268072657e-06,1.6033636864173313e-05,0.00017362345823120773
-0.46500000000018193,6.85167595277598e-06,2.828374078733398e-05,0.0003096397226324295
-0.45500000000018215,1.2100814788182343e-05,4.9740283842557864e-05,0.0005461314533338576
-0.44500000000018236,2.1043575314505618e-05,8.642887746460778e-05,0.0009496136053312872
-0.4350000000001826,3.603371749161372e-05,0.00014801511516913268,0.0016263935165441441
-0.4250000000001828,6.07552021629477e-05,0.000249662256215754,0.002743025693045461
-0.415000000000183,0.00010086575292815018,0.0004146855232606212,0.0045554595666855895
-0.4050000000001832,0.00016488878000961365,0.0006782392976053615,0.007449480145585408
-0.3950000000001834,0.00026541589261554487,0.0010922960289409078,0.011995276729836503
-0.38500000000018364,0.0004206807215755186,0.0017321713082835476,0.019018916434169177
-0.37500000000018385,0.0006565528028843065,0.0027048018455841467,0.029692965216447476
-0.36500000000018407,0.001008973285328514,0.004158873178739269,0.04564728127782987
-0.3550000000001843,0.0015268077481250045,0.00629670310099754,0.06909889765723906
-0.3450000000001845,0.002275022047440577,0.009387500590843978,0.10299675282190118
-0.3350000000001847,0.0033379938764647402,0.013781233910160718,0.1511727679247703
-0.3250000000001849,0.004822658643772929,0.019921867418463905,0.21848553417748504
-0.31500000000018513,0.006861061914842379,0.028358199422193447,0.31093704018736135
-0.30500000000018535,0.009611767256695344,0.0397500157161918,0.4357371155422716
-0.29500000000018556,0.013259469995916175,0.054866856942240916,0.6012855849851081
-0.28500000000018577,0.018012121957479855,0.07457649820477595,0.8170397702502313
-0.275000000000186,0.024094910210533973,0.09982038421831595,1.0932363262007452
-0.2650000000001862,0.03174058252903932,0.13157387203455137,1.4404427474647148
-0.2550000000001864,0.04117589331805147,0.1707902902898626,1.8689261456442334
-0.24500000000018662,0.05260435986424931,0.21832954749503114,2.3878452869363005
-0.23500000000018684,0.06618605104837641,0.27487423691962154,3.004295607208128
-0.22500000000018705,0.08201573324874345,0.340838704157087,3.7222640039001997
-0.21500000000018726,0.10010129793551678,0.41627906264821624,4.5415774537638445
-0.20500000000018748,0.12034489713635302,0.5008142650208617,5.456952760762598
-0.1950000000001877,0.14252951028208813,0.5935696180558232,6.457269361659971
-0.1850000000001879,0.16631365813836013,0.6931541400207333,7.525188723889448
-0.17500000000018812,0.19123659106077454,0.7976815769987275,8.637229197019554
-0.16500000000018833,0.21673547911886232,0.9048415814734563,9.764372930692275
-0.15500000000018854,0.2421749507723614,1.0120226266365315,10.873232972625507
-0.14500000000018876,0.2668878629251333,1.1164820853625528,11.927748125369524
-0.13500000000018897,0.2902246009146699,1.2155522193850345,12.89130744238597
-0.12500000000018918,0.31160671315961064,1.3068644866724244,13.72914413453155
-0.1150000000001894,0.33057951339639713,1.3885695634858637,14.410789521976401
-0.10500000000018961,0.34685765086356785,1.4595277201049979,14.91234999388226
-0.09500000000018982,0.36035772080294076,1.5194444030818988,15.218369785821325
-0.08500000000019003,0.3712128448248875,1.5689294267488365,15.323072130925404
-0.07500000000019025,0.3797657665613396,1.609464975705209,15.230828997514479
-0.06500000000019046,0.3865392422841833,1.6432770952698703,14.955788884129786
-0.055000000000190674,0.39218511556510943,1.6731164799595475,14.520683176470987
-0.04500000000019089,0.3974161314117886,1.7019658106740778,13.954922481400656
-0.0350000000001911,0.40292691687961274,1.73270113047165,13.292173002043356
-0.025000000000191314,0.4093122955347818,1.7677423275077446,12.567658914824548
-0.015000000000191527,0.4169919406312768,1.8087315165983704,11.81546262096388
-0.00500000000019174,0.42615014184835937,1.8562772341213425,11.066087746113428
0.004999999999808047,0.4366981344056337,1.9097967248759447,10.344511564684842
0.014999999999807834,0.44826413583836305,1.9674786842218852,9.668890065230384
0.02499999999980762,0.4602132106790355,2.026375711027577,9.04999926056476
0.03499999999980741,0.4716957006467947,2.0826209974055057,8.49141139765937
0.044999999999807194,0.48171964299438647,2.1317492852481212,7.99032533419334
0.05499999999980698,0.48923978154880104,2.169089745586131,7.53890597911311
0.06499999999980677,0.49325382596154527,2.1901898370624258,7.125945172128489
0.07499999999980655,0.49289579524338273,2.191225544350204,6.738639181214795
0.08499999999980634,0.48751670037015465,2.1693551909363475,6.364286068640906
0.09499999999980613,0.47674441603723566,2.1229810163840614,5.991736231822156
0.10499999999980592,0.4605171394496599,2.0518939360387605,5.612475685345009
0.1149999999998057,0.43908798108471025,1.957290811948078,5.2212768364153455
0.12499999999980549,0.4130015501367324,1.841668266486386,4.8164079492771315
0.13499999999980528,0.3830464478822552,1.708610623468852,4.399443191633151
0.14499999999980506,0.3501899843157413,1.5625002686394447,3.974754630349115
0.15499999999980485,0.3155029178364193,1.4081853761368566,3.548792404773298
0.16499999999980464,0.2800824616531032,1.2506419887506355,3.129268460256039
0.17499999999980442,0.2449812359704627,1.094664989989925,2.7243537324909717
0.1849999999998042,0.21114844120669501,0.9446162930538917,2.3419813116364407
0.194999999999804,0.17938755194759384,0.8042497556558496,1.9893227395684647
0.20499999999980378,0.15033259809246746,0.6766222735483497,1.672475426373846
0.21499999999980357,0.12444291553058746,0.5640905394739844,1.396370138659217
0.22499999999980336,0.10201436756833555,0.46838417592281434,1.164881732284444
0.23499999999980314,0.0832036307770434,0.39073909788341804,0.9811058051307548
0.24499999999980293,0.06806128100823007,0.3320703750602352,0.8477496302497795
0.2549999999998027,0.05656909590077776,0.2931615264809013,0.7675775420404373
0.2649999999998025,0.04867713264986563,0.2748468315794699,0.7438482098105973
0.2749999999998023,0.04433663145971281,0.2781645093395295,0.7806830310102435
0.2849999999998021,0.04352551727947983,0.30446115327250317,0.8833104142963566
0.29499999999980187,0.046264124497101766,0.3554313856425843,1.058139552124308
0.30499999999980165,0.052619682396309465,0.4330812331424472,1.312629358976643
0.31499999999980144,0.06269903797966404,0.5396092717551587,1.6549337985791208
0.3249999999998012,0.07663004599948489,0.6772062119830357,2.0933240385693193
0.334999999999801,0.0945330198780859,0.8477812674110269,2.6354105382705773
0.3449999999998008,0.1164845959751791,1.0526321087159616,3.2872132902170526
0.3549999999998006,0.14247727383613312,1.2920838644402286,4.052153954186894
0.3649999999998004,0.17237867730706988,1.565130551059852,4.930066433146742
0.37499999999980016,0.2058951241784219,1.8691182783442466,5.916338635484496
0.38499999999979995,0.24254426740565094,2.1995122473504543,7.001303612529934
0.39499999999979973,0.28164126082316643,2.549787735200976,8.16998940426677
0.4049999999997995,0.3223020298434337,2.9114781575271587,9.40231171767513
0.4149999999997993,0.3634657876411281,3.274400812316572,10.673752274801014
0.4249999999997991,0.40393701703105384,3.627063795729805,11.956511425982326
0.4349999999997989,0.4424449227140267,3.957237498801043,13.221062442610755
0.44499999999979867,0.4777161159752979,4.252653463258683,14.43797513222482
0.45499999999979845,0.508554340960491,4.501775063481543,15.5798275956517
0.46499999999979824,0.5339197033865257,4.694571360069562,16.622996214745946
0.47499999999979803,0.5529993754320588,4.8232199052082585,17.549112309203014
0.4849999999997978,0.5652622698542509,4.88266766862625,18.34600258411663
0.4949999999997976,0.5704916994162017,4.8709916990338336,19.007987970906658
0.5049999999997974,0.5687924020822323,4.78952134152761,19.53549518362604
0.5149999999997972,0.560571213598882,4.642709244013952,19.93402640006276
0.524999999999797,0.5464937056011724,4.437765583203333,20.212621354478003
0.5349999999997967,0.5274218462414243,4.184095187161556,20.382018750495554
0.5449999999997965,0.5043397899615686,3.8925970971943453,20.452768224141316
0.5549999999997963,0.478275979925498,3.5748980383911295,20.433552284875017
0.5649999999997961,0.45022972251795895,3.2425939677560343,20.329947656028654
0.5749999999997959,0.4211093137747015,2.9065674868591493,20.143791391959557
0.5849999999997957,0.3916868691196358,2.5764349230129135,19.87322884922216
0.5949999999997955,0.36257255664164184,2.260157789119135,19.513421771159784
0.6049999999997953,0.3342083461331056,1.963832148575321,19.057800733344468
0.614999999999795,0.30687903932037286,1.691649160406232,18.499671273427637
0.6249999999997948,0.28073655039392426,1.446003306657133,17.83393804621088
0.6349999999997946,0.2558323562508009,1.2277132334130747,17.058702016548285
0.6449999999997944,0.23215279512314127,1.036314508697039,16.176511860561856
0.6549999999997942,0.2096523932741284,0.8703836953281539,15.195106657275883
0.664999999999794,0.1882814713282043,0.727857956724939,14.127562586210308
0.6749999999997938,0.16800569038682633,0.6063224647371591,12.991839293757854
0.6849999999997936,0.14881669170252398,0.5032474874800286,11.809799259862626
0.6949999999997933,0.13073433567273576,0.4161666379131429,10.60583515672945
0.7049999999997931,0.11380208671674512,0.34279612211746624,9.405278526604608
0.7149999999997929,0.09807772547324362,0.28110114651841517,8.232775039796296
0.7249999999997927,0.08362178122916597,0.22931959968126076,7.110798321082012
0.7349999999997925,0.07048591464463089,0.1859548001497281,6.058440632418634
0.7449999999997923,0.05870303953950655,0.14974887955180344,5.090571742965806
0.7549999999997921,0.04828037158421608,0.11964679966829697,4.217405231303201
0.7649999999997918,0.03919594994849765,0.09475867493671436,3.4444619424720786
0.7749999999997916,0.031398595517877326,0.07432552145079489,2.7728795084750524
0.7849999999997914,0.024810816174935253,0.05769119129888843,2.199988643117949
0.7949999999997912,0.019333881320678932,0.04428133923816775,1.72006280056316
0.804999999999791,0.014854167441692576,0.033588924405329276,1.325146973202128
0.8149999999997908,0.01124990191602093,0.025164971154745933,1.005881437318769
0.8249999999997906,0.008397565254639588,0.018613016363406933,0.7522536820829039
0.8349999999997904,0.006177408225658624,0.013585728593903515,0.5542328503578758
0.8449999999997901,0.004477757517197928,0.009782460556383654,0.4022623804428604
0.8549999999997899,0.0031979874210912567,0.0069468681027160945,0.2876055170722757
0.8649999999997897,0.002250202133357409,0.004864102836830959,0.20255326221411438
0.8749999999997895,0.0015597918438863933,0.0033574009746330097,0.14051442657841307
0.8849999999997893,0.0010650940487752995,0.0022841190706651858,0.09601280446887552
0.8949999999997891,0.0007164151113567181,0.001531402998773618,0.06461779863160853
0.9049999999997889,0.00047465607976151364,0.0010117319156270855,0.04283306985065644
0.9149999999997886,0.0003097528127941776,0.0006585741476114714,0.02796407647406461
0.9249999999997884,0.00019909467705113925,0.000422349412464948,0.017980716234151754
0.9349999999997882,0.00012603758789239594,0.0002668316072254877,0.011386503824501203
0.944999999999788,7.858248334409838e-05,0.00016606398779904757,0.0071013838247932755
0.9549999999997878,4.825329189360949e-05,0.00010180398793122992,0.004361717829312933
0.9649999999997876,2.9180646808941475e-05,6.147331021031024e-05,0.002638319680370665
0.9749999999997874,1.7378876147105626e-05,3.656155996333826e-05,0.0015716152812376423
0.9849999999997872,1.0192952266891919e-05,2.1417315002372746e-05,0.0009219516205698508
0.9949999999997869,5.8873944431157394e-06,1.235648939102706e-05,0.0005326077987397022
