Energy_eV,Cl,Se,Zn
-8.995000000000001,44.37442597305618,74.75584227331927,124.1706100907398
-8.985,47.10807778530216,79.29234280310398,131.50184070459147
-8.975000000000001,49.58442169788135,83.39404050868316,138.07949009633046
-8.965,51.771338761285,87.01059389076264,143.823288692109
-8.955000000000002,53.64641283622383,90.10812734291497,148.68142827652377
-8.945,55.19721759872406,92.66938160983715,152.63054254712154
-8.935000000000002,56.42112186355947,94.69302567858995,155.67421383158973
-8.925,57.324697026799065,96.1923012198593,157.8403141539317
-8.915000000000003,57.922825505774924,97.19319875660219,159.17754184149385
-8.905000000000001,58.23760849748343,97.73236332539955,159.75151644559747
-8.895000000000003,58.29715822712487,97.85490148874757,159.64075271092767
-8.885000000000002,58.13433899175435,97.61221956772792,158.93276243696874
-8.875000000000004,57.78549834861986,97.0599749070181,157.72044801733432
-8.865000000000002,57.28921000300516,96.25617750653421,156.09886957263183
-8.855000000000004,56.68503721403783,95.25944602558101,154.16240206933966
-8.845000000000002,56.012321765298225,94.12740430963146,152.00225764669162
-8.835000000000004,55.30900844117602,92.91520283001289,149.704333610973
-8.825000000000003,54.61052622634362,91.67416096278407,147.3473546974429
-8.815000000000005,53.948761422796245,90.45054553330326,145.00130155984021
-8.805000000000003,53.35117029844409,89.28452194367819,142.72614617148744
-8.795000000000005,52.84008580379921,88.20933008596418,140.5709390949365
-8.785000000000004,52.43227149918269,87.25074318720766,138.57330560389386
-8.775000000000006,52.13876498740034,86.42686116851672,136.75940305832728
-8.765000000000004,51.96503361837785,85.7482712373014,135.14437043238942
-8.755000000000006,51.91143955741939,85.21858008920132,133.73326600163892
-8.745000000000005,51.97398329571587,84.83528903720244,132.5224473067786
-8.735000000000007,52.14526867860997,84.59095129269053,131.5013064122443
-8.725000000000005,52.41561258704731,84.47452493025912,130.65424067067852
-8.715000000000007,52.77421151864285,84.47281988551978,129.96272037782018
-8.705000000000005,53.210276849122636,84.57193468556858,129.40731265769452
-8.695000000000007,53.71406004942323,84.75858812442908,128.96953514881324
-8.685000000000006,54.2777064446787,85.0212702117943,128.6334400529684
-8.675000000000008,54.89589789715389,85.35116135378641,128.38686326136218
-8.665000000000006,55.56626727851406,85.74279420547435,128.22230823662957
-8.655000000000008,56.289587295578336,86.19445476065081,128.13746442045516
-8.645000000000007,57.0697506876382,86.70833514304415,128.1353813308323
-8.635000000000009,57.913567005400786,87.29045922096985,128.2243309407637
-8.625000000000007,58.83040362328542,87.95040448904349,128.41739372839442
-8.615000000000009,59.83169709645249,88.70084206274056,128.73180131757806
-8.605000000000008,60.93035791891197,89.55691427822265,129.18806520758713
-8.59500000000001,62.140089629355536,90.53546925994114,129.8089207257591
-8.585000000000008,63.474643818000736,91.65417583957255,130.61812054975547
-8.57500000000001,64.94703650154646,92.93055067335686,131.6391232110334
-8.565000000000008,66.56875778793281,94.38094081604791,132.89373676754187
-8.55500000000001,68.3490138086433,96.0195164177424,134.40079225374896
-8.545000000000009,70.29404495009844,97.85733595207448,136.17493062278464
-8.53500000000001,72.40656491214575,99.9015470692041,138.22558618807815
-8.52500000000001,74.68535930053538,102.15477766089317,140.5562363336778
-8.515000000000011,77.12506994634509,104.61475388972318,143.16396153243537
-8.50500000000001,79.71617322595348,107.27415691825702,146.03932463502838
-8.495000000000012,82.44514015343371,110.12070204832176,149.16653982144263
-8.48500000000001,85.2947467673255,113.13739835304094,152.52386699059514
-8.475000000000012,88.24448935745716,116.30292913683789,156.0841441576883
-8.46500000000001,91.27105364517897,119.59208796972516,159.81536435666771
-8.455000000000013,94.34879182165726,122.97621358464878,163.68121712546707
-8.445000000000011,97.45017592364633,126.42358861766004,167.6415463486616
-8.435000000000013,100.54621774598651,129.89979804914617,171.65272046273975
-8.425000000000011,103.60686993768351,133.3680769807225,175.6679590783181
-8.415000000000013,106.60144474928192,136.78970664261882,179.6377017497704
-8.405000000000012,109.49910089599489,140.12453524723892,183.51013032112152
-8.395000000000014,112.26945123928863,143.33170134944763,187.23195900289446
-8.385000000000012,114.8833326745836,146.37061964466199,190.7495832492641
-8.375000000000014,117.31375553796138,149.2022541183839,194.0106316477496
-8.365000000000013,119.537016319291,151.79065605160605,196.965901065801
-8.355000000000015,121.5339197400611,154.10469203062772,199.57158432050522
-8.345000000000013,123.29102056079279,156.11983844951504,201.7916333458466
-8.335000000000015,124.80176794717842,157.8198823132255,203.60005040488448
-8.325000000000014,126.0674208119243,159.19834994402973,204.9828740478742
-8.315000000000015,127.09760429741716,160.25948913114928,205.93963010215668
-8.305000000000014,127.9103961973638,161.01865671530987,206.4840513550943
-8.295000000000016,128.53186607324753,161.5020097703187,206.64392882412
-8.285000000000014,128.99503563165516,161.7454591010048,206.46003526816014
-8.275000000000016,129.33828179504965,161.79291179727883,205.98414849092677
-8.265000000000015,129.6032583603987,161.69389758898285,205.27628803402246
-8.255000000000017,129.83246267902038,161.5007346332702,204.4013547963735
-8.245000000000015,130.06661532018387,161.26543811027844,203.4254213891425
-8.235000000000017,130.3420489033869,161.03660508564903,202.41195635265876
-8.225000000000016,130.6883139570385,160.85651870559093,201.41827489081894
-8.215000000000018,131.12620281572134,160.7587028553179,200.49249206315284
-8.205000000000016,131.6663667190429,160.76612559193387,199.67121311980208
-8.195000000000018,132.30865761388137,160.89019829548295,198.97813347886407
-8.185000000000016,133.04226768426514,161.13065152091986,198.42364298705917
-8.175000000000018,133.84667111940414,161.47629341805697,198.00544220577495
-8.165000000000017,134.69330039823308,161.90657896834824,197.71009017270956
-8.155000000000019,135.54782075096662,162.39384556230772,197.51532156046784
-8.145000000000017,136.3728090189574,162.90601006613693,197.39290436666278
-8.13500000000002,137.13060371035917,163.40948117439078,197.31176419788167
-8.125000000000018,137.7860767633115,163.872023516165,197.2410829428274
-8.11500000000002,138.309086953013,164.2653192152777,197.15309060437912
-8.105000000000018,138.67640952159172,164.5670079650496,197.0253085496836
-8.09500000000002,138.87299283625822,164.76204463103048,196.84206643807678
-8.085000000000019,138.89246431740077,164.84328763060975,196.5951966622893
-8.07500000000002,138.7368862319313,164.81131351460618,196.28390020082514
-8.065000000000019,138.41583812008102,164.6735339702171,195.9138661990223
-8.055000000000021,137.94496792587472,164.44276176945363,195.49580447268403
-8.04500000000002,137.34420117153968,164.13542425937806,195.04360702426777
-8.035000000000021,136.63582198028098,163.76965138440926,194.57238561811545
-8.02500000000002,135.84263950921087,163.36346739011125,194.0966346538425
-8.015000000000022,134.98642945175055,162.9332918069825,193.62874254711465
-8.00500000000002,134.08679639814247,162.49290945948064,193.17802428635278
-7.995000000000021,133.16054474475746,162.05300685623772,192.75037910624127
-7.985000000000022,132.22158053428151,161.62130076631865,192.34859842119968
-7.975000000000022,131.28130154817805,161.2032121895095,191.97326924550907
-7.965000000000022,130.3493752650057,160.80297326605162,191.6241460948777
-7.955000000000022,129.43476000913702,160.425002981979,191.301807566522
-7.9450000000000225,128.54679823529477,160.07535523635326,191.0093783735487
-7.935000000000023,127.69620497387808,159.76303326191703,190.75408715074775
-7.925000000000023,126.89578941134623,159.50097843913062,190.54844577202653
-7.915000000000023,126.16078165064403,159.30657763631146,190.4108754205488
-7.905000000000023,125.50868613506795,159.20158742698712,190.36566390455837
-7.8950000000000236,124.9586425972904,159.2114399941988,190.44221130994623
-7.885000000000024,124.53033811427235,159.36396695927408,190.67359919693925
-7.875000000000024,124.24257278929933,159.68764586173052,191.09459374404713
-7.865000000000024,124.11162985857575,160.20953187398737,191.73925736122533
-7.855000000000024,124.14963276208614,160.95307794451617,192.63838934434318
-7.845000000000025,124.36308279267946,161.9360651644226,193.81703906931114
-7.835000000000025,124.75175950125862,163.16885942085253,195.2923324769895
-7.825000000000025,125.30813284350006,164.65318075763872,197.07182442877695
-7.815000000000025,126.0173844480473,166.3815214605435,199.1525389444247
-7.8050000000000255,126.8580709658384,168.33728325449175,201.5207918343961
-7.795000000000026,127.80339244871813,170.49563041920882,204.15281309958115
-7.785000000000026,128.82296110505834,172.82498226630045,207.0161079875412
-7.775000000000026,129.88490841875193,175.28900338434104,210.07142414300455
-7.765000000000026,130.95812821465435,177.84890046446571,213.27513540278358
-7.7550000000000265,132.0144346212949,180.46580568544786,216.58181632919352
-7.745000000000027,133.0304193640533,183.1030215046126,219.94676912947043
-7.735000000000027,133.98882202511942,185.7279205351425,223.32827709476905
-7.725000000000027,134.87927674855703,188.3133345951901,226.68939430992714
-7.715000000000027,135.69836393207953,190.8383242420726,229.99913584034775
-7.705000000000028,136.44896858748376,193.28828762386655,233.23299961407707
-7.695000000000028,137.13902019530337,195.6544377322551,236.37282324247937
-7.685000000000028,137.77975392391073,197.93274240172474,239.40604812190787
-7.675000000000028,138.38368281049952,200.1224746575658,242.324521902328
-7.6650000000000285,138.96249940378272,202.22455675060843,245.12301272331536
-7.655000000000029,139.52513029958155,204.2398960162929,247.7976304631033
-7.645000000000029,140.076147566243,206.16790360549538,250.34435003981648
-7.635000000000029,140.61469968554653,208.00535971590045,252.75781053287636
-7.625000000000029,141.1340663032666,209.74574502651453,255.03052489778116
-7.6150000000000295,141.62187271288164,211.37910314829543,257.15258351108434
-7.60500000000003,142.06092958394632,212.89243957515987,259.1118769959358
-7.59500000000003,142.4305990487469,214.2706055132366,260.89480630574525
-7.58500000000003,142.70853696222798,215.4975660619508,262.487396907077
-7.57500000000003,142.87262818277253,216.55791614209042,263.87669391680674
-7.565000000000031,142.90291986003328,217.43848714352418,265.05228938576494
-7.555000000000031,142.7833670429351,218.1298833821137,266.0078229567315
-7.545000000000031,142.50323298463124,218.62779917346006,266.7423025403654
-7.535000000000031,142.05802884479525,218.93399223824298,267.2611107384463
-7.525000000000031,141.4499283256896,219.05682384301758,267.57659280528463
-7.515000000000032,140.6876459681341,219.0113166588386,267.7081597128612
-7.505000000000032,139.78581762279356,218.8187238602506,267.6818818925385
-7.495000000000032,138.76396330084606,218.50564386142668,267.5295920133997
-7.485000000000032,137.6451429536407,218.1027511719212,267.2875554476341
-7.4750000000000325,136.45443308761347,217.6432426310315,266.99480185541034
-7.465000000000033,135.21735634536176,217.16111786467937,266.69123793575875
-7.455000000000033,133.95838837890562,216.68942198367964,266.4156776604598
-7.445000000000033,132.699648519314,216.2585768045961,266.203930741446
-7.435000000000033,131.4598554929281,215.89491452126697,266.0870821146667
-7.425000000000034,130.25359961722302,215.6195059744691,266.09007545943905
-7.415000000000034,129.09095146194244,215.44734658477995,266.23068413710286
-7.405000000000034,127.97739671838762,215.38692963488276,266.51891665134434
-7.395000000000034,126.91406058404783,215.4402025845763,266.9568650761634
-7.385000000000034,125.89816457176838,215.6028714263924,267.5389686806367
-7.375000000000035,124.92364598635062,215.8649944369106,268.2526358516682
-7.365000000000035,123.98186634615837,216.21179287471733,269.0791490525547
-7.355000000000035,123.0623398254929,216.62460360463103,269.9947719041764
-7.345000000000035,122.1534253853059,217.08190683103345,270.9719842305934
-7.3350000000000355,121.24294463234136,217.56037869678332,271.98078737028663
-7.325000000000036,120.31870869743952,218.03593937267686,272.9900434633824
-7.315000000000036,119.36895809796647,218.4847873394102,273.9688328037467
-7.305000000000036,118.3827361413511,218.88442471808258,274.88782669136043
-7.295000000000036,117.35022597475955,219.214682663165,275.72067487519917
-7.285000000000037,116.26308205521418,219.45874799031893,276.44539455363883
-7.275000000000037,115.11477834142744,219.60417311464198,277.0457232818852
-7.265000000000037,113.90097939009095,219.64382465681564,277.51236579523345
-7.255000000000037,112.61991989030844,219.5766977657013,277.84403227516736
-7.245000000000037,111.27275723922598,219.40850064159116,278.0481419459777
-7.235000000000038,109.86384517287485,219.1519040592752,278.1410595796348
-7.225000000000038,108.40086831754326,218.82635920126123,278.14774949837215
-7.215000000000038,106.89478053646216,218.45741594809573,278.100773849399
-7.205000000000038,105.35950482325883,218.07552108570903,278.03862611140187
-7.1950000000000385,103.81137768606739,217.7143358623823,278.003468922354
-7.185000000000039,102.26835285847554,217.40867603832112,278.03842566371026
-7.175000000000039,100.74901270374848,217.19223456169578,278.18464446832377
-7.165000000000039,99.27146526086892,217.09528724956843,278.47839903305464
-7.155000000000039,97.8522254414653,217.14259770296454,278.94850377321825
-7.1450000000000395,96.50518680365583,217.3517253901152,279.6142976173963
-7.13500000000004,95.24078408138718,217.7319012925318,280.48439330155554
-7.12500000000004,94.06542705306853,218.2835741299226,281.55630525585644
-7.11500000000004,92.98125633779227,218.9986558562603,282.81697119973927
-7.10500000000004,91.9862357971276,219.86141859282463,284.24408451254664
-7.095000000000041,91.07455958778955,220.8499271153019,285.80806999619546
-7.085000000000041,90.23731955741242,221.93784027757852,287.47447571134944
-7.075000000000041,89.4633546283949,223.09638701309018,289.2065247000419
-7.065000000000041,88.74019058449488,224.29631969186934,290.9675740919744
-7.0550000000000415,88.05497703362137,225.5096678174811,292.7232620155297
-7.045000000000042,87.3953373896627,226.7111535316001,294.44317785033525
-7.035000000000042,86.75006530523744,227.87918049662323,296.1019594406442
-7.025000000000042,86.10962407944096,228.9963621637218,297.6797922156328
-7.015000000000042,85.46643084448702,230.0496074112625,299.1623509860899
-7.0050000000000425,84.81493166050069,231.02982556933352,300.54027876343173
-6.995000000000043,84.15149440652219,231.931345187146,301.80833403341364
-6.985000000000043,83.4741616822114,232.7511596331911,302.96435677291277
-6.975000000000043,82.78231479267286,233.48811746713386,304.00820453271035
-6.965000000000043,82.07630205027553,234.14216753121823,304.9407951510217
-6.955000000000044,81.35708058086348,234.71374989413,305.7633652195594
-6.945000000000044,80.62591164096018,235.20339683450095,306.47701704108067
-6.935000000000044,79.88413664455088,235.61157611777242,307.0825855670753
-6.925000000000044,79.13304643982741,235.9387753136666,307.58081487712485
-6.9150000000000444,78.37384174049159,236.18579432400048,307.9727952842635
-6.905000000000045,77.60766978622294,236.35418699295124,308.2605809566482
-6.895000000000045,76.83571278781076,236.4467745398224,308.447887255461
-6.885000000000045,76.05929855324095,236.46814564055077,308.5407590157721
-6.875000000000045,75.28000334270855,236.4250611527146,308.5481065513407
-6.8650000000000455,74.49972123905626,236.32669515606415,308.4820243682242
-6.855000000000046,73.72068226019988,236.18466610756758,308.35783580506427
-6.845000000000046,72.94541165330402,236.01283915918975,308.19384097565455
-6.835000000000046,72.1766335425187,235.82690894943414,308.01078046828513
-6.825000000000046,71.41713156074802,235.64379725795175,307.83105818774754
-6.815000000000047,70.66958576168908,235.48091828546285,307.6777893023989
-6.805000000000047,69.93640800796403,235.35537381970244,307.57375094664496
-6.795000000000047,69.21959691509272,235.28314077214665,307.54031376370745
-6.785000000000047,68.5206288121809,235.27830593291753,307.5964233914148
-6.775000000000047,67.8403942176797,235.35239015478993,307.75768616394623
-6.765000000000048,67.17918157595254,235.51379014825136,308.03559703876977
-6.755000000000048,66.53670306896709,235.76735410945025,308.43693421231484
-6.745000000000048,65.91215252839656,236.114099966121,308.96333689142625
-6.735000000000048,65.30428357780166,236.5510829440782,309.61108101145953
-6.7250000000000485,64.71149716663655,237.07142142880141,310.37107083047124
-6.715000000000049,64.13193095714205,237.66449416254903,311.22906888556685
-6.705000000000049,63.563547422405094,238.31632425174095,312.16618839872825
-6.695000000000049,63.004221635372375,239.01016292908372,313.1596667463134
-6.685000000000049,62.45183234547281,239.7272762632139,314.18392343693216
-6.67500000000005,61.904360274826395,240.44792061155596,315.21188098499937
-6.66500000000005,61.359995485027405,241.15246930412522,316.21649472755644
-6.65500000000005,60.81725170224186,241.82262751170398,317.17240308852485
-6.64500000000005,60.2750807039341,242.44264941075397,318.05757962748237
-6.63500000000005,59.7329755802389,243.00045669785985,318.854849089536
-6.625000000000051,59.19104912251995,243.48855431430522,319.5531268314551
-6.615000000000051,58.6500736067841,243.90465000434705,320.1482569513546
-6.605000000000051,58.11147107669232,244.25190856174027,320.6433582720267
-6.595000000000051,57.577248478459985,244.53880624552534,321.0486346902518
-6.5850000000000515,57.04987869267733,244.77859077842726,321.38066035391927
-6.575000000000052,56.53213536312359,244.98839149377267,321.6612024677465
-6.565000000000052,56.02689514544872,245.18805672574902,321.91568746360974
-6.555000000000052,55.536924580383044,245.39881700859405,322.17144396052186
-6.545000000000052,55.064669729579876,245.6418808663098,322.45586557881467
-6.5350000000000525,54.61206507555679,245.9370652833834,322.794628889396
-6.525000000000053,54.18037458254641,246.30154797023917,323.21008025001515
-6.515000000000053,53.77007318390327,246.7488074095902,323.7198757058408
-6.505000000000053,53.38077233134525,247.2877939916173,324.3359268196084
-6.495000000000053,53.011189470135825,247.92235531178508,325.06367772109246
-6.485000000000054,52.65915889078797,248.65092347028107,325.90171833822126
-6.475000000000054,52.321680407634155,249.46646268175633,326.8417266799272
-6.465000000000054,51.99500237976266,250.35667061912503,327.8687277495474
-6.455000000000054,51.67473611160248,251.3044243771379,328.96165501683697
-6.4450000000000545,51.35599898087976,252.28845901324297,330.0941985525127
-6.435000000000055,51.03358321712438,253.28426098344673,331.23591861859603
-6.425000000000055,50.70214586654294,254.26514922061162,332.3535928396423
-6.415000000000055,50.35641325940326,255.20350334303131,333.4127491337953
-6.405000000000055,49.99139069512315,256.0720831946775,334.37931737020426
-6.3950000000000555,49.60256572678226,256.845369291337,335.22131368315274
-6.385000000000056,49.18609203561354,257.5008428549747,335.9104565604716
-6.375000000000056,48.738940963671354,258.02011972614366,336.4236069566107
-6.365000000000056,48.25900956374664,258.38985639992285,336.7439283439902
-6.355000000000056,47.745177429196445,258.60235928719,336.8616777300874
-6.345000000000057,47.197309155725854,258.65584921427666,336.7745643246428
-6.335000000000057,46.61620439906051,258.5543600601144,336.4876461956106
-6.325000000000057,46.00350236365422,258.307280338529,336.01277317606696
-6.315000000000057,45.36155147401382,257.9285761055054,335.3676221674822
-6.3050000000000574,44.6932574064199,257.4357595172922,334.5744045574321
-6.295000000000058,44.00192332336536,256.84868687932203,333.6583510492001
-6.285000000000058,43.2910950780789,256.18828109964187,332.6460941100214
-6.275000000000058,42.564421632360904,255.47527508220531,331.56407108382444
-6.265000000000058,41.82553744726202,254.72906483818394,330.4370617846034
-6.2550000000000585,41.077969757280144,253.96674509828915,329.2869544771827
-6.245000000000059,40.32507002277035,253.20237806369065,328.13180619024513
-6.235000000000059,39.569965982917225,252.44652044549906,326.98523086887764
-6.225000000000059,38.81552895777313,251.70600831166018,325.85611606393377
-6.215000000000059,38.064350531795334,250.983976660872,324.74863976945096
-6.20500000000006,37.31872344763391,250.2800737728486,323.66253715766925
-6.19500000000006,36.58062321696773,249.59082103394954,322.59355467301066
-6.18500000000006,35.851689241995146,248.9100676745187,321.5340270142706
-6.17500000000006,35.133206681423616,248.22949589473933,320.4735200008362
-6.16500000000006,34.42609241984133,247.53914317357302,319.3994966217421
-6.155000000000061,33.730889897028746,246.82792223782212,318.2979809890628
-6.145000000000061,33.04777793020215,246.08413196395102,317.1542112897213
-6.135000000000061,32.37659788768314,245.29596144452833,315.95328435393674
-6.125000000000061,31.71690170505504,244.45199253215006,314.68079848909247
-6.1150000000000615,31.06802051731657,243.5417026830739,313.32349684475713
-6.105000000000062,30.429150510553132,242.55596069297957,311.8699018171209
-6.095000000000062,29.799449472634464,241.48749517565858,310.3109147049707
-6.085000000000062,29.178134971762493,240.3313025852386,308.64033809232353
-6.075000000000062,28.564573590475455,239.084951775615,306.8552658110422
-6.065000000000063,27.958350538618582,237.74873871447872,304.9562809284443
-6.055000000000063,27.3593104181753,236.32565018490808,302.94740879910603
-6.045000000000063,26.767562842842928,234.82110976439782,300.83579067056826
-6.035000000000063,26.18345071834341,233.24250198616906,298.6310722716041
-6.025000000000063,25.607483754146315,231.59849862731653,296.34453775319895
-6.015000000000064,25.040244552686087,229.89824052170417,293.9880571679084
-6.005000000000064,24.482278709483285,228.15045447525603,291.5729493615308
-5.995000000000064,23.933983115604732,226.36260314100537,289.10888578126225
-5.985000000000064,23.395507602400638,224.54017228579252,286.6029693894115
-5.9750000000000645,22.866683972309414,222.68619243563376,284.05911362419937
-5.965000000000065,22.3469933780577,220.80107007576453,281.4778186917923
-5.955000000000065,21.83557830387963,218.88276922962697,278.8563987016808
-5.945000000000065,21.33129967942791,216.92734123376994,276.1896581971621
-5.935000000000065,20.832833701280197,214.9297543735309,273.4709574912497
-5.9250000000000655,20.338797582379062,212.88493216852814,270.69355107629355
-5.915000000000066,19.847889456659605,210.78887591760105,267.852040430501
-5.905000000000066,19.359025605204657,208.6397290657999,264.94375876256163
-5.895000000000066,18.871458336404743,206.4386415855974,261.9699051983034
-5.885000000000066,18.38486022200806,204.19031284415928,258.93627095188936
-5.875000000000067,17.899364627724488,201.90312944073406,255.85344780534587
-5.865000000000067,17.41555798667367,199.58886555637548,252.73647389028184
-5.855000000000067,16.934425283818396,197.2619705850935,249.60394466961165
-5.845000000000067,16.457255931220793,194.93852411394965,246.47668791493547
-5.8350000000000675,15.985521859980453,192.6349835947504,243.37616007868337
-5.825000000000068,15.520742642336357,190.36687848775966,240.32275904551392
-5.815000000000068,15.064353436018175,188.14761184074666,237.3342590707329
-5.805000000000068,14.617590445331514,185.98751492706452,234.4245559759356
-5.795000000000068,14.181405637214183,183.8932648354085,231.6028668570882
-5.7850000000000685,13.756418100469865,181.86772400247366,228.87346507176954
-5.775000000000069,13.342904334587272,179.9102021007239,226.23595743145762
-5.765000000000069,12.94082462722257,178.0170830155012,223.6860370986694
-5.755000000000069,12.549878233978243,176.18271118717098,221.21658320800526
-5.745000000000069,12.169576900029782,174.4003991393559,218.81893538402537
-5.73500000000007,11.79932475050488,172.6634058242799,216.48415370396194
-5.72500000000007,11.438492863813721,170.9657446737695,214.2040840074447
-5.71500000000007,11.086478801276042,169.30270900360102,211.9720826163463
-5.70500000000007,10.742744627359974,167.6710460330757,209.7833078922197
-5.6950000000000705,10.4068309665664,166.06876271002523,207.6345505716534
-5.685000000000071,10.078348761240246,164.49459936957277,205.52364124740026
-5.675000000000071,9.756953983092544,162.9472538178888,203.44853264535737
-5.665000000000071,9.442313079746809,161.42447272707128,201.40619882895453
-5.655000000000071,9.134068061261864,159.92214518941654,199.3915178393484
-5.6450000000000715,8.831809738441818,158.43353319217286,197.39630615946533
-5.635000000000072,8.535065844869756,156.94875634588766,195.4086534234296
-5.625000000000072,8.243307949559306,155.45461631826547,193.41266739895528
-5.615000000000072,7.955977686528728,153.9348046479955,191.38868802012132
-5.605000000000072,7.672529444518024,152.37049147876905,189.31397201677083
-5.595000000000073,7.3924838003298445,150.74124802286408,187.16379369868838
-5.585000000000073,7.115484060419291,149.02621748458057,184.91285935178465
-5.575000000000073,6.84134754819091,147.20542187364663,182.53689777159633
-5.565000000000073,6.570103795590741,145.26107820801803,180.01427107344654
-5.555000000000073,6.302013435179198,143.17879791507642,177.32744929985702
-5.545000000000074,6.0375640578335945,140.94855699161758,174.46420860566093
-5.535000000000074,5.777442219018121,138.565349458499,171.41844324342335
-5.525000000000074,5.522483728205713,136.02946959757827,168.19052217560395
-5.515000000000074,5.273606956507018,133.34640556392094,164.78716713292
-5.5050000000000745,5.031735841686441,130.5263642788323,161.2208753685622
-5.495000000000075,4.797720363587979,127.58348135265004,157.5089525962741
-5.485000000000075,4.572262434848244,124.53479705986229,153.6722557337883
-5.475000000000075,4.355854444915365,121.39909778009859,149.73376817787067
-5.465000000000075,4.148736247425804,118.19573042942017,145.7171406433342
-5.455000000000076,3.9508743957777805,114.94349481496076,141.64532756586803
-5.445000000000076,3.7619651494295065,111.65970610935511,137.53943338982276
-5.435000000000076,3.581460442650877,108.35949824542716,133.41785659442417
-5.425000000000076,3.4086138616659283,105.05541127873009,129.29578493113112
-5.415000000000076,3.242541914933003,101.75727458927224,125.18505670863692
-5.405000000000077,3.082294656015305,98.47236649541077,121.09436417738536
-5.395000000000077,2.9269291216888256,95.20580277085834,117.02974027532731
-5.385000000000077,2.7755791072160685,91.96108469788365,112.99524292290201
-5.375000000000077,2.627515477319599,88.74072397626148,108.99373455792804
-5.3650000000000775,2.4821924048725066,85.54685837984748,105.02765032199923
-5.355000000000078,2.3392764890384443,82.3817786996456,101.09965646300847
-5.345000000000078,2.1986574476834857,79.24830324572103,97.21311986631066
-5.335000000000078,2.060440812959218,76.1499589665067,93.37233765057043
-5.325000000000078,1.924924606284233,73.09095526844825,89.58250899504647
-5.3150000000000786,1.7925631880984039,70.07596463987997,85.84946582461497
-5.305000000000079,1.6639222788905568,67.10974991828955,82.17921065515594
-5.295000000000079,1.5396294991250634,64.1966985326427,78.57733519499146
-5.285000000000079,1.4203246992560756,61.34033697425689,75.04840938517623
-5.275000000000079,1.3066139122193863,58.5429026210534,71.59543565481441
-5.26500000000008,1.1990300509805145,55.805044357122696,68.21945665893938
-5.25500000000008,1.0980025929723787,53.12570870591909,64.9193872672866
-5.24500000000008,1.003837536031461,50.50224592389484,61.69211486172413
-5.23500000000008,0.9167079568553107,47.930743041405584,58.53287888874749
-5.2250000000000805,0.8366546164292001,45.40656122705425,55.43590472249722
-5.215000000000081,0.7635952865531225,42.925026540575686,52.395232346343946
-5.205000000000081,0.6973408576432963,40.48219965040242,49.40565138670292
-5.195000000000081,0.6376158655563361,38.07563462182408,46.463634500977825
-5.185000000000081,0.5840808754455139,35.70503188026643,43.56815404343755
-5.1750000000000815,0.5363542072309189,33.37269723579209,40.721273991542006
-5.165000000000082,0.49403078894659647,31.08373730506138,37.92843030375548
-5.155000000000082,0.4566964661924581,28.84595011261639,35.19834632583445
-5.145000000000082,0.42393683264658666,26.669404945144517,32.54257190355099
-5.135000000000082,0.3953404997509488,24.56574336011077,29.97468039863648
-5.125000000000083,0.37049758718957226,22.54726867155555,27.50920092642763
-5.115000000000083,0.34899496853489115,20.625919357230117,25.160397914239812
-5.105000000000083,0.3304103311384872,18.812238541726483,22.941031470905706
-5.095000000000083,0.31430731393017736,17.114454350150744,20.861236705882693
-5.0850000000000835,0.30023382401408,15.537773769519305,18.92764698296787
-5.075000000000084,0.2877251133959601,14.083967104364945,17.142856643441807
-5.065000000000084,0.2763123921933738,12.75128456287968,15.505276912098811
-5.055000000000084,0.2655367876548576,11.534705869584682,14.009390306195845
-5.045000000000084,0.2549674852109767,10.426483753246067,12.64636069625679
-5.0350000000000845,0.2442220703321481,9.416908273745126,11.404914943365355
-5.025000000000085,0.232986566673914,8.495195803088961,10.272383347191612
-5.015000000000085,0.22103252674816504,7.65039692679687,9.235773554543089
-5.005000000000085,0.2082288009629764,6.872222313185769,8.282757128497687
-4.995000000000085,0.19454624478543042,6.15170325680559,7.40246806475557
-4.985000000000086,0.18005451700685512,5.481630825512365,6.586044308006434
-4.975000000000086,0.16491112922488899,4.856749784736761,5.826881394047999
-4.965000000000086,0.14934386885758721,4.273715772194693,5.12060579961903
-4.955000000000086,0.13362849131104582,3.7308519969532044,4.464808947237122
-4.945000000000086,0.11806405631839659,3.227761595301958,3.858606910334107
-4.935000000000087,0.1029484182423486,2.7648618111915217,3.302103367739489
-4.925000000000087,0.08855617817024088,2.342906200172511,2.795833967256305
-4.915000000000087,0.07512092672598528,1.9625524324141266,2.340260513715073
-4.905000000000087,0.06282294703809724,1.6240184593564213,1.9353661866112561
-4.8950000000000875,0.05178281999587302,1.3268518419611839,1.5803819011325995
-4.885000000000088,0.04206068735239964,1.0698189422728732,1.2736525525029156
-4.875000000000088,0.03366036964378441,0.8509049901616086,1.012633258841736
-4.865000000000088,0.026537160333503867,0.667404478842127,0.7939919191923939
-4.855000000000088,0.020607944279094088,0.5160747031856473,0.6137863962734368
-4.845000000000089,0.01576230408687544,0.3933234387831362,0.4676823327337704
-4.835000000000089,0.011873444144958183,0.29540398369026827,0.35118010711173253
-4.825000000000089,0.008808027245914923,0.21859584686914046,0.25982531937992526
-4.815000000000089,0.006434327894672504,0.15935592861355227,0.18938488447559507
-4.805000000000089,0.004628410866179094,0.11443186296232218,0.13597884094949203
-4.79500000000009,0.00327830660616802,0.0809353135731547,0.09616520149626516
-4.78500000000009,0.002286354596113567,0.05637781532816729,0.0669808455293789
-4.77500000000009,0.0015700140235308739,0.038674968071287896,0.045945260159325714
-4.76500000000009,0.0010615018640190107,0.026126445987498383,0.03103590494994133
-4.7550000000000905,0.0007066235502281945,0.01737962336527796,0.02064438468687814
-4.745000000000091,0.00046312648570787345,0.01138398332897531,0.013521873297016235
-4.735000000000091,0.0002988479958670346,0.007342245157022649,0.008720783208739612
-4.725000000000091,0.0001898611817936236,0.004662655501832566,0.005537916946724472
-4.715000000000091,0.00011875548793204147,0.002915402333815549,0.0034625831856571017
-4.7050000000000916,7.31307483964977e-05,0.0017948030711472192,0.0021316156974574437
-4.695000000000092,4.433766181240052e-05,0.0010878823360871528,0.0012920101239690277
-4.685000000000092,2.6464884674841084e-05,0.0006492150525627011,0.0007710201384264141
-4.675000000000092,1.5552134903521804e-05,0.000381445380027598,0.0004530057505036178
-4.665000000000092,8.997698250780658e-06,0.0002206528655706806,0.0002620450989664018
-4.655000000000093,5.124990594397016e-06,0.00012566580921758157,0.0001492380184197288
-4.645000000000093,2.8739154452706907e-06,7.046159263253228e-05,8.367800334502213e-05
-4.635000000000093,1.5866215557915052e-06,3.889675532011949e-05,4.6192267407815035e-05
-4.625000000000093,8.623637268835981e-07,2.1139663741934708e-05,2.510449495114519e-05
-4.6150000000000935,4.6145016353420727e-07,1.1311104921084893e-05,1.3432484182603224e-05
-4.605000000000094,2.430948953297451e-07,5.958445386560174e-06,7.075913063320547e-06
-4.595000000000094,1.2607912370760198e-07,3.0901587880231427e-06,3.6696852368323827e-06
-4.585000000000094,6.437637103555864e-08,1.5777842866405267e-06,1.873675466828525e-06
-4.575000000000094,3.236126447711388e-08,7.931086632382448e-07,9.418426633369939e-07
-4.5650000000000945,1.6015478379886758e-08,3.9249611119534626e-07,4.661010818266148e-07
-4.555000000000095,7.80314338373719e-09,1.912295843907432e-07,2.270905497216432e-07
-4.545000000000095,3.742952602055564e-09,9.172577906679932e-08,1.0892679761955756e-07
-4.535000000000095,1.767559300901211e-09,4.3315562612433006e-08,5.1438314923900494e-08
-4.525000000000095,8.217665568259453e-10,2.013781796148354e-08,2.3914137141115423e-08
-4.515000000000096,3.761297065113874e-10,9.21714649852566e-09,1.0945570393001183e-08
-4.505000000000096,1.6948896345141865e-10,4.153325506741981e-09,4.932164367543501e-09
-4.495000000000096,7.51899430895063e-11,1.8425133955705245e-09,2.1880232954076925e-09
-4.485000000000096,3.283920019462854e-11,8.047118213422927e-10,9.556116325998222e-10
-4.4750000000000965,1.4120166487871228e-11,3.460071019773461e-10,4.108902682877743e-10
-4.465000000000097,5.977250417433144e-12,1.4646856706952163e-10,1.7393424731810884e-10
-4.455000000000097,2.4910212663611078e-12,6.104056461700019e-11,7.248682288773107e-11
-4.445000000000097,1.022039636615664e-12,2.504420544713357e-11,2.974045828250834e-11
-4.435000000000097,4.1283103247313745e-13,1.0116039337603307e-11,1.2012981351788702e-11
-4.4250000000000975,1.641690191794601e-13,4.022798112545204e-12,4.777145201991239e-12
-4.415000000000098,6.427237132590681e-14,1.5749268682038508e-12,1.8702536921060887e-12
-4.405000000000098,2.4772605105149257e-14,6.0702549280148e-13,7.208534723580184e-13
-4.395000000000098,9.400116992035648e-15,2.3033917975438954e-13,2.735318018027988e-13
-4.385000000000098,3.5116324156504996e-15,8.604844350086377e-14,1.0218401977323741e-13
-4.375000000000099,1.291513772272493e-15,3.1646997543586494e-14,3.758135534643886e-14
-4.365000000000099,4.676309292540856e-16,1.1458724485578392e-14,1.3607431899841573e-14
-4.355000000000099,1.666946266652724e-16,4.084644763672383e-15,4.850585415280626e-15
-4.345000000000099,5.849976947204111e-17,1.4334631832176392e-15,1.702261917854951e-15
-4.335000000000099,2.0211608841313672e-17,4.952597293075014e-16,5.881293271987434e-16
-4.3250000000001,6.874827199745894e-18,1.6845879887909514e-16,2.0004767252949348e-16
-4.3150000000001,2.302167172140929e-18,5.641162174839998e-17,6.698975258518598e-17
-4.3050000000001,7.589725909821372e-19,1.859763260775284e-17,2.208500186995461e-17
-4.2950000000001,2.4633691075861127e-19,6.036162592146406e-18,7.168044543453321e-18
-4.2850000000001005,7.871310598674886e-20,1.9287608224073542e-18,2.2904358516205164e-18
-4.275000000000101,2.4761603649629937e-20,6.067502979556195e-19,7.205261509273031e-19
-4.265000000000101,7.668751109718976e-21,1.8791255277110712e-19,2.2314930348288285e-19
-4.255000000000101,2.3382162483193547e-21,5.729487218114059e-20,6.803861941667141e-20
-4.245000000000101,7.018735238017852e-22,1.7198472752597283e-20,2.0423473956607213e-20
-4.235000000000102,2.0741836196731957e-22,5.082509198105137e-21,6.0355645997026714e-21
-4.225000000000102,6.034616743160138e-23,1.4787018782812846e-21,1.7559831757470963e-21
-4.215000000000102,1.7284878815238713e-23,4.235427329506422e-22,5.029640655873106e-22
-4.205000000000102,4.8741303180496566e-24,1.1943400670335994e-22,1.418298759017357e-22
-4.195000000000102,1.3531379848042594e-24,3.3156824106381173e-23,3.9374281717275086e-23
-4.185000000000103,3.698291893584957e-25,9.062165799741862e-24,1.0761473011512626e-23
-4.175000000000103,9.951176660314549e-26,2.4384016073036023e-24,2.8956425628050147e-24
-4.165000000000103,2.636099733565282e-26,6.459406576372949e-25,7.6706529819372e-25
-4.155000000000103,6.874852556152307e-27,1.6845897707502615e-25,2.0004784285723095e-25
-4.1450000000001035,1.7651397266734186e-27,4.3252363978430765e-26,5.1362902975101547e-26
-4.135000000000104,4.461788092885888e-28,1.0933008613225651e-26,1.2983129891806258e-26
-4.125000000000104,1.1103322148556601e-28,2.720718956129419e-27,3.230899087756461e-27
-4.115000000000104,2.720264226538566e-29,6.665639554456537e-28,7.915558011087049e-28
-4.105000000000104,6.561201709494558e-30,1.607733713030855e-28,1.9092105647960746e-28
-4.095000000000105,1.5580085538463207e-30,3.817689136293186e-29,4.5335694378603903e-29
-4.085000000000105,3.642255730243591e-31,8.924854722097464e-30,1.0598413629377588e-29
-4.075000000000105,8.382724280454143e-32,2.054073115876237e-30,2.439246034914042e-30
-4.065000000000105,1.899389695174569e-32,4.654197313216015e-31,5.526936820329064e-31
-4.055000000000105,4.236986908478929e-33,1.0382162764996483e-31,1.2328991182012196e-31
-4.045000000000106,9.304955825416724e-34,2.2800534319485285e-32,2.7076014200780933e-32
-4.035000000000106,2.011803957743902e-34,4.929653170723723e-33,5.8540452316051695e-33
-4.025000000000106,4.282241436615637e-35,1.0493052724473815e-33,1.2460674843039883e-33
-4.015000000000106,8.973684363898006e-36,2.198879821926517e-34,2.6112064041649204e-34
-4.0050000000001065,1.851333155057023e-36,4.5364411569452145e-35,5.387099413349283e-35
-3.9950000000001067,3.7602136079647657e-37,9.21389415299167e-36,1.0941652731832622e-35
-3.985000000000107,7.518905101147289e-38,1.8424058535543924e-36,2.1878876295962342e-36
-3.975000000000107,1.4801674140412532e-38,3.6269497578089913e-37,4.307063230386346e-37
-3.9650000000001073,2.8686741717550108e-39,7.029297483396925e-38,8.347407806742838e-38
-3.9550000000001075,5.473507988744514e-40,1.3412089900512578e-38,1.5927080080863535e-38
-3.9450000000001078,1.028168840541986e-40,2.5193884684738248e-39,2.991815756291064e-39
-3.935000000000108,1.901416545451668e-41,4.6591636758096345e-40,5.532834443738659e-40
-3.925000000000108,3.461818129476474e-42,8.482716377160631e-41,1.0073366941182672e-40
-3.9150000000001084,6.205051295643338e-43,1.5204637634617667e-41,1.8055760358381456e-41
-3.9050000000001086,1.0949660475086874e-43,2.6830659688404865e-42,3.1861855126959116e-42
-3.895000000000109,1.9022608873885152e-44,4.661232611051806e-43,5.535291337828109e-43
-3.885000000000109,3.253521288072425e-45,7.972313168922004e-44,9.467254631427117e-44
-3.8750000000001092,5.4783701928974325e-46,1.3424004010619482e-44,1.5941228279165748e-44
-3.8650000000001095,9.0816183608494e-47,2.225327551347399e-45,2.642613520016877e-45
-3.8550000000001097,1.48214013579533e-47,3.631783617594222e-46,4.3128035167917165e-46
-3.84500000000011,2.3813840318455007e-48,5.835258963418974e-47,6.929467178753828e-47
-3.83500000000011,3.766897085584064e-49,9.230271004385527e-48,1.0961100505747182e-47
-3.8250000000001103,5.866137274786967e-50,1.4374174700751135e-48,1.7069571793242187e-48
-3.8150000000001105,8.993626283903126e-51,2.203766283120884e-49,2.617009154825805e-49
-3.8050000000001107,1.3574742534837887e-51,3.326306759136599e-50,3.95004466088114e-50
-3.795000000000111,2.0171700640763754e-52,4.942801971439466e-51,5.86965964508914e-51
-3.785000000000111,2.9509889823300824e-53,7.230998629322467e-52,8.586931618850155e-52
-3.7750000000001114,4.250181275273726e-54,1.0414485954372406e-52,1.2367402555644248e-52
-3.7650000000001116,6.02693153765543e-55,1.4767605511767368e-53,1.753885445611985e-53
-3.755000000000112,8.450391758237965e-56,2.066321623035733e-54,2.4694752552617254e-54
-3.745000000000112,1.4374564856425129e-56,3.2002184751872288e-55,4.966268002448905e-55
-3.7350000000001122,2.215352439640295e-56,3.0712185744273585e-55,1.2180545453856287e-54
-3.7250000000001124,1.4856145615619506e-55,1.941848742631088e-54,8.454612937521335e-54
-3.7150000000001127,1.0523919815902035e-54,1.373924395085938e-53,5.993183559324757e-53
-3.705000000000113,7.349372376728697e-54,9.594577420342915e-53,4.1853878973818615e-52
-3.695000000000113,5.05298473831486e-53,6.596649449882925e-52,2.8776206943820095e-51
-3.6850000000001133,3.4202674703442926e-52,4.4651441718009685e-51,1.9478057038872492e-50
-3.6750000000001135,2.2792203073318174e-51,2.9755121078674454e-50,1.2979915617421278e-49
-3.6650000000001137,1.4952943430917144e-50,1.9521002021618394e-49,8.51554118495925e-49
-3.655000000000114,9.657867072982032e-50,1.260830307616274e-48,5.500051892750919e-48
-3.645000000000114,6.141152833532115e-49,8.01724807121871e-48,3.4973207863369413e-47
-3.6350000000001144,3.844436894817744e-48,5.018895493360248e-47,2.1893656498376175e-46
-3.6250000000001146,2.369352709483249e-47,3.0931795634353765e-46,1.3493209997919381e-45
-3.615000000000115,1.4376092029008823e-46,1.876792504928844e-45,8.187030488247078e-45
-3.605000000000115,8.587487565931543e-46,1.1210927328299955e-44,4.890482224168154e-44
-3.595000000000115,5.050164758719946e-45,6.592967928343002e-44,2.8760147589733625e-43
-3.5850000000001154,2.9238771507855885e-44,3.8171087881393645e-43,1.6651167320349648e-42
-3.5750000000001156,1.6665826052191724e-43,2.1757162769426544e-42,9.491009499489665e-42
-3.565000000000116,9.352090838523406e-43,1.2209113546408892e-41,5.325915601988476e-41
-3.555000000000116,5.166598782197264e-42,6.744972035940352e-41,2.9423226890643206e-40
-3.5450000000001163,2.810055559379706e-41,3.6685152007107055e-40,1.6002965546234262e-39
-3.5350000000001165,1.5046629418300752e-40,1.964330867400009e-39,8.568894354324675e-39
-3.5250000000001167,7.931908431031288e-40,1.0355071648593416e-38,4.5171369273832185e-38
-3.515000000000117,4.116520738469356e-39,5.374099759750154e-38,2.3443144866311744e-37
-3.505000000000117,2.1032799034620513e-38,2.7458226845420495e-37,1.19779538616063e-36
-3.4950000000001173,1.0579812855263018e-37,1.3811899258874665e-36,6.025090148477521e-36
-3.4850000000001176,5.239297359394861e-37,6.839879713942287e-36,2.9837237521040367e-35
-3.4750000000001178,2.554360906156531e-36,3.334706955669193e-35,1.4546811882386083e-34
-3.465000000000118,1.2260427645742553e-35,1.6005934501959503e-34,6.982182281385213e-34
-3.455000000000118,5.79352823015337e-35,7.563425688692077e-34,3.2993523009747075e-33
-3.4450000000001184,2.6952235033717197e-34,3.518602460947734e-33,1.5349009302242603e-32
-3.4350000000001186,1.2344132987193492e-33,1.6115211472403386e-32,7.029851582567545e-32
-3.425000000000119,5.565965980111827e-33,7.266344177276004e-32,3.169758038767059e-31
-3.415000000000119,2.4707832715061337e-32,3.225596726827619e-31,1.4070846225450133e-30
-3.4050000000001193,1.0797989631834803e-31,1.409672812457581e-30,6.14933950225802e-30
-3.3950000000001195,4.645851342550758e-31,6.0651385639038185e-30,2.6457626070670375e-29
-3.3850000000001197,1.967894724667571e-30,2.5690779394550325e-29,1.1206949807389028e-28
-3.37500000000012,8.206397761216088e-30,1.0713416326143097e-28,4.673455685096392e-28
-3.36500000000012,3.3691272511044437e-29,4.398380871736925e-28,1.918681908839718e-27
-3.3550000000001203,1.3617469630742976e-28,1.7777546991828262e-27,7.755003212489941e-27
-3.3450000000001205,5.418630861262167e-28,7.0739988806532e-27,3.085852286429258e-26
-3.3350000000001208,2.122740309444734e-27,2.771228191509668e-26,1.2088778911191238e-25
-3.325000000000121,8.18687798927598e-27,1.068793343948858e-25,4.662339417625665e-25
-3.315000000000121,3.1085218167920425e-26,4.058161659126557e-25,1.770269918520372e-24
-3.3050000000001214,1.1619934296796248e-25,1.5169773537800013e-24,6.617428286013992e-24
-3.2950000000001216,4.276294203063094e-25,5.582683450242869e-24,2.4353038140733868e-23
-3.285000000000122,1.5493360718064706e-24,2.022651500528162e-23,8.823303263516125e-23
-3.275000000000122,5.526343052160544e-24,7.214616848474466e-23,3.147193291496487e-22
-3.2650000000001222,1.9406365294718712e-23,2.5334925755437423e-22,1.1051717642054894e-21
-3.2550000000001225,6.709106987453048e-23,8.758710151624349e-22,3.820764755081935e-21
-3.2450000000001227,2.283491439344507e-22,2.9810882238078183e-21,1.300423989996822e-20
-3.235000000000123,7.651528747321481e-22,9.989037881027095e-21,4.3574639535378457e-20
-3.225000000000123,2.524126975644691e-21,3.29523695609114e-20,1.4374633873075738e-19
-3.2150000000001233,8.197630542364132e-21,1.0701971725806443e-19,4.668463209053344e-19
-3.2050000000001235,2.6210761907040197e-20,3.4218038547329895e-19,1.4926749736174249e-18
-3.1950000000001237,8.250592029802175e-20,1.0771113146306085e-18,4.698624370401728e-18
-3.185000000000124,2.556847033119099e-19,3.3379531179158313e-18,1.456097210885824e-17
-3.175000000000124,7.800789332237679e-19,1.0183898184307551e-17,4.4424667317772564e-17
-3.1650000000001244,2.343076809941454e-18,3.0588771863071456e-17,1.3343574161603196e-16
-3.1550000000001246,6.928650896134482e-18,9.045325773130935e-17,3.9457934133937953e-16
-3.145000000000125,2.0170887953499183e-17,2.6333014117229104e-16,1.1487107874309162e-15
-3.135000000000125,5.781167384269212e-17,7.547291512118754e-16,3.2923139992823382e-15
-3.1250000000001252,1.6312490361588428e-16,2.129589416771842e-15,9.289792195722134e-15
-3.1150000000001254,4.531470934542703e-16,5.915818580237574e-15,2.5806253631338075e-14
-3.1050000000001257,1.2392882913317557e-15,1.6178864520226794e-14,7.0576179725371e-14
-3.095000000000126,3.336719691803153e-15,4.356076194349567e-14,1.900227366507623e-13
-3.085000000000126,8.844664166977648e-15,1.1546680574501092e-13,5.036945407234682e-13
-3.0750000000001263,2.3081138845173626e-14,3.013235743407346e-13,1.314447340956024e-12
-3.0650000000001265,5.929900472972092e-14,7.741468790882412e-13,3.377018476751953e-12
-3.0550000000001267,1.4998640128676163e-13,1.9580688126984604e-12,8.541575916058311e-12
-3.045000000000127,3.734828857427497e-13,4.875811331047341e-12,2.126948282513836e-11
-3.035000000000127,9.15596033105999e-13,1.1953091194026072e-11,5.2142307938309757e-11
-3.0250000000001274,2.2097926122030744e-12,2.8848817655535616e-11,1.2584559301575794e-10
-3.0150000000001276,5.250656419719196e-12,6.854729240929485e-11,2.990200219997679e-10
-3.005000000000128,1.228259728962375e-11,1.6034933296720887e-10,6.994828768196382e-10
-2.995000000000128,2.8286643965753884e-11,3.692824382449991e-10,1.6108998604613198e-09
-2.985000000000128,6.413385108870882e-11,8.372687626342656e-10,3.6523696864241035e-09
-2.9750000000001284,1.431554865818451e-10,1.868899592507e-09,8.152592839969701e-09
-2.9650000000001286,3.1458903262054346e-10,4.1069746988199964e-09,1.7915615917953007e-08
-2.955000000000129,6.806035362358066e-10,8.885322950017405e-09,3.8759918289281966e-08
-2.945000000000129,1.4496395675204654e-09,1.8925167127276146e-08,8.255611800077124e-08
-2.9350000000001293,3.03977385824205e-09,3.968457770484253e-08,1.7311360061583457e-07
-2.9250000000001295,6.275352998185605e-09,8.192559338425343e-08,3.5737888306561097e-07
-2.9150000000001297,1.2754133779008716e-08,1.665073955767236e-07,7.263445120850671e-07
-2.90500000000013,2.5519962362769134e-08,3.331684929360249e-07,1.4533588728710317e-06
-2.89500000000013,5.0271950812590125e-08,6.56313318850455e-07,2.8629906826187815e-06
-2.8850000000001303,9.749639585047303e-08,1.2728461733444784e-06,5.552446353165538e-06
-2.8750000000001306,1.861525768648982e-07,2.4302930465796105e-06,1.0601486809750892e-05
-2.8650000000001308,3.499192773147609e-07,4.5683577873838995e-06,1.9928190538148593e-05
-2.855000000000131,6.475686124754691e-07,8.454368550300056e-06,3.6879794038324896e-05
-2.845000000000131,1.1798417037593425e-06,1.5403622296131097e-05,6.719386812503448e-05
-2.8350000000001314,2.116327255241628e-06,2.7630349154482295e-05,0.00012052927017182572
-2.8250000000001316,3.7373548928955614e-06,4.879475545533027e-05,0.00021285240172203736
-2.815000000000132,6.497852269023172e-06,8.48369175825981e-05,0.0003700747091582247
-2.805000000000132,1.112246737603196e-05,0.00014521905167218824,0.000633471491047448
-2.7950000000001323,1.8743920697220906e-05,0.0002447325230998565,0.0010675640082190808
-2.7850000000001325,3.1099278111846786e-05,0.00040606166952722884,0.001771302595650744
-2.7750000000001327,5.080118154279794e-05,0.0006633273307485449,0.002893522801196614
-2.765000000000133,8.170235713469019e-05,0.001066850028184947,0.004653720768338391
-2.755000000000133,0.00012937099987595673,0.001689363791454893,0.0073691547796516845
-2.7450000000001333,0.00020169074329311708,0.0026338615379795007,0.011489060954468305
-2.7350000000001335,0.00030959057911132535,0.004043144994152402,0.017636299742589928
-2.7250000000001338,0.0004678960957533064,0.006110970846745126,0.026655958169611572
-2.715000000000134,0.0006962729510939531,0.009094419714611111,0.039669275293651086
-2.705000000000134,0.001020206570988151,0.013326765539278796,0.05812973460749965
-2.6950000000001344,0.0014719298896689126,0.0192297060479535,0.08387634673802609
-2.6850000000001346,0.002091176365654269,0.027323367113309543,0.11917719059382795
-2.675000000000135,0.0029256032117419574,0.03823207619970681,0.1667544577963031
-2.665000000000135,0.004030706227308681,0.05268359654259914,0.22978092022518917
-2.6550000000001353,0.005469040506308364,0.0714994240209749,0.3118373496796017
-2.6450000000001355,0.007308578491580724,0.09557397478921684,0.41682140758413433
-2.6350000000001357,0.009620084876312666,0.125841117665217,0.5488012590423084
-2.625000000000136,0.01247347001337339,0.16322757286710854,0.7118118331265815
-2.615000000000136,0.015933197978759566,0.20859418331553548,0.909598143816322
-2.6050000000001363,0.02005296390716419,0.26266785682647154,1.1453179264299966
-2.5950000000001365,0.024870002311961216,0.32596887663254676,1.42122415831086
-2.5850000000001367,0.03039952232828054,0.39874000445534474,1.7383556002980813
-2.575000000000137,0.03662986207909051,0.48088502977031755,2.0962688964930365
-2.565000000000137,0.04351898799525933,0.5719248329738424,2.492847612089017
-2.5550000000001374,0.05099291672797497,0.6709783833994364,2.92422079479144
-2.5450000000001376,0.058946498675641855,0.7767742786517802,3.3848157395318
-2.535000000000138,0.06724677912396358,0.8876955325401052,3.867556970949165
-2.525000000000138,0.07573886792768905,1.00185662891481,4.364207305966758
-2.5150000000001382,0.08425393878277461,1.117207862078235,4.865829324159158
-2.5050000000001384,0.09261869160859465,1.2316582897037414,5.363329308075109
-2.4950000000001387,0.10066539553849442,1.3432058606575146,5.848033468044305
-2.485000000000139,0.10824152710716792,1.450061974322945,6.312240345315969
-2.475000000000139,0.11521805327180076,1.5507581864074096,6.749695051823263
-2.4650000000001393,0.1214955833268371,1.6442250021981575,7.155940499510278
-2.4550000000001395,0.12700790326712313,1.7298363674620427,7.528516618275114
-2.4450000000001397,0.13172276379792602,1.8074179727265247,7.866998149624042
-2.43500000000014,0.13564015770670906,1.877222050081209,8.172881571173251
-2.42500000000014,0.13878863000076727,1.9398751686577023,8.449348613596642
-2.4150000000001404,0.1412203620169672,1.9963079820199217,8.70094487511901
-2.4050000000001406,0.14300582742449847,2.0476765931383802,8.93321565613769
-2.395000000000141,0.14422873101365513,2.0952841904015775,9.152337332077934
-2.385000000000141,0.14498173674025827,2.1405092392639498,9.36477290046466
-2.375000000000141,0.14536321902979413,2.184743425780776,9.57696748102538
-2.3650000000001414,0.1454749920987462,2.229339496145643,9.795086729279411
-2.3550000000001416,0.14542074559565432,2.275566819059622,10.024791315430699
-2.345000000000142,0.1453047861970274,2.3245713989315653,10.271035872924804
-2.335000000000142,0.1452306751362656,2.377337353756906,10.537881831004198
-2.3250000000001423,0.1452994549538118,2.43464836720041,10.828319557676345
-2.3150000000001425,0.1456073444885413,2.4970498715525973,11.144104299436105
-2.3050000000001427,0.14624300227694742,2.5648150957804887,11.485619881320094
-2.295000000000143,0.14728466274522464,2.637919988316066,11.85179136841055
-2.285000000000143,0.14879759063347767,2.7160328968050353,12.240070815596251
-2.2750000000001434,0.1508323460014681,2.798524489877614,12.646517788464209
-2.2650000000001436,0.15342429426154547,2.8845017466648577,13.06598864396383
-2.255000000000144,0.15659464292793615,2.972867176862577,13.492436797670889
-2.245000000000144,0.16035306590905815,3.062401203313864,13.919312291605845
-2.235000000000144,0.1647017241825798,3.151862352918249,14.340035124023014
-2.2250000000001444,0.1696402484028078,3.240097050425143,14.74850508650528
-2.2150000000001446,0.17517105053267584,3.3261487852146745,15.139602889813844
-2.205000000000145,0.18130420590732796,3.4093554762139635,15.509634134885374
-2.195000000000145,0.18806111183511134,3.489424102625283,15.85666954382954
-2.1850000000001453,0.195476191100951,3.566473081344661,16.180741610423162
-2.1750000000001455,0.20359606637880565,3.6410353446929262,16.483868868489473
-2.1650000000001457,0.2124758743839519,3.7140184255512234,16.769893455070484
-2.155000000000146,0.22217269926229935,3.786621858483286,17.044134522087433
-2.145000000000146,0.23273645895919357,3.86021656815583,17.312878110019312
-2.1350000000001463,0.24419894482111876,3.9361952918871492,17.582741926011227
-2.1250000000001465,0.25656205537620036,4.015807057889665,17.85996943773396
-2.1150000000001468,0.2697865368392112,4.09999184903299,18.149720002033416
-2.105000000000147,0.28378270052491117,4.189233344006067,18.45542855849219
-2.095000000000147,0.2984045903826997,4.283447614375623,18.778308103688715
-2.0850000000001474,0.31344889339308124,4.3819235720929495,19.117059616693588
-2.0750000000001476,0.32865951245966346,4.483326733477488,19.467837081037562
-2.065000000000148,0.34373817299195764,4.585771709354059,19.82449061938957
-2.055000000000148,0.35836075770006925,4.686961285222741,20.179080648362874
-2.0450000000001483,0.37219833446616096,4.784381855563512,20.522623652708493
-2.0350000000001485,0.3849411554448913,4.875537368307467,20.845999775292228
-2.0250000000001487,0.3963233653876619,4.958197931991893,21.14092829784928
-2.015000000000149,0.4061458580989881,5.030635839779092,21.400903197413218
-2.005000000000149,0.4142947296366494,5.091821675116136,21.62198010454364
-1.9950000000001493,0.4207531212183059,5.141556637187099,21.803319206637724
-1.9850000000001495,0.42560489884777825,5.180523977885408,21.94741487246021
-1.9750000000001497,0.4290295044308512,5.210251661808602,22.059978864951642
-1.96500000000015,0.4312883170184269,5.232988805939506,22.149485103688992
-1.9550000000001502,0.4327038416881221,5.251508650555372,22.22642423282468
-1.9450000000001504,0.43363385656444414,5.2688592942755275,22.302349966407867
-1.9350000000001506,0.434443179799848,5.2880889996200136,22.388821582852884
-1.9250000000001508,0.43547589832889544,5.311974829446683,22.496355180238023
-1.915000000000151,0.43703071793150644,5.342781606509049,22.633489941559326
-1.9050000000001512,0.43934159867386935,5.382073213309475,22.806056693580846
-1.8950000000001515,0.4425651295491608,5.430591086862801,23.016708466549584
-1.8850000000001517,0.44677529822418593,5.488206721690307,23.26474170187271
-1.8750000000001519,0.4519655556720757,5.553947400218649,23.546207385361424
-1.865000000000152,0.458057466582361,5.626088294974714,23.85428784602972
-1.8550000000001523,0.4649148357375448,5.702300141056357,24.179899534872234
-1.8450000000001525,0.47236201462621213,5.779839908356889,24.51247482639024
-1.8350000000001527,0.48020507689388287,5.855771833647442,24.84087474448298
-1.825000000000153,0.4882546259048103,5.927206965170369,25.154386110735082
-1.8150000000001532,0.4963490721150031,5.991550085009586,25.44375724637944
-1.8050000000001534,0.5043772185958064,6.046742747450263,25.70222319249044
-1.7950000000001536,0.5122988871612284,6.091489871589797,25.92646345597404
-1.7850000000001538,0.5201621266417662,6.125455083872389,26.11742392058404
-1.775000000000154,0.5281153435960688,6.149407602006923,26.280923420924786
-1.7650000000001542,0.5364125957257431,6.165302048135225,26.427959695671433
-1.7550000000001544,0.5454104094291288,6.176273425603597,26.574634362191365
-1.7450000000001546,0.55555491938825,6.186533574654344,26.74163624596532
-1.7350000000001549,0.5673589162494017,6.201163132218632,26.953258253060287
-1.725000000000155,0.5813694860550522,6.225803951338101,27.235972859610246
-1.7150000000001553,0.5981282070609418,6.266269836963298,27.616649431720397
-1.7050000000001555,0.6181271434146753,6.328106395805714,28.120554300576703
-1.6950000000001557,0.64176491353351,6.416141500170317,28.76932169981496
-1.685000000000156,0.669307695361677,6.534074146479824,29.579110746451683
-1.6750000000001561,0.7008599967988177,6.68414971807319,30.559163542150014
-1.6650000000001564,0.7363492950695611,6.866963130473523,31.710949220665796
-1.6550000000001566,0.7755272741659855,7.081418458848947,33.02802035091982
-1.6450000000001568,0.817988518036919,7.32485593939682,34.496628352445576
-1.635000000000157,0.8632053933310965,7.593337088601098,36.0970541332288
-1.6250000000001572,0.9105757758120169,7.882058959270197,37.80552171657614
-1.6150000000001574,0.9594785393379461,8.185852100927542,39.59648881489039
-1.6050000000001576,1.0093305908662866,8.499705981235266,41.4450596350255
-1.5950000000001578,1.0596388696983796,8.81926196519743,43.32924841069536
-1.585000000000158,1.1100411949283644,9.141217885518016,45.2318393365129
-1.5750000000001583,1.1603310867643462,9.463599131111506,47.141637049278586
-1.5650000000001585,1.210463545887667,9.785867461032675,49.05397478341808
-1.5550000000001587,1.2605410130721928,10.108858200957417,50.97043514280051
-1.545000000000159,1.3107810685461916,10.434556586324122,52.89783000819832
-1.5350000000001591,1.3614695814134792,10.765742326446302,54.84657048364754
-1.5250000000001593,1.4129047283371967,11.105545885714202,56.82862544843756
-1.5150000000001596,1.4653383711838053,11.456969001564365,58.855311093975466
-1.5050000000001598,1.5189215982325008,11.822424778604642,60.93516963495458
-1.49500000000016,1.5736607653360855,12.203349242692017,63.07218223355659
-1.4850000000001602,1.6293891848074857,12.599927122915025,65.26452119945519
-1.4750000000001604,1.6857578452099475,13.010961048035712,67.50398460753742
-1.4650000000001606,1.7422464138467355,13.43389692224058,69.77617968328563
-1.4550000000001608,1.798193525736354,13.865000860840741,72.06143819028743
-1.445000000000161,1.8528432604982823,14.29966665458029,74.33636677905646
-1.4350000000001613,1.905402995106313,14.73281908156505,76.575866649168
-1.4250000000001615,1.9551066901202325,15.159368951557855,78.7554074566961
-1.4150000000001617,2.0012772401245944,15.574671500345273,80.85331548697981
-1.405000000000162,2.0433818262206604,15.974940988605804,82.85283815172234
-1.395000000000162,2.0810751862429235,16.357580777537493,84.7437750756189
-1.3850000000001623,2.1142272190121223,16.721398810207848,86.52351647090924
-1.3750000000001625,2.1429331515857015,17.06669188612939,88.19739557566547
-1.3650000000001627,2.1675063805666834,17.395196641949056,89.77833533253249
-1.355000000000163,2.1884558115921418,17.709918952263674,91.28584131613574
-1.3450000000001632,2.206450865354158,18.014864943601808,92.74445495524512
-1.3350000000001634,2.222278160481743,18.314704782978648,94.18182689316576
-1.3250000000001636,2.2367941723161273,18.614404227042073,95.62659600674156
-1.3150000000001638,2.2508779353214154,18.918858573266867,97.10626419098531
-1.305000000000164,2.2653872109007644,19.232559674666184,98.64524230912508
-1.2950000000001642,2.2811206353298656,19.559320020289903,100.26321269274499
-1.2850000000001645,2.2987873657522506,19.902069728543022,101.97391355629644
-1.2750000000001647,2.31898481355562,20.26273384495224,103.78440630340322
-1.2650000000001649,2.3421843121166592,20.642189598178156,105.69484303448951
-1.255000000000165,2.368724072052598,21.040296955261244,107.69871251347521
-1.2450000000001653,2.398808534255111,21.455991273574597,109.78351083878334
-1.2350000000001655,2.4325131907093938,21.887424082087357,111.93175910960775
-1.2250000000001657,2.4697940247367844,22.332136805370347,114.12227444327223
-1.215000000000166,2.5105008366180974,22.787252221333926,116.33159217005225
-1.2050000000001662,2.5543937929826215,23.24966927640424,118.5354351794249
-1.1950000000001664,2.6011625262746603,23.71624832321789,120.71013066989971
-1.1850000000001666,2.650447011068495,24.18397577587379,122.83388465642068
-1.1750000000001668,2.7018592904186836,24.65009957466001,124.88784026905722
-1.165000000000167,2.755004974890467,25.11222972036494,126.85686661908568
-1.1550000000001672,2.8095033517421086,25.568401420137782,128.73004968382443
-1.1450000000001674,2.865004970534953,26.017101892583884,130.50088331603274
-1.1350000000001677,2.921205734743357,26.457265263990333,132.16718438196247
-1.1250000000001679,2.97785681313691,26.88824278734615,133.73077799362457
-1.115000000000168,3.03477004588362,27.30975734578774,135.19701378115016
-1.1050000000001683,3.0918188964534465,27.721851483508622,136.57417993566966
-1.0950000000001685,3.1489353284738812,28.124836894685377,137.87287757825126
-1.0850000000001687,3.206103219727548,28.51925056802415,139.1054049270501
-1.075000000000169,3.263349044639382,28.905819136269457,140.28518158109026
-1.0650000000001691,3.3207305748744638,29.28542918055025,141.4262221823025
-1.0550000000001694,3.378324304162034,29.659098162775333,142.54265043582484
-1.0450000000001696,3.436212249807768,30.027939094786863,143.64823314315336
-1.0350000000001698,3.4944687661141867,30.393112510553223,144.755912248597
-1.02500000000017,3.553148049006401,30.755761871347183,145.87732147052307
-1.0150000000001702,3.61227310913062,31.11693280314012,147.0222910353924
-1.0050000000001704,3.6718271014144115,31.47748170494768,148.19836539163552
-0.9950000000001706,3.7317479566241922,31.83798415932566,149.41037925697677
-0.9850000000001709,3.791927191637596,32.19865704989159,150.6601514358917
-0.9750000000001711,3.8522135215375455,32.55930937357373,151.94635902188614
-0.9650000000001713,3.9124214355753684,32.91933488048779,153.26464441112896
-0.9550000000001715,3.9723442580269928,33.277754906631245,154.60798424296541
-0.9450000000001717,4.031770474948704,33.63331271201348,155.96731600163895
-0.9350000000001719,4.090501393592687,33.984612437037406,157.33237994278073
-0.9250000000001721,4.148367659592739,34.33028788626491,158.6926979745743
-0.9150000000001723,4.205241927008872,34.66918021552586,160.03858390942878
-0.9050000000001726,4.261045157361734,35.00050045095461,161.36206660692582
-0.8950000000001728,4.31574464910109,35.32395331745099,162.6576120561937
-0.885000000000173,4.369342920549822,35.6398031556255,163.92255244802976
-0.8750000000001732,4.421857859090614,35.94887014222534,165.15716670769964
-0.8650000000001734,4.473295916904517,36.25245442033433,166.36440218944915
-0.8550000000001736,4.523621358677595,36.55219557762651,167.54927416771537
-0.8450000000001738,4.572725439440903,36.84988362212799,168.71802112990997
-0.835000000000174,4.620399751553794,37.14724387806258,169.87712358303656
-0.8250000000001743,4.666317750873084,37.44572121822248,171.0323082529696
-0.8150000000001745,4.710027672726406,37.746288523732545,172.18765708053766
-0.8050000000001747,4.7509587915554174,38.04930057389595,173.34492294975246
-0.7950000000001749,4.788441449102063,38.35440854700485,174.50312543906907
-0.7850000000001751,4.821739696613534,38.660543049042985,175.6584651016166
-0.7750000000001753,4.850093984565691,38.96596619482898,176.80455902138561
-0.7650000000001755,4.872770265276586,39.2683866689011,177.9329680039383
-0.7550000000001758,4.889111258238883,39.565126487369184,179.03395965361517
-0.745000000000176,4.898585495684447,39.853324597955805,180.09743307751458
-0.7350000000001762,4.900830075568676,40.130160417931656,181.1139200129505
-0.7250000000001764,4.8956837073288355,40.39307966263383,182.07557297813716
-0.7150000000001766,4.883207523539561,40.640005073034196,182.9770526061419
-0.7050000000001768,4.863692130513491,40.869515713795614,183.8162329804496
-0.695000000000177,4.837650387281413,41.08098034244365,184.59465543174196
-0.6850000000001772,4.805796371030076,41.27463304466143,185.31767818267343
-0.6750000000001775,4.769011873639371,41.45158304559092,185.9942917495893
-0.6650000000001777,4.728302563412737,41.61375543028196,186.63659789068262
-0.6550000000001779,4.684746627884341,41.76376533516958,187.25898184684084
-0.6450000000001781,4.639439268028781,41.9047346305168,187.8770410605122
-0.6350000000001783,4.593436804791283,42.040066539771054,188.50636466192782
-0.6250000000001785,4.547704333254012,42.173199158997676,189.1612822096894
-0.6150000000001787,4.503070759522726,42.307362497860176,189.85371291636457
-0.605000000000179,4.460194632165705,42.44536462608146,190.59224428496765
-0.5950000000001792,4.4195434137201275,42.58943024412227,191.38154996977917
-0.5850000000001794,4.381387752265096,42.741109432581084,192.2222214641622
-0.5750000000001796,4.345810984480707,42.901265943065226,193.11104031455037
-0.5650000000001798,4.312732656560943,43.07014417443024,194.04166280466916
-0.55500000000018,4.281943452036374,43.24750334499633,195.00563498156498
-0.5450000000001802,4.253147745437678,43.43279794177888,195.99361060772281
-0.5350000000001804,4.226009224117684,43.62537685919461,196.99661546005495
-0.5250000000001807,4.200194761363932,43.824670946819886,198.00719361764098
-0.5150000000001809,4.1754120390947005,44.03034059539677,199.0202871147885
-0.5050000000001811,4.15143728313521,44.242361382957995,200.03373800296407
-0.4950000000001813,4.128130780579552,44.46103578089381,201.04835621839968
-0.4850000000001815,4.105439419972174,44.68693091987976,202.06755949501598
-0.4750000000001817,4.0833871113554325,44.920754458434274,203.0966530484601
-0.46500000000018193,4.062055378060255,45.16319063348381,204.14186707139856
-0.45500000000018215,4.041557469875476,45.414724864727404,205.20930119413396
-0.44500000000018236,4.022009896088792,45.6754867434939,206.30393221890475
-0.4350000000001826,4.003505269753863,45.94513764217723,207.4288240359739
-0.4250000000001828,3.9860898338217274,46.222821232603046,208.58464034340346
-0.415000000000183,3.9697481250932505,46.5071843860526,209.76950881336552
-0.4050000000001832,3.9543960936140587,46.79646421746598,210.9792289609345
-0.3950000000001834,3.9398828196236537,47.088626498714916,212.20776473275146
-0.38500000000018364,3.9259999254448092,47.38153305756761,213.447924760335
-0.37500000000018385,3.9124969879624714,47.673112222349424,214.69211339007254
-0.36500000000018407,3.899100780677432,47.96150718053675,215.93303543085176
-0.3550000000001843,3.885536015042506,48.245181803282854,217.1642549241308
-0.3450000000001845,3.8715453644734628,48.52297092924397,218.3805382948278
-0.3350000000001847,3.8569068704766503,48.79407084102399,219.57794872042058
-0.3250000000001849,3.8414472734718066,49.057974229158575,220.7536951915721
-0.31500000000018513,3.8250503175081976,49.314361106201844,221.90577143892097
-0.30500000000018535,3.807659603711452,49.562962127998986,223.0324434483883
-0.29500000000018556,3.789276084707811,49.80341330313938,224.13165845156885
-0.28500000000018577,3.7699507827477694,50.035121236680205,225.20045343220468
-0.275000000000186,3.7497737569265133,50.25715623440743,226.2344386319622
-0.2650000000001862,3.7288607090595725,50.46818726081612,227.22742278139157
-0.2550000000001864,3.7073388618741556,50.666468338995855,228.1712330510006
-0.24500000000018662,3.685333821667595,50.84988085642904,229.05576479562495
-0.23500000000018684,3.6629590137168013,51.01603067789581,229.86927458561468
-0.22500000000018705,3.64030893926118,51.16239324264043,230.59890548772222
-0.21500000000018726,3.6174569696726775,51.28649429382598,231.23140741558348
-0.20500000000018748,3.5944577274804637,51.386109040769895,231.75398986954164
-0.1950000000001877,3.5713533996993974,51.45945899616758,232.15522266304023
-0.1850000000001879,3.548182699315585,51.505384109486826,232.4258858978729
-0.17500000000018812,3.524990745919478,51.523468685757436,232.55966688897564
-0.16500000000018833,3.501837961178963,51.51410323437727,232.55361128650821
-0.15500000000018854,3.478806210232346,51.47847074680767,232.40825884721096
-0.14500000000018876,3.4560008535541087,51.418454411935436,232.1274294882804
-0.13500000000018897,3.43354803981681,51.336473469212876,231.71766849743472
-0.12500000000018918,3.4115873614169963,51.235263486319475,231.18740537712583
-0.1150000000001894,3.3902607808168814,51.11762542706302,230.54592215232253
-0.10500000000018961,3.3696993883861177,50.986173160107775,229.8022576202102
-0.09500000000018982,3.3500099644910466,50.843110604981284,228.9641887905564
-0.08500000000019003,3.33126342371163,50.69006708779427,228.03742666642432
-0.07500000000019025,3.3134870004500976,50.52801285602397,227.02514028765268
-0.06500000000019046,3.2966615265309915,50.35726684079604,225.92788317039117
-0.055000000000190674,3.280724429763941,50.17759690327639,224.74394495463056
-0.04500000000019089,3.2655782551468175,49.98840051521313,223.47009497601468
-0.0350000000001911,3.25110369839844,49.78894275134009,222.10263112457147
-0.025000000000191314,3.237175462270452,49.57862013290241,220.6386039729048
-0.015000000000191527,3.2236787979569224,49.35721444931741,219.0770587331469
-0.00500000000019174,3.210524443875946,49.12510091201205,217.42013010602045
0.004999999999808047,3.1976598496278115,48.883380001146506,215.6738389826795
0.014999999999807834,3.185075058489642,48.63391168970803,213.84847402373555
0.02499999999980762,3.1728023598662083,48.379243337946335,211.9584915619135
0.03499999999980741,3.1609097197579668,48.122436936075104,210.02192805401913
0.044999999999807194,3.149488932063542,47.86681570188849,208.05938288236266
0.05499999999980698,3.1386402731226437,47.61566235783001,206.09268738814194
0.06499999999980677,3.1284560569987554,47.37190988426583,204.1434205817804
0.07499999999980655,3.119005772577768,47.137868716807084,202.23145630518272
0.08499999999980634,3.1103253686495584,46.91503139516422,200.37372633462266
0.09499999999980613,3.102412727168798,46.70398656510807,198.58335778298073
0.10499999999980592,3.095230477610803,46.50445987926393,196.8692935945275
0.1149999999998057,3.0887161677876738,46.31548150214244,195.2364379552726
0.12499999999980549,3.0827985795899355,46.13566104529711,193.68629312712903
0.13499999999980528,3.0774178513161785,45.963533635482385,192.21798147886287
0.14499999999980506,3.07254623073924,45.79792817163055,190.82948751019487
0.15499999999980485,3.068205892008133,45.638302843904135,189.5189190710622
0.16499999999980464,3.064480400965174,45.48499492878105,188.2855811409677
0.17499999999980442,3.061517121725789,45.33934180517299,187.1306813382203
0.1849999999998042,3.0595190471238625,45.20364686738662,186.0575406509618
0.194999999999804,3.0587260494736896,45.08098524524714,185.07125793262668
0.20499999999980378,3.0593871686068943,44.97486692706206,184.17786121325102
0.21499999999980357,3.0617270369968,44.88879569131823,183.38305990972339
0.22499999999980336,3.0659106543923875,44.825778119180626,182.69077709501462
0.23499999999980314,3.0720112832327358,44.78784555131157,182.10168012351468
0.24499999999980293,3.079986136497784,44.77565192603435,181.61193519573524
0.2549999999998027,3.089663762942512,44.78820199935333,181.212385905014
0.2649999999998025,3.100745690518924,44.82274872155114,180.88830142364083
0.2749999999998023,3.112823142337251,44.874877743180214,180.6197649219683
0.2849999999998021,3.1254077258232056,44.9387739966228,180.38268802905412
0.29499999999980187,3.137973175711325,45.00764311330597,180.15035464364917
0.30499999999980165,3.150003754418174,45.074241942513254,179.895328450485
0.31499999999980144,3.1610439811789024,45.13145990035634,179.59151203141943
0.3249999999998012,3.1707441003166945,45.17288770220553,179.21612697099346
0.334999999999801,3.1788961419589143,45.1933126191291,178.75139529662073
0.3449999999998008,3.1854565107747197,45.189089136799,178.18574041206583
0.3549999999998006,3.190552607995391,45.158349285104585,177.5143843951758
0.3649999999998004,3.1944728330858294,45.10103580021803,176.73928973827236
0.37499999999980016,3.197641176551325,45.01876119620327,175.8684677873403
0.38499999999979995,3.200579262898256,44.91451429396583,174.91474399872664
0.39499999999979973,3.203859932691821,44.79225066220701,173.89412387584403
0.4049999999997995,3.2080571347727598,44.656413261849025,172.82393769500408
0.4149999999997993,3.2136969896676635,44.5114336192341,171.7209544464604
0.4249999999997991,3.221214425743807,44.36126215865992,170.59964636395947
0.4349999999997989,3.230918896963454,44.20896969240005,169.4707581494891
0.44499999999979867,3.242971529857327,44.05645181259938,168.34029453735758
0.45499999999979845,3.2573747990767883,43.90425564624284,167.20899214768025
0.46499999999979824,3.2739746621690884,43.75153572993395,166.07229264059742
0.47499999999979803,3.2924741206876336,43.596134036767836,164.9207892268695
0.4849999999997978,3.3124564854165253,43.43476948328918,163.74108155018592
0.4949999999997976,3.3334162175144346,43.26331516823357,162.51694721533727
0.5049999999997974,3.354795052818805,43.07713732976773,161.23072263879487
0.5149999999997972,3.376021118293137,42.871468381546734,159.86478095841298
0.524999999999797,3.396548832180357,42.64178697594065,158.40299897063335
0.5349999999997967,3.4158974696947237,42.384180285945796,156.83211635746912
0.5449999999997965,3.433686331207256,42.095667010230244,155.14290646074397
0.5549999999997963,3.4496644672411163,41.774463466845376,153.3310962768877
0.5649999999997961,3.463732931885994,41.420179156641275,151.39799225431588
0.5749999999997959,3.4759576218529156,41.03393211688166,149.35078649908598
0.5849999999997957,3.486570993984164,40.61837818626002,147.2025344064079
0.5949999999997955,3.4959614126375445,40.17765204220801,144.97180944604486
0.6049999999997953,3.5046496022428344,39.71722171067219,142.68205424512664
0.614999999999795,3.513252663127896,39.24366235003926,140.3606598781874
0.6249999999997948,3.5224372859301725,38.76435954890916,138.03781794622185
0.6349999999997946,3.5328650504462504,38.287157058225986,135.74520273734197
0.6449999999997944,3.545133854434802,37.81996849368672,133.5145529803713
0.6549999999997942,3.559720403422998,37.37037657733194,131.37623316321242
0.664999999999794,3.5769291325397363,36.9452462782215,129.3578612356758
0.6749999999997938,3.596852798494802,36.550379079381486,127.48309066796845
0.6849999999997936,3.6193492183388116,36.190233990015074,125.77062848128851
0.6949999999997933,3.6440372744170944,35.86773656635586,124.23355600096627
0.7049999999997931,3.6703134756910774,35.58419021947535,122.87899592858835
0.7149999999997929,3.697388265350701,35.3392950210858,121.70813953487486
0.7249999999997927,3.7243391440012736,35.131268998681975,120.71661431053727
0.7349999999997925,3.750175799892445,34.95705672371517,119.89513917779827
0.7449999999997923,3.7739110388315056,34.81260109628135,119.23038557751323
0.7549999999997921,3.794630560739745,34.69314774251688,118.70594224042526
0.7649999999997918,3.811554625433508,34.59354818709605,118.30327204350766
0.7749999999997916,3.824085380309871,34.508528344975986,118.00255240717031
0.7849999999997914,3.8318349921415034,34.43289284464787,117.7833059584742
0.7949999999997912,3.834631570996652,34.36164279606179,117.62475394294337
0.804999999999791,3.8325019936274507,34.2899940981344,117.50585827233014
0.8149999999997908,3.8256329145450487,34.21329432492071,117.40505567967341
0.8249999999997906,3.8143133005103937,34.1268476735243,117.29972560427186
0.8349999999997904,3.7988635780136786,34.02566847862138,117.16546876510944
0.8449999999997901,3.7795578248068753,33.90419355236318,116.9753029528901
0.8549999999997899,3.756546286164708,33.75599131904931,116.69890390386828
0.8649999999997897,3.729785805600063,33.57351065272758,116.30203015443861
0.8749999999997895,3.6989855012204202,33.347913801823566,115.74626981096044
0.8849999999997893,3.6635741821637406,33.06903517954688,114.98923289561552
0.8949999999997891,3.622694592317116,32.72550066007115,113.98528463070726
0.9049999999997889,3.575227626457022,32.305030209022796,112.68687293657953
0.9149999999997886,3.5198472653305135,31.79493053450679,111.04644916930236
0.9249999999997884,3.455104256531935,31.182764936599135,109.0189181149068
0.9349999999997882,3.379533728201341,30.457166306909393,106.56448682439517
0.944999999999788,3.29177922458339,29.608738548937257,103.65171908490902
0.9549999999997878,3.190723399278857,28.630974216313195,100.26055132457228
0.9649999999997876,3.07561410152896,27.521104605622373,96.38499470414273
0.9749999999997874,2.946174108787085,26.280795202119222,92.03524389759174
0.9849999999997872,2.802683468258897,24.916605722336424,87.23893975194002
0.9949999999997869,2.6460253484618295,23.440150278814535,82.04139097948072
