MO_Energy_eV,Cl-Te,Cl-Zn,Te-Zn
-8.998228037288314,0.013404033953915586,0.04067882870833168,0.30401999616566316
-8.990038811965217,0.006016387970136649,0.030629228122413567,0.33862470203277606
-8.988440441456396,0.009653844560239605,0.026569312262697858,0.358985256071464
-8.981876843348907,0.010185297874335478,0.042383772453057064,0.33008556945777645
-8.969242912887509,0.01874739383925526,0.05151140863637931,0.2846160699329246
-8.962556503590687,0.00459101605595311,0.011996071470803088,0.3441353059607274
-8.951527129185374,0.010613764796302943,0.036699895339573164,0.3060211099458014
-8.942755696492819,0.0128379381233509,0.04725139241498987,0.2540309583514562
-8.937049106415998,0.015749289734171428,0.04129913186948029,0.24911098020737607
-8.931827594481176,0.012017920560936207,0.034880046055875705,0.2628802374942204
-8.921751100926395,0.006574656082531457,0.04072312983236276,0.2870950177520145
-8.919630169314766,0.008513066093064759,0.038622825724156665,0.311818399768542
-8.916008613658356,0.0065612303404195575,0.046118817203596195,0.2986862527020098
-8.906456487982057,0.005561810377869769,0.052871809693806796,0.25583292240107414
-8.902975658402672,0.007353288046155595,0.040317647201973054,0.300402281690128
-8.891360001003354,0.011702023448625126,0.029066618428905372,0.3296427472776433
-8.884252050143159,0.010627265007849851,0.026169002323692316,0.33090546059281084
-8.878063738447308,0.01110131338961723,0.050462452909424194,0.2615418422720092
-8.871953403529771,0.01404171671018844,0.04728980870223362,0.2382125065186759
-8.867776020673379,0.008526286545075043,0.02611139766793007,0.3312686712663811
-8.856306820023072,0.012891729531706501,0.03767868497795361,0.2433083124787851
-8.845748093906053,0.011282659458684783,0.02163246355560586,0.3383019260938146
-8.816611759059942,0.008955682812529437,0.04273963587199747,0.24961934753118392
-8.810939057688552,0.008954010653598637,0.06370125253034827,0.19817902382375518
-8.807438468943756,0.008399308085889193,0.03200720125298884,0.2961654305399881
-8.79589707143448,0.011840630239440266,0.0424510645596886,0.24604527515117366
-8.784762507775858,0.0075582508262683175,0.050729536516453455,0.24987382580476025
-8.770554410089616,0.007816987831244142,0.029187880358287496,0.32697484544784367
-8.761983706520214,0.010600976790196233,0.025014920943460892,0.31550391944837075
-8.746101205187633,0.015714777613726735,0.027657819428861214,0.298662741326422
-8.740696115765298,0.01189383973875485,0.027908134638962724,0.30735620522140816
-8.73120644470704,0.009695532190033348,0.028769765672886638,0.32169694932853043
-8.71983504008607,0.014261380976230557,0.02719939410240772,0.29451641235647025
-8.710312835353927,0.009926797894092437,0.031792248837038684,0.29189028025327884
-8.700507037027974,0.013577661791586983,0.03309429175488034,0.2868171727454519
-8.697285559648147,0.01260534964718371,0.03331465528411606,0.29367165045199606
-8.68972732436388,0.012754892909421174,0.03534904494551034,0.28307963561404453
-8.670441936531805,0.011278736622406135,0.03308869068795287,0.2550803158949437
-8.6651114465954,0.008439360855367846,0.03462653131089193,0.22049297071099397
-8.662652651429507,0.010930281979404115,0.03687257954731623,0.19334351178079462
-8.653675192285187,0.010788925787000928,0.03840076462516199,0.23735843873385534
-8.64997911091235,0.004187560385048792,0.03567835369074975,0.23154280637433972
-8.637570616222414,-0.0014259404987070356,0.03973697615356947,0.2220906276777542
-8.624166855805374,0.007193294658858823,0.02833980191251392,0.22470444162095207
-8.618985919597367,-0.0012545354069960198,0.03296022341258459,0.20830066521368723
-8.598750034764423,-0.007838886905953402,0.04268428689911343,0.16874309860340272
-8.593859735846918,0.01609679696608983,0.02559749015574782,0.1921212374484089
-8.550260690427901,-0.0014563026125268617,0.03529077084954462,0.18672392578423883
-8.543898034306634,0.001837501542878496,0.03304892943838001,0.19914060129092093
-8.510936574290922,-0.002532241507902223,0.04150833228267919,0.10744137289619987
-8.504057300363517,-0.005026917600693916,0.04533855763842481,0.09978055753219499
-8.48690678421282,-0.005917838523975973,0.04175737507321529,0.12062449492122629
-8.476036997994786,-0.0024461575113779123,0.04314813038447616,0.13190585870690943
-8.46883582959034,-0.001014517272942334,0.04046629494362021,0.1573309482033985
-8.464407749410324,-0.005616739337258864,0.033689358624766096,0.15782896959935616
-8.454479420213785,-0.0031447401245021872,0.03847879632238079,0.1546574945891514
-8.451142944481015,-0.0025048068046053893,0.03162737279275498,0.20372644382711314
-8.439906624026014,-0.00040617378670067044,0.03076104958547002,0.22091085795610377
-8.43287201651169,0.0022586629063398415,0.024590347646393406,0.27914915027214104
-8.418809555244684,-0.012154827202102866,0.0335238148344862,0.20991833681227787
-8.41054105159668,0.007500435518961779,0.030587684233063808,0.22543289133814376
-8.399380187251559,-0.00781824676586393,0.028078443378332964,0.1607334927382001
-8.36344500948192,0.004049316448233972,0.02280556069136912,0.08541662235575458
-8.353604913564988,0.014809499207702179,0.020279084522649527,0.17633545927539668
-8.351633388859772,0.007423715154616677,0.02231435029888845,0.08746652003472825
-8.344395549015122,-0.00264555565129308,0.027002979410383068,0.09675440089271878
-8.33814172601554,9.306781955536832e-05,0.02396640341016127,0.1087004517273455
-8.333237242891723,0.014591502865313489,0.014808227211234383,0.13041428816867517
-8.326579309338289,0.017873699940501135,0.01273348625876599,0.21042201019789766
-8.314677597617504,0.01687344895493531,0.014121895018886447,0.17527234532048525
-8.308055792943097,0.012957044859471278,0.01343982671550581,0.2055473824098902
-8.302733433272946,-0.004578499294264008,0.019699296103178388,0.12464553091747005
-8.294696106099888,0.006706980774569199,0.01893228006433803,0.15497932476406245
-8.289208202726405,0.004185334924413439,0.018582125972708887,0.12858486251794543
-8.283438010571803,0.00607277735924999,0.011035730069917286,0.18971214468931646
-8.276953847690658,0.012312871772119515,0.015586875399942784,0.12583838534997963
-8.27333757934527,0.0070790961743235755,0.016813427377671403,0.12951459983844496
-8.261840751726234,0.0025217558285192242,0.01946067540551111,0.1566319665934815
-8.259041323644635,-0.0012279397036366183,0.020476270117692773,0.09111460018217474
-8.25349953887573,-0.0005661090167268532,0.01329326150434594,0.11580463286476181
-8.24154963154781,-0.002966301683619656,0.016878665375398175,0.1383877953048103
-8.215866074422761,0.011612044309980182,0.019532563983789476,0.15950962766160812
-8.213402152915453,0.021315912149422984,0.024115521657207505,0.12475200257035557
-8.204503671274969,0.014673293031293628,0.033482673538917485,0.08413569453920305
-8.19160711906868,0.004192493259691299,0.019504664027525237,0.1853237648100941
-8.19115290532247,0.01418242273255364,0.024183217479668204,0.11988583444720492
-8.182218141543212,0.014592270724129434,0.013947541069301354,0.07025736075647147
-8.165985835379132,0.013251349708642708,0.029562775750036324,0.0883240499789077
-8.160182958821283,0.01169137952363749,0.021917788809308773,0.08890323013200344
-8.154914505003536,0.009312845673656932,0.018654107179164908,0.08988164161812835
-8.151217006192786,0.007994611132638647,0.027185734686156638,0.10603999484061093
-8.145871836526597,0.011518981222318044,0.02016625651895093,0.10690049375179635
-8.137529399135678,0.006920429807913022,0.020760226217902713,0.0955326426498469
-8.133841943123867,0.0026961239424765243,0.02247728170835014,0.126663736526684
-8.131880048396008,0.011877816607874585,0.024870030327149677,0.13152369590155388
-8.120816419434105,-0.003094107876404004,0.018789463374616042,0.15204824535664072
-8.113324271773811,0.013405667205827499,0.028750398215420383,0.0970608146625171
-8.111251394100503,0.012930403685200804,0.029522942808892002,0.09386815889286428
-8.109624785895857,0.0049839721921138575,0.02107106784978539,0.14670458148152662
-8.105375691175881,0.009750513458613263,0.02612907382823588,0.10155836258933226
-8.100174293485173,0.0072084901785022795,0.024205748006970607,0.08697774632608805
-8.093459379802264,0.012235393604694717,0.029728384467989123,0.08084827951046868
-8.090041336456144,0.011256832161416886,0.028073996928053634,0.07398168851656277
-8.080765662244644,-0.0005934221394683955,0.02495132909336404,0.07082141404664759
-8.079106375792657,0.011575990587879652,0.03500137495083959,0.06590344368437846
-8.073519507001258,0.008800745749282914,0.036664473842974124,0.0684260496598536
-8.066057776142497,-0.0009819045366392986,0.01810464302916128,0.09600702254717625
-8.064998166466987,0.013852636125191845,0.025957151487763626,0.055154974313482805
-8.06044713266464,0.0035691337807132015,0.02387029512116726,0.07611398318328236
-8.056388415103129,0.010112912517194907,0.0262056483372988,0.06539999538477816
-8.046660719324338,0.00938745796310841,0.038347102337604765,0.051603903390183725
-8.040941948334565,0.005916246794047917,0.03449695363994147,0.05718061694064024
-8.035224325848562,0.003408767328103598,0.031648692284629694,0.07081504291624996
-8.034298858345588,0.006329276076211,0.02725485369435725,0.06913741798317112
-8.022644073242546,0.006192490019813243,0.030710384042479333,0.06754475508325113
-8.011005431080783,0.0011752447372235316,0.033668982157123446,0.07520866427325198
-7.9993267938525,0.006791021291644948,0.019505537699944054,0.11760469479849076
-7.990483187710376,0.008831628867783537,0.0371411777090498,0.08489104381804564
-7.977029944839387,0.006390669456515617,0.03460014818417829,0.0888230020312567
-7.975510137041719,0.008398045818142226,0.03619746196399968,0.07801109589081785
-7.966091326080685,0.012103008489977512,0.03293407129850961,0.09444256349704896
-7.9435663830804994,0.01729487839388537,0.022444472996241763,0.13431430963484395
-7.923950767875489,0.006583618930272408,0.017596089562731395,0.1579348419680828
-7.91957147216903,0.019397123874290125,0.009770338772085024,0.19061565616101453
-7.913830470113745,0.003303293881693658,0.01787491434346914,0.15827837862660557
-7.902844993382235,0.00441973568694208,0.011981748796970549,0.19066103064220857
-7.890247997774242,0.029231277727813927,0.010134621063331304,0.074481495228716
-7.881296103541473,0.033075870032806064,0.010356130063751252,0.055315132225254
-7.873410330853894,0.03381476531946896,0.009482380303040043,0.05497067135054896
-7.861835982962026,0.02144570369047722,0.010173112193581128,0.10151400129961544
-7.8491433856435275,0.02413945120615316,0.006955218962432964,0.10842874232934145
-7.84385919111481,0.014387048092154447,0.011821321276788553,0.09791995623375475
-7.835265696835823,0.0317980575146495,0.010057201419007967,0.05934850961455691
-7.825681352956099,0.02795241708400918,0.009915418582028736,0.07348684582656699
-7.817046938089255,0.010704887362779634,0.013797341627136283,0.10671902248412231
-7.804507026712408,-0.0002521343612299994,0.015413943376269335,0.17950776733241644
-7.79746453720875,0.01625896953102683,0.009783159461235293,0.10301292096933863
-7.788854862517224,-0.00560343585548847,0.01624780717006466,0.19386194806018497
-7.787752054510842,0.01211351189564486,0.012726653121843226,0.09771762752417787
-7.764337809014934,-0.01009467542886842,0.015185103538009514,0.21790944069756094
-7.757214402553733,-0.009417770163740215,0.016475342342287334,0.19536069503818104
-7.7553489435889205,-0.012228631664008621,0.017944783341343744,0.2111670848689444
-7.739083687866523,-0.009333785415087233,0.017538865260892284,0.20559199533061123
-7.737067310895815,0.006332174515270355,0.01535130121359056,0.15165074486982802
-7.730491219605974,0.01655039175848532,0.01408894071522915,0.11326339935487699
-7.723575151743261,0.008843413460729588,0.015272731595723022,0.12679709959131927
-7.719394068221013,0.009358622405650436,0.01641548112809143,0.11528762374962567
-7.713121835471134,0.011127171730446576,0.01412128605613421,0.12030011081861221
-7.709960427666585,0.031868366326441425,0.01428333385203062,0.05599028359678123
-7.7003306490645915,0.00984443402518987,0.015943499115612225,0.12223833825194753
-7.697653238872779,0.008481596935222137,0.016784322777346115,0.114002823000908
-7.694330717094204,0.0033755833644884448,0.01464716493851053,0.14099666373906028
-7.693279392297659,0.020009994451322573,0.014961641676166385,0.060561971687288094
-7.68267022774765,0.007379414790413215,0.017340020059116345,0.10110572689870814
-7.676623846432606,0.008170418757438276,0.016963846052574755,0.10932838826408461
-7.673447343576139,0.005078771468882051,0.01911074763302653,0.09647820753828132
-7.666183661774316,0.0019894625758018914,0.01858585867363449,0.11334130277956919
-7.662896825585382,0.01030298108336414,0.01856379876294915,0.09485610514335333
-7.659018487072344,0.006548522606839982,0.015285231583454725,0.12643530645979315
-7.649133466957761,0.009594265670760847,0.018812302728925385,0.09513535958201094
-7.637419857725576,-0.0042420551467359105,0.02084754115231446,0.09284866475380509
-7.634576863628541,0.005870689808745157,0.016208525067559078,0.11444576400546252
-7.626685725198848,-0.0026129360769729442,0.014052453983234351,0.11410477337498767
-7.612019990516035,0.0014113848892925718,0.010762566235049694,0.1282220340987511
-7.596327434032001,-0.005628725456667855,0.012125272611254687,0.12293732251001654
-7.588699218189193,-0.01894948575333294,0.009554088782070482,0.12842189627236106
-7.578370612573184,-0.019216671597651613,0.010124407209799055,0.1482169424985465
-7.569402029321165,-0.019376323293807278,0.00727732259173668,0.13056433291232114
-7.56178984656596,-0.009621390891522788,0.013792932013682365,0.11128270514778017
-7.558101444452781,-0.014442188019652288,0.013806821129516214,0.1198566059090602
-7.55036297188441,-0.017252390401510123,0.011153057676135196,0.12757444230984796
-7.545416506581625,-0.01266018407983748,0.01960373873891017,0.10884795524131606
-7.536627762206122,-0.020776535894918385,0.01947983695661152,0.1378826216872584
-7.524296844734812,-0.02095252571408624,0.016542649415629544,0.1789690233762061
-7.507347173556465,-0.02051789924810321,0.01801077540069457,0.16979863500940554
-7.503190928419222,-0.021500185649978992,0.004019708109434147,0.17183644872522502
-7.48610862174333,-0.010262133032599983,0.011744215289862473,0.08049066762293103
-7.482653186084993,-0.022067388665261093,0.007398659274565667,0.154945145955091
-7.472888654416527,-0.017329386051410406,0.009433932640872101,0.11250316800087873
-7.442661082622826,-0.03320032973150699,0.018423002846628535,0.08518814828715306
-7.433213679596127,-0.042641951584049965,-0.0009719282234881513,0.1645707085280857
-7.425085955849768,-0.043604638915256344,0.0038520045293621613,0.14471161839464114
-7.419042899678804,-0.03898622909799983,0.005203786820197226,0.1258602818124221
-7.411809034748561,-0.02003384746730721,0.01346139108085611,0.08620695588891501
-7.405737410421413,-0.04634039340864477,0.005953302003375659,0.13192059463034764
-7.40245595023007,-0.050051552339084794,-0.003870816246941801,0.1524231986611117
-7.393979466559029,-0.04270559255469662,0.001712505433961429,0.159046262454485
-7.392186950740922,-0.033110107139310244,0.01111136143179399,0.09860658913658593
-7.380836625880251,-0.039990069651667876,-0.004582593603540467,0.17330113791824142
-7.371155621890236,-0.03027413479176588,0.0003244555996381062,0.1513361954442788
-7.369637993265403,-0.017643789813310308,0.007478458973966654,0.11605399854333479
-7.350568243307521,-0.013426457388137447,0.008242036524166394,0.11006651203949354
-7.349762694323201,-0.02128367676874295,0.004329708587926701,0.11820466052769152
-7.333276351458604,-0.016822902612872725,0.008739157513883867,0.09947568708064534
-7.318668041564541,-0.027825713212947484,0.0026701947389121935,0.1306459964414335
-7.314993376883811,-0.00784732513361927,0.004831340170797451,0.07655609332795947
-7.305604642604105,-0.02881234737609031,0.0013414006083661055,0.11665254961563634
-7.299337321587027,-0.031928675963949035,-0.003721795754403367,0.12343680138301585
-7.295187546246085,-0.036998801138829765,-0.0038123069204474076,0.13078203186483503
-7.289881275101409,-0.025517649095962144,-0.00035118696738635073,0.10686035718074284
-7.284863513945132,-0.023950554936804324,0.003099015574192525,0.10737898086127814
-7.276055402016961,-0.03046770306295021,-0.001729679687756666,0.1822752697382431
-7.266212514204268,-0.03399706028132615,-0.0031416365792623843,0.10351761000690285
-7.261337978594664,-0.01829636315063337,0.008421348824994318,0.08501391626963364
-7.254953228461966,-0.0287060714091577,0.0065855304979327576,0.11266039970292772
-7.253204068998772,-0.035279602412707785,-0.002388253450519141,0.1502653822132389
-7.2467918747311835,-0.028763187335858226,0.006133383049337683,0.12725102577053213
-7.243063701161044,-0.03589364877190596,0.002814888353613204,0.14679887388649582
-7.231313556259162,-0.021739151907582493,0.01254087967731007,0.0895444084315995
-7.224991842768314,-0.02938824316359879,0.009842401543330923,0.113025823084422
-7.21720069718828,-0.03851544409802384,0.006214550278891873,0.1261926152359227
-7.205351980087768,-0.029322592280800638,0.011767712224819479,0.11101188868573393
-7.198031287519503,-0.02619086737764323,0.006710944852394857,0.12362955208696261
-7.194377164401835,-0.03624726625885606,-0.0013998773474928978,0.10450671492807384
-7.19090446798165,-0.016238861227426748,0.009186199862854103,0.08590141153795115
-7.187692334608254,-0.046353018762353926,0.0037821015284847156,0.13394870086163457
-7.18110328537737,-0.04294420646687163,0.005057058388025704,0.1235148947700813
-7.166736874941133,-0.04251280263872482,-0.0029619376755532214,0.11753383103166018
-7.166489687974045,-0.03378149059654415,0.005380073702428252,0.09378823269577366
-7.159712126266487,-0.038942304439275544,0.010325167036392021,0.09303436910629906
-7.153092333718757,-0.028976161074845633,0.014217584014870272,0.08846639932945921
-7.143853082443713,-0.033318595545667865,0.01688873041220742,0.09038867664839634
-7.076265293531578,-0.04294346876307545,0.007197712791525814,0.09459610532785218
-7.065718305481227,-0.026547761775610912,0.0032676630159193362,0.08546900365102271
-7.0500332375522,-0.02015463096293208,-0.004717206896270256,0.09834439365793951
-7.043344248303719,-0.02177987529159164,-0.0006012051176492027,0.0876297049025395
-7.036399438952438,-0.015769173783271532,-0.0023202198819562646,0.08428701746322051
-7.033744305673971,-0.02766214897688346,0.003245646098191801,0.08273601823438961
-7.026402702428641,-0.01931000708894973,-0.0098376805605665,0.12423680380659008
-7.018152701573575,-0.024547216921779177,-0.0037493831065710773,0.10495248953321992
-7.012784388425618,-0.023716005624377864,0.0014649429870131248,0.07959373162422123
-7.009406098323896,-0.020933801114068496,0.005742648276323781,0.06952117344701261
-6.991282682574592,-0.037700917751761515,0.006846065507532314,0.07997138103261808
-6.989237578439873,-0.0317017542871873,-0.0004909401653732149,0.10381873642559851
-6.98547791555512,-0.04305150637642376,-0.0030742227874607448,0.11483174160166719
-6.980692727423711,-0.027639496475254505,0.0013018657000980682,0.09984545318493757
-6.979123951427353,-0.032953293825163654,0.0012154156532131768,0.0960964704501781
-6.96787815745336,-0.03149802600335032,0.0038098098491704223,0.08532682234302189
-6.959441280755514,-0.029009618895796757,-7.56801410825835e-05,0.09608453224138498
-6.950979664746104,-0.03100053688465506,0.00045941911172242984,0.09551658476996945
-6.948824564361099,-0.03598385079754111,0.0010720353610414485,0.09770467690292511
-6.941895285725967,-0.0350391772495717,-0.004639652136935767,0.11938202507016392
-6.93824436156372,-0.0338682430258314,-0.000529667506207435,0.10934812907779508
-6.936110836839673,-0.03304124330126205,0.004280577179191588,0.09139088419374018
-6.928229709739809,-0.028802814304172926,-0.006819855715156113,0.11681075904015854
-6.923752754487228,-0.03761799264753673,-0.00801868296969736,0.1314398128460055
-6.91886771577531,-0.03393860256123014,-0.0048335729646158425,0.12780567973760754
-6.909490152469142,-0.023495199439689002,-0.0018767487382993853,0.10785200161021317
-6.90754296236723,-0.02619477894232325,-0.004237239442182308,0.10833496599976943
-6.895437066413717,-0.029212764636715058,-0.002291181864254805,0.1110852631557124
-6.89099880761206,-0.02904162063948933,-0.0006838284254622448,0.11958192367417762
-6.884118532064953,-0.03614816020155114,0.002215422177137728,0.10324174737017083
-6.878645173790247,-0.035467996774334494,-0.004628074077928305,0.12474203203781276
-6.872633392003919,-0.038976231791869945,-0.007573235540985145,0.12517625544313557
-6.8674730433958695,-0.040653026004135735,-0.007609129189994567,0.12802493375582896
-6.862450236252783,-0.04279968402212256,-0.01032893148949482,0.1366028508585873
-6.853323791714777,-0.03525245825863032,-0.000595111338963444,0.10042645865584393
-6.843990124959899,-0.043985018993148634,-0.0029647328667170916,0.11583081726859934
-6.83893184828836,-0.04075923045452661,-0.0014393570374237024,0.10496605175263503
-6.8284971509845205,-0.03500721309301848,-0.006182500741749954,0.1119068795645388
-6.8189776665422785,-0.0366236489164525,-0.010441687426035124,0.12839476768464728
-6.809239687185695,-0.04017163963198748,-0.0011712530104808427,0.10739239704507873
-6.80261500087969,-0.027358466450334386,0.0020159640698864554,0.0907090087874697
-6.800156049734532,-0.03179695737563682,-0.00287374298660317,0.10420455193340035
-6.797429626056419,-0.03728834975427788,-0.009078508675361295,0.12431671432494676
-6.794690649645596,-0.035942708227625825,-0.000998787930587184,0.09936501802018993
-6.782755240140016,-0.029447488678241603,0.002641851001704123,0.09212781368561612
-6.774097930434988,-0.028363511827714193,0.0048911475285599885,0.08946650043793578
-6.767897880405782,-0.024196747947193103,0.0026374963971781476,0.09245863370305835
-6.757924958495793,-0.024947347095822088,0.0028455823991521954,0.09289071715456695
-6.742910114940795,-0.027107506188050502,0.0006255849271958078,0.10149602604252247
-6.7391695903825655,-0.028937731341952422,0.0032516452985492435,0.09328687742990953
-6.7379243811833085,-0.02804999687554537,0.004104417178992214,0.10144195871192507
-6.730524416612497,-0.033790196909774174,0.004353063798780302,0.08975288266060985
-6.705458920934143,-0.026428698858954505,0.002157641742155349,0.10059579174710427
-6.695153233509106,-0.030845836964661266,-0.0020986543183305123,0.11529176003373999
-6.6897277092617715,-0.030836859351761992,-0.002240878755785181,0.11237415228786983
-6.68744460177838,-0.031466379758795994,0.00017230636465890588,0.1017754955028496
-6.6784486815296,-0.03830173972567049,-0.0054847597510480385,0.1274390762265472
-6.673914394851592,-0.03060535636481384,-0.004343204960102298,0.12160220766214054
-6.66279064193373,-0.02446489236022221,0.0009333735868597914,0.10259118878620024
-6.6600792238735895,-0.0322763818866315,-0.0031860480078581633,0.1139047031544983
-6.641714422946282,-0.026229240534821504,6.225849554374951e-05,0.10415779706322777
-6.624873215238361,-0.032043016989684994,-0.005646046874628152,0.15348754112096066
-6.619106766436626,-0.03267531998496726,-0.005712017193778142,0.14188473528644527
-6.608032985676348,-0.031222572484176377,-0.0031535290232891622,0.122094437068634
-6.602988044578354,-0.030128467060648968,-0.005784425593498341,0.13434797454794548
-6.591061323433123,-0.0288111273745636,-0.0034808153354880856,0.12472329313757495
-6.581800495695145,-0.044500061141165,-0.013417777889720074,0.13622427873983362
-6.570986906569964,-0.03478895466173328,-0.009643734501038635,0.13061501071784326
-6.552727755387728,-0.03490220796711341,-0.006823180433502505,0.12623949908204182
-6.53980363824071,-0.03340919194514658,-0.010222790395177761,0.13003985280537855
-6.5277923772692485,-0.032991576352162696,0.0006209223543777792,0.115966788711176
-6.526504691258842,-0.03039665378344342,-0.00010414250394912299,0.11694679893445667
-6.523786305769097,-0.03332928053484628,-0.008449561559006422,0.12604194082777878
-6.517760732473976,-0.03206430344923991,-0.005127639624048135,0.12041910617776076
-6.509634174454504,-0.029990025938551584,-0.000863589288217627,0.11506761636945616
-6.508062855278548,-0.03056933638052938,-0.0024249368172520286,0.11782973346913009
-6.498479359721443,-0.025315462776504722,0.0004455086638702428,0.10395579678932867
-6.48904248227945,-0.025523232097502617,0.0015793060064533565,0.10088697482728164
-6.48489969467081,-0.03528146807173864,-0.004710769134517733,0.12285224844388377
-6.4784044502984335,-0.03346643197432864,-0.0036986217615615252,0.12656164108623122
-6.4775663626682105,-0.02910289941927139,-0.004708444642375223,0.12196010349242482
-6.465100884767399,-0.026607578584556552,-0.00027720424783024924,0.11443966390911409
-6.456633724270463,-0.02245831525427182,0.0002509857476759142,0.1056302643581916
-6.45636554641523,-0.02772217711513709,0.00038033842129386403,0.10737707201679011
-6.442797712521924,-0.028060479124559827,-0.0015594259031110954,0.11533799264351002
-6.428628395118877,-0.029113098606459813,-0.0008279496815821758,0.11495231575424403
-6.4221480354407605,-0.027880325668105006,0.0008435464015682419,0.11126295225768476
-6.406353290112642,-0.0253063194581076,-0.0003552412323160031,0.1131967569452319
-6.395847457142504,-0.03798252944119606,-0.00522721230785381,0.12568040689359267
-6.386280953585224,-0.026696075273293964,-0.0019322185777319821,0.12280234005043175
-6.384585511132265,-0.03465413895932963,-0.002606768082680093,0.12330738858183535
-6.3770050384787815,-0.03638270126791011,0.0027930105345678954,0.10647493804313288
-6.374204746318387,-0.03129186697216883,-0.0015401791219254457,0.11980634982715643
-6.363311592854117,-0.040964075133034225,-0.0042850161773615916,0.12219957301106708
-6.358123206945245,-0.03408330451032921,-0.004921538722281999,0.12786224229839213
-6.351126521287055,-0.039505744805174846,-0.005122883513354612,0.12682555964108597
-6.345296712471125,-0.03285985329110743,-0.0024446449048728786,0.12554994682685572
-6.341302469421652,-0.03373832932897346,0.0014436436899286868,0.10857859398510343
-6.336513715584737,-0.04002682581584082,-0.001439254983735547,0.11680168778392998
-6.329749396202521,-0.04168897230280975,-0.0025659218344297537,0.11810915532702425
-6.3184106704598175,-0.023830569916462683,-0.0014089653067549716,0.1211609118079856
-6.3144165573859,-0.0323021256280273,-0.0074223895848396565,0.13433312059222025
-6.311124276036432,-0.03785798444965488,-0.005516637729133179,0.12887424354347427
-6.30519831908345,-0.03052742691137096,-0.0026786779760652308,0.12327041451941889
-6.2997554952058215,-0.03527362354618962,-0.005788121788013457,0.12764740971801236
-6.295642017693025,-0.035801325623661756,-0.003419032968775745,0.12205404443975264
-6.294089822041577,-0.03056980367532032,-0.006967518940339552,0.12660544316375857
-6.286194671253071,-0.0330790805207625,-0.008798143249957802,0.1394177354225073
-6.277696512411727,-0.04313476982201126,-0.005054305178557248,0.13065991745206734
-6.273672292972876,-0.03231576216248685,-0.0037966010879999287,0.12792826779956312
-6.270634607870113,-0.02982042316770198,-0.0034427801755788435,0.12913037198512725
-6.268044138717824,-0.035370035008545755,-0.00951146713221574,0.13765582727264936
-6.265246455471227,-0.03496867268015909,-0.006331443740079192,0.1283921986758793
-6.256473342928357,-0.03943998513017195,-0.003923769982934713,0.12588666778361438
-6.252962338880392,-0.04023586889999741,-0.0029397580741295395,0.12313780175297767
-6.251174019198888,-0.046842746107562463,-0.004451444631838147,0.12621337238077443
-6.248666569094865,-0.03416722079432118,-0.0031838027297876625,0.12715881475664156
-6.237616027819186,-0.02732141356978634,-0.00431599211470363,0.13295256145812293
-6.228414465754884,-0.029503620989401527,-0.0017409059840470622,0.12740125095597082
-6.217874033241187,-0.028502237526766762,-0.008865871008774595,0.1436949149078477
-6.208572320229325,-0.04054605455393905,-0.009898823224104597,0.1519622032945725
-6.205745754456256,-0.035148484434323495,-0.004233933674378909,0.13260688740780283
-6.192480605384395,-0.03652820238366127,-0.006241111997610435,0.1435498148767771
-6.182636129938947,-0.041780949714520794,-0.008338266129279607,0.14525382689954686
-6.181071232623265,-0.025127542142769254,-0.002047246953118955,0.1268424954702966
-6.179495743816154,-0.02739135295145846,-0.004101038670018723,0.13640259280474865
-6.17383639923554,-0.04360053867740521,-0.003702346324876907,0.12509374081670344
-6.167142061924022,-0.027436175610596025,-0.0022370471019473545,0.11474578735967672
-6.159666791508887,-0.03133576225509367,-0.004571359942340308,0.1326811711294005
-6.155745564042204,-0.0419242004999209,-0.010205968025053113,0.14632138846162576
-6.148257746439936,-0.034291930217000895,-0.006623498289322004,0.12566298857451624
-6.136849951794623,-0.031296999533758495,-0.005220800103670762,0.1324917952987163
-6.136414832856949,-0.042935128134150596,-0.007976233728294119,0.14378723048379208
-6.128130641265879,-0.0329639503925869,-0.005612127926869308,0.11874474850074675
-6.111807900719059,-0.02399699519393258,-0.004476884255808074,0.11904218575278949
-6.1001328859074135,-0.029537269110442466,-0.01280354842364817,0.15456774510686008
-6.098276748175576,-0.021085797077263997,-0.002981928117860104,0.12036308187268009
-6.083823071800783,-0.03057363656167274,-0.00856848676015685,0.1356257121549939
-6.0812403990598565,-0.027990774011517176,-0.006270595799959508,0.12703030656803632
-6.077966077560645,-0.03768233769494833,-0.015890398197728677,0.15340583279335468
-6.0763568421581216,-0.028396991980983503,-0.0038405330612183695,0.12146341675540288
-6.067339362618128,-0.026133140608120057,-0.002404234940716854,0.11625131061279564
-6.062273624905765,-0.02824286960322452,-0.003109430211327769,0.11884032447063247
-6.056908404715486,-0.039581761468092364,-0.016779952583577312,0.13921478015931119
-6.0536565187201035,-0.030247689535813527,-0.004481359635276152,0.127214840839585
-6.043885922701455,-0.027601962471919112,-0.006547099709810018,0.13350890053330614
-6.039508690461823,-0.03187637869118507,-0.008404622123652231,0.13232775554317705
-6.029679213701742,-0.02670082233477802,-0.005270515711212509,0.13519100721813354
-6.023572289422716,-0.025801158269666304,-0.009613085799973498,0.1466274997834316
-6.019106543550485,-0.029616663315342812,-0.0076955848779610226,0.1402472942516767
-6.015066767121203,-0.018577861229475516,-0.00363850060196527,0.1471390636230674
-5.9953959319945165,-0.017327751370978837,-0.005056282932021374,0.1454807909350469
-5.991237497653035,-0.019941163725053564,-0.004555669081401534,0.13451137304685223
-5.984273513741782,-0.02698134859049362,-0.012786317970147554,0.1536333667034983
-5.979627585112182,-0.01714615824389679,-0.0024710833608673323,0.13560502462625162
-5.970470733528189,-0.019724643747687315,-0.0050252186545723,0.13398545773524168
-5.967803107897216,-0.022726476459262405,-0.010915127029505057,0.15598550965987326
-5.961373778473043,-0.03309137200400097,-0.016241492161907588,0.17145985079881465
-5.954508874694246,-0.02560939980754675,-0.01274898508534644,0.166536999101085
-5.950410598737345,-0.03391941519383518,-0.01581959160066645,0.17226435096917028
-5.947573949427462,-0.021691040558205622,-0.008950021917835229,0.1593186921557472
-5.943140273446221,-0.02171813496054564,-0.01259517680852374,0.17028158062613274
-5.934819712255826,-0.03650905029275321,-0.014683989187809774,0.15949989914526247
-5.927323517406286,-0.027294841930574947,-0.011831726292570417,0.1575095763419805
-5.925557813569991,-0.03630334662761938,-0.017590297582183494,0.16699122961835167
-5.920747330208276,-0.020633615022164934,-0.00672824146157137,0.13750188055673415
-5.91902320962521,-0.027977011024874435,-0.011707911794249522,0.1495058724129818
-5.911906450426221,-0.027681542600186838,-0.01160672345818139,0.1466650526608936
-5.897012871784305,-0.02815880117687416,-0.007734785732113932,0.15082605355832937
-5.887627558846295,-0.020274587617202636,-0.00497962885098692,0.14901073748035482
-5.885134029764646,-0.02232259450625794,-0.004200257773153166,0.1518155798605268
-5.881639016711776,-0.020305510464117948,-0.0027610352615372188,0.14491265585577512
-5.86798430350122,-0.02831024001037196,-0.013921100461317856,0.15607436827207
-5.861313940125526,-0.015358912811268355,-0.004943155064137242,0.14257096386925233
-5.8573957571701945,-0.010791830828753618,-0.0018078444752140843,0.13195531418717862
-5.841211003347056,-0.01934737507058156,-0.002164720856188926,0.13711164428629938
-5.838593980773229,-0.016951602053581635,-0.00514544464957838,0.14670326222487826
-5.831396446112582,-0.018303452873326388,-0.003518166539363941,0.13718377476992813
-5.826293226856441,-0.02169356449114932,-0.005125736195248224,0.1483385655381384
-5.820890491892736,-0.020623166252791356,-0.005911236458917027,0.1488725412549312
-5.8116745825624365,-0.018477558690138587,-0.00487241520366836,0.14363686823033656
-5.797661569376817,-0.02606109748805851,-0.007451790610143696,0.16040382852576388
-5.789259746210421,-0.017731170630324766,-0.0028496406788867845,0.12285253329536432
-5.779068210347024,-0.02635775466417919,-0.0014857314668857515,0.15209770647600254
-5.773382035532746,-0.02817539601886564,-0.003433150402668304,0.15401861480118764
-5.769898832051292,-0.02796675321370664,-0.006658162170200093,0.15912430984825018
-5.7549832453777885,-0.024298977491701165,-0.004287460934547187,0.14817777884945388
-5.752720170980699,-0.022336952988358024,-0.0032139225755320753,0.13671336628759984
-5.750085669867035,-0.027314214608632575,-0.007125528353885628,0.1548994159024324
-5.740015391736801,-0.025351296076161954,-0.006406957348029597,0.14833814241747428
-5.732547284649931,-0.02076539513687357,-0.009106084986631884,0.1563314809190895
-5.726999715307467,-0.018631401116898316,-0.008354370060354388,0.15664643096278866
-5.72416056623455,-0.016504702613614513,-0.006688890833581026,0.16415734505741242
-5.714583008805995,-0.024735469004644694,-0.009937624780117985,0.15669529593557355
-5.710948890603389,-0.02406170694000173,-6.314560865879468e-05,0.12402637907640206
-5.703944463258773,-0.015487474494648245,-0.003106214838343056,0.15694851086728998
-5.7021606639800675,-0.024424897726923276,-0.006124539008073489,0.14903208006452878
-5.698452389829504,-0.026566006916224974,-0.006268274115796803,0.141731993588327
-5.691174393223649,-0.021159338259502912,-0.0037682476916724487,0.14526596518929993
-5.679966109489127,-0.020515725443942014,-0.00022150976407135975,0.12874766922126124
-5.674679573940562,-0.024343504093236875,-0.009392614906657815,0.17060048936200975
-5.662075031809473,-0.021108231743742586,-0.008182623473256689,0.1637362963929697
-5.660229111832072,-0.022084856018102682,-0.003999431350207385,0.14264306466720156
-5.653060273165778,-0.01901993458089896,-0.009698794367118204,0.17457299611172658
-5.638215791404425,-0.023402947871440316,-0.014286960821813204,0.1693437655488477
-5.625365751098102,-0.02332103199189537,-0.013946232370607058,0.16939184554180625
-5.617297735148113,-0.02159485254372115,-0.014578655151151993,0.17306773287454924
-5.600346356083185,-0.02405741717873292,-0.014281362368817892,0.1674435311940106
-5.594617582905262,-0.011360941271929386,-0.00803687798418861,0.1671221062865219
-5.5847997327342815,-0.010780409709966784,-0.005183908358951512,0.1644335552853307
-5.583226899854593,-0.011664114175396877,-0.008644048697011537,0.1689808686209204
-5.578133113750907,-0.01888874028298866,-0.013926234192058552,0.16712285701913884
-5.572716074022,-0.008299046589954203,-0.0030338001411433025,0.16106223255825486
-5.569431123342086,-0.01639110860913484,-0.01196195469821553,0.16574679592762914
-5.553652624768699,-0.01887816232549052,-0.012485204345908232,0.1675759142494415
-5.551122914473958,-0.020107354987215057,-0.01071023953476035,0.14759676318660445
-5.538154654078184,-0.022563307651074078,-0.013397001378802533,0.15426524963786326
-5.5266035473954105,-0.027606770807709624,-0.014521735421703976,0.1618388727382027
-5.519125501440812,-0.02698371821033606,-0.017901845538047054,0.1735998494719791
-5.515034932494806,-0.025920147821220037,-0.014802096443785672,0.16737626352626928
-5.508867157762333,-0.020642795986289153,-0.006590817015757119,0.1581660207444471
-5.501910700207357,-0.02256353747921729,-0.01003355382784071,0.1613166197598495
-5.500899520371806,-0.019900290945485018,-0.011011807979674442,0.1670583548333487
-5.49269510153356,-0.02355721069404146,-0.009995765924759363,0.16810749258353067
-5.490642566334424,-0.03074842139682359,-0.01825220629888028,0.17442828122695847
-5.483364367042766,-0.022323455887679537,-0.009342695133336432,0.16652483280093355
-5.476277370206948,-0.023521168817780193,-0.008228208051147962,0.1647976616389618
-5.468743415896784,-0.026085237678602057,-0.019463616344902387,0.18241633427520831
-5.457421896583545,-0.017521371660933583,-0.007390140044017317,0.16830603126647303
-5.44954329076974,-0.020821272678104793,-0.007110917331846454,0.16435529645031483
-5.449111306476672,-0.02468755323861555,-0.012380255875464118,0.17177030960937578
-5.439799576988023,-0.022061265877832678,-0.005161379189043842,0.16261144389592253
-5.422668448342729,-0.015448205985964554,-0.0054015455912189755,0.1615077293239105
-5.419791971391504,-0.012470885671207656,-0.004144920654883062,0.16114144667945646
-5.409388571542579,-0.01965850033807657,-0.004070341515315174,0.14796690434712836
-5.403901217760412,-0.014614827447805224,-0.006073074606687071,0.15775509944112331
-5.400467358853855,-0.014955561132670346,-0.004373779786105432,0.15878473947693442
-5.395465691679684,-0.013231190591556497,-0.00590397104696484,0.16197818618597395
-5.3921861888418565,-0.013740666643777238,-0.004274657176220788,0.15799446650548538
-5.376119711043414,-0.014498630749968676,-0.003045700502054998,0.14825386967685586
-5.366296722548908,-0.020310824625975787,-0.004222617597871,0.15875923564891845
-5.3578109553029405,-0.02396049413494321,-0.004513751942500544,0.1580163262443847
-5.350847862650793,-0.02191879617290801,0.0016875610212727904,0.16010863335218864
-5.3427523083334325,-0.01877688627186232,-0.005397400348251456,0.1653500265536495
-5.337084255243678,-0.027398013210807808,-0.001220779453723906,0.16053505968459736
-5.326802360389283,-0.016472067913860352,-0.007209312012118334,0.18721211665505075
-5.313147171767762,-0.024452087871241195,-0.004739335619961607,0.15991548407142037
-5.2984566043856605,-0.02221648513800098,0.00026268028223768006,0.1602050601898654
-5.2866848835606275,-0.027772614565073704,-0.006554460482289137,0.16304888059700215
-5.2153534613244,-0.008824221031796243,-0.006999189101205674,0.1476215277230738
-5.202258574889112,-0.012847344592615604,-0.010316238001381078,0.15899172417267515
-5.1956877612116,-0.007525450205445589,-0.0047987469161436,0.14848853696379355
-5.1895926104696946,-0.011775463392324576,-0.002496525407871512,0.16618693909754848
-5.182647234141687,-0.010974761953900902,-0.005959567731191604,0.16134057756638626
-5.179161203724824,-0.015653830151337682,-0.013793033847985034,0.16357358784665096
-5.173917208502136,-0.009576513655884614,-0.015254883667544437,0.14982296943751147
-5.162743915342326,-0.009717064339015098,-0.005357761607957031,0.15535760948361993
-5.156432136489657,-0.018586940067652734,-0.01515659900181316,0.16621186122402126
-5.1528255277674395,-0.021107068667356694,-0.0181775670432114,0.16918232573932163
-5.149564829292835,-0.017251571031140583,-0.014002956376731561,0.16432054858734357
-5.0770540559095,-0.009836310554902335,-0.00624592109995209,0.17047892283095803
-5.064822445339739,-0.01246923829726216,-0.006970119189932152,0.1661936868985122
-5.0606717095784335,-0.014000438881936755,-0.006193033006938145,0.15730283475905332
-5.054809412626269,-0.012515681736797712,-0.004679465740352707,0.15476958444521083
-5.045195546191593,-0.013862360250032063,-0.004081722971029896,0.15479591889994443
-5.0418395907838764,-0.010466041469288725,-0.005824952026712993,0.16760917024663566
-5.031177345834301,-0.015205458166172206,-0.004287106066309983,0.14994156587906743
-5.0144168717740465,-0.014236979994366655,-0.004817442133027584,0.15453194814381396
-4.995544631620269,-0.014308124300768684,-0.004072889625398972,0.1557854356748034
-4.990937182770021,-0.015698037452687184,-0.004284445265307642,0.15019373513868117
-4.977271191831225,-0.015055831981205437,-0.004365913024422247,0.14723008573253366
-4.934867097948723,-0.0007670428979957011,-0.010331822475880955,0.08292388158441956
-4.91873745930205,-0.009716788835335782,-0.0032791015808198917,0.17821134767584978
-4.886999436334722,-0.008996943171973125,-0.0038314445107146765,0.17279291402335611
-4.878387840489022,-0.007434622315768557,-0.004019778298472692,0.16358994499878596
-4.865842869106603,-0.006881251249311946,-0.002899960564891288,0.15698509034852864
-4.857316618803285,-0.004371450634952142,-0.003614752446469196,0.13790680673988567
-4.838683795210391,-0.009095248600640597,-0.003282793577488803,0.17815378430118883
-4.82728870433675,-0.002938931742626985,-0.004527579509997745,0.13237604424242236
-4.765939568686419,-0.0031749792695775305,-0.0003313617942778573,0.14003560564111486
-4.754391759759428,-0.0032731124083252715,0.000578459386312543,0.14167430638285358
-4.75179766373165,-0.0032959752924946427,-0.0005624206311232205,0.13998727565580873
-4.745413006675525,-0.0032945229602795406,0.0004825628536148933,0.14150378556814924
-4.732076131700147,-0.0032829381050015643,-0.00025114142628510246,0.1416397673767062
-4.729226935537906,-0.0032540635292079684,-8.980782656659212e-05,0.14207391609951764
-4.719833531509691,-0.0033373893629931087,7.91499659451243e-05,0.14531156279309973
-4.704952809106205,-0.0031887959523848766,0.0004518763211670343,0.1491567848489268
-4.698585425007311,-0.004883603225685486,0.0006860692437249252,0.1586689242186574
-4.67558589812464,-0.0034425763941288126,0.00028408618923010036,0.1456190979900325
-4.665365976472651,-0.0033169894153757917,0.0003437304726201121,0.1452967793487195
-4.6564355607372745,-0.003199494393345672,-0.00023432821298452963,0.13888799256609904
-4.644716769574315,-0.00332177458770463,-0.0003156071911950176,0.13831054764790798
-4.634747186266428,-0.0037156441912935506,-0.000777495632669966,0.14360417427743416
-4.614487556643787,-0.0036560474281864134,0.00020029249479530493,0.14484135965757194
-4.6117572205579345,-0.0029692392831432027,-0.0007347395855096681,0.13526079442412559
-4.604072522543809,-0.003429934426861832,-6.81562791515902e-05,0.1478957892901047
-4.590422852175246,-0.0025752517520759273,0.00015151775338952532,0.13781013806641368
-4.582531840840435,-0.0024799866172866987,0.0005666466395766353,0.14013834719293142
-4.553359139493549,-0.003792771034223053,-0.0006575320248383542,0.14649157603974092
-4.507675335625665,-0.017941656617020338,-0.017329352386171705,0.18044564692698176
-4.4934770678997,-0.018617505004049514,-0.01677242151073273,0.182378128544391
-4.482435229259726,-0.018506949353838394,-0.017165634201291923,0.18325028450988748
-4.481489183178331,-0.01890891515291499,-0.016775032404858954,0.1824509804830827
-4.45054508958764,-0.01824820760946701,-0.018406410271096026,0.18094960635762827
-4.440929577267343,-0.01673223522647883,-0.015587777223516038,0.17853165697751405
-4.436324016729426,-0.018483200485086147,-0.015905245289062717,0.18155861885152796
-4.4164692634465865,-0.017726249538245822,-0.015584166735877845,0.18171546089081372
-4.351102864362846,-0.002060581937774347,-0.0008757802135427024,0.12493356712728092
-4.279392933697124,-0.0005975301330402308,-0.0002443836405983163,0.13632601267724065
-4.2613914612374755,-0.0006254860169560976,-0.0002400467732728,0.13619428768401518
-4.237174668655265,-0.0005559694777531853,-0.00018961790209230257,0.13515971595366977
-2.709517609598202,0.02779440089218503,-0.3176823085094815,-1.5349353360807787
-2.6727735149263676,0.024906980810454726,-0.3143456913775678,-1.461705030997089
-2.6676756984297056,0.024585057317107497,-0.3148549748073741,-1.476883154067906
-2.6538614282724753,0.025123710315009096,-0.31647452982652835,-1.4659543877896266
-2.11034137020006,0.040527605160374576,-0.25479784632145186,-1.4203061497075553
-2.1025917280867756,0.06955346540957896,-0.22445729066557485,-1.2469418985480119
-2.097904838500532,0.0659245779078792,-0.22031613578510612,-1.2556821458417429
-2.0897175253822473,0.06209167072962475,-0.2446468040780258,-1.2957683363247179
-2.081353972005608,0.04948932205087847,-0.24233337366687846,-1.3251699609261816
-2.074327920366494,0.05181968131967453,-0.23069638354872993,-1.298337352931033
-2.0617937203147787,0.06367884161525021,-0.21898756051406204,-1.2393930560276216
-2.056583854854473,0.03765341719878645,-0.2462811377838765,-1.3761665028093495
-1.863666484732972,0.015343100433082076,-0.19706977412086227,-1.8015425234723648
-1.8360461987753467,0.021257849442171278,-0.19343454340660352,-1.2806929343683435
-1.8279022174008095,0.034732964313271164,-0.12623901491215758,-1.0870229446767727
-1.8030590731371092,0.029646702812872624,-0.1393195753080464,-1.10619278540189
-1.7965099592693918,0.033025587915331375,-0.12297085396194736,-1.0687758257549285
-1.7846470069015108,0.029624549713267823,-0.18860194852070214,-1.1391452010931171
-1.764397373110029,0.03145958628270868,-0.1339045427529873,-1.1062984368077746
-1.7623739187427763,0.02647333499133226,-0.20775029898302091,-1.233689054625861
-1.751547284620589,0.02893422992748917,-0.21599794709061435,-1.1454407607260093
-1.7034620253191608,0.030723932129103786,-0.24279844056574368,-1.2421521422654147
-1.669315011758015,0.018652522619837335,-0.15309405992108918,-1.0112130643106294
-1.6381578243506152,0.010871099956280904,-0.13973792585332281,-1.5079708198105781
-1.634178492017077,0.010913269007923655,-0.12922149518000914,-1.4420766278169093
-1.618401606418077,0.011319732098597088,-0.11449165959685467,-0.9091955959118302
-1.6128570450726984,0.011260736477618946,-0.11419076639940384,-0.7896489405491905
-1.5976872684016554,0.007162983285834327,-0.12068594228018402,-1.0251474390938062
-1.577426621057878,0.012142029747644221,-0.0869935734955281,-0.579226657039264
-1.5590312040816041,0.025618598913051866,-0.21478139344387406,-0.7212778294397479
-1.5510763778002514,0.018147531099416917,-0.13842322188261924,-0.7284609852958055
-1.545943746305939,0.03889860857483587,-0.29931942419871144,-0.8127577194764629
-1.5231182606887135,0.04543458540611906,-0.3426027481273357,-0.8154089373888985
-1.5212438453000718,0.016886461258218393,-0.1408053966224396,-0.5157664418655112
-1.5079811980139437,0.015228619018411537,-0.11182353359272462,-0.4084040969783383
-1.4958757710833728,0.009177602607377981,-0.07778751224062247,-0.3916937567129301
-1.460085427266781,0.019154418508401168,-0.1548384231067823,-1.203888210919482
-1.4321068461544157,0.02407195346374702,-0.17150296594748093,-1.305934123062741
-1.4297639521468566,0.013562662671209359,-0.13219596569417894,-1.3543793868313054
-1.4180210082544635,0.025187048160230416,-0.20867441503644862,-1.2179039310460846
-1.4040358244622773,0.024563336295061033,-0.20714333619829928,-1.1416272786191317
-1.387084574933047,0.04183392033907277,-0.2639932576128265,-1.3078513695110965
-1.3574867470592105,0.048757944934365145,-0.30567564249703894,-1.3050511981335566
-1.353228590779853,0.03180967053523845,-0.25772840153995,-0.9318873799074601
-1.3464106006364214,0.04083902032333347,-0.28520201747944957,-0.9445620627133564
-1.336247662476454,0.0526782295459087,-0.3456144824614318,-1.1188371421500367
-1.3276814800235015,0.0301151052543991,-0.24266158984061176,-0.9435631515102942
-1.3213962808796158,0.05408149749451454,-0.3731947405154559,-1.0449250536490322
-1.3023241149814102,0.05028066841915637,-0.29333700743409735,-1.2708205517869657
-1.298783652016175,0.014692594859357611,-0.13373369269842852,-1.1020985713269618
-1.2846074295021603,0.036146252401722284,-0.21855296030112356,-1.1928869550757752
-1.267184192866575,0.039915384512887106,-0.25160933081120673,-1.288331287629678
-1.2595404354329622,0.03457332362026199,-0.21444837202982298,-0.927236285713239
-1.2591266001045631,0.04748437984242536,-0.27985333450731087,-1.053804425737148
-1.2391174918870131,0.02032216302085919,-0.17343469070122708,-1.1993012051256615
-1.2252425404873464,0.022132051324349918,-0.16475216637935938,-1.2441264045000893
-1.2170002428072315,0.05651427297995518,-0.34314539702964875,-1.3091623021593017
-1.2020934293438417,0.04594794037705065,-0.2814620279461752,-1.3004894561451787
-1.196682547169821,0.01157033417421509,-0.12113396940820013,-1.7641152902561774
-1.1906275741493142,0.023440164683194,-0.1610884415478046,-1.44590936645523
-1.178260522513617,0.01913092665172282,-0.15472420838372003,-0.8700884837954338
-1.1652718016876065,0.021853010538310635,-0.1506559067922647,-1.4292898717699634
-1.16054327730791,0.018938708216264356,-0.15316393568674283,-1.4043115450345596
-1.1472176773314235,0.043230762948463626,-0.28557525092972624,-1.1047086059126892
-1.140032085522554,0.020534711668222485,-0.14582777046113,-0.9790368661734647
-1.1245053591591654,0.03328523711763935,-0.25157032158998516,-1.0763411273174968
-1.1179889368169638,0.03380618872659955,-0.23553703542662613,-1.0201052401964392
-1.1049120378291084,0.04024668090661976,-0.28593039436646706,-1.0216249767904044
-1.0872586567908407,0.046554536476079884,-0.3249232462822581,-1.0593711541302584
-1.0700976195488998,0.027071955163798896,-0.184189922078531,-0.8163245882047281
-1.0616528436351746,0.03867188807217549,-0.25163074064563407,-0.8939493099750433
-1.0456984763541284,0.02501182565129509,-0.17205245737344343,-0.7986122097978302
-1.0276829100678284,0.03412870671968685,-0.17034480225328472,-0.9611142999819485
-1.0238822692702267,0.07130799330404733,-0.24505517688889977,-1.1855888877253158
-1.0110988281269067,0.01733395343155785,-0.1642359250218388,-0.75670292285485
-0.9979285341820937,0.010345429904447262,-0.18562246298986665,-0.8728001294489411
-0.9895099015339616,0.028888265193320918,-0.22726720753309035,-0.8858791873002972
-0.978421360591401,0.07869234309418992,-0.26041376042108866,-0.933381917625656
-0.9746524515142873,0.021255901625797526,-0.13940376043429795,-0.9051198975805852
-0.9599940923161044,0.02033988313378836,-0.17743563901680878,-0.976115165447919
-0.9532972640894048,0.058588959160450434,-0.23826981557307472,-1.2574412489287308
-0.9225856065221594,0.05937148511156769,-0.23021634491924267,-1.1853250787025102
-0.9199638667701013,0.04775259537866228,-0.18744895134248557,-1.2788155762798754
-0.9149609478034954,0.04647533850332289,-0.21557587786097326,-1.1512053969465652
-0.9038451825844238,0.049304954841804124,-0.21103757022787736,-1.0684409810172855
-0.8915209631879166,0.0411857143213174,-0.16965588355901237,-1.1515301007435619
-0.8877479964901674,0.027745128089238978,-0.15628489936435921,-1.0755636640343456
-0.8845247533210303,0.018847981217415547,-0.12087013978805454,-1.1380053836071775
-0.8818053419563548,0.04918614031033738,-0.20728063940242628,-1.1236873679343424
-0.8768379501455901,0.032603397888279685,-0.16242312033252265,-1.0997048490198054
-0.869795713555647,0.041373904664327554,-0.18109318829085075,-1.0437115023846528
-0.8602989390691125,0.07599328252339131,-0.2567495088902846,-1.156809603560048
-0.855544233315466,0.020554043345498204,-0.1424089125960677,-0.9910606391049686
-0.8469293090751154,0.07275348311740294,-0.24178609056029202,-1.0881415916491533
-0.8270120960000023,0.02845088789598778,-0.1418320608864625,-1.106480398536712
-0.8147726591943768,0.027216207914739287,-0.15574875246344622,-1.2515217121185218
-0.8082208674528898,0.03164595475639306,-0.1485558742398472,-1.2534806472791795
-0.8066535415761379,0.038423620603737094,-0.1732376309696728,-1.1981284606581881
-0.7961985872404053,0.03485271651444538,-0.14696980965404025,-0.9799150507241339
-0.7916123015315969,0.03529913799445234,-0.15013252998464918,-1.1565672183398406
-0.7880345697979787,0.03100833264106365,-0.14693892709469578,-1.058106982374373
-0.7789213361977421,0.03579461418217284,-0.17495286331592783,-1.0885860701183525
-0.7770948057931768,0.012009869053045722,-0.10857645241028797,-1.2886599248605108
-0.7751506565378572,0.010947286298273974,-0.11759171605153157,-1.3051986037751366
-0.7662106892073293,0.03477349724294359,-0.16148285368430623,-1.2084984549218132
-0.7629802975298049,0.012292858550747236,-0.09082543970414393,-1.2298214744870932
-0.7543782308638483,0.01678857980586485,-0.09395479113751416,-1.1929011501317477
-0.7461547202802925,0.014260124097024443,-0.093139098802024,-1.2070100782420015
-0.7395216283004714,0.04505320261178982,-0.1814659635656053,-1.159559243296656
-0.7333762387865523,0.0007716981214519113,-0.052951885976364854,-1.2044859597694975
-0.7269742118746748,0.03434633074102107,-0.15765802463917905,-1.136956115993248
-0.722739035161274,0.029634997283701465,-0.15591282051135552,-1.1473118160194196
-0.7074373560653172,0.004357122864662243,-0.04944118828830168,-1.3106600590727793
-0.699357170220409,0.027544501024736975,-0.14907233760490246,-1.1545397687016496
-0.6893535281854971,0.009854406602904394,-0.057860791285977216,-1.291368700535286
-0.6779224598459105,0.03327369986561229,-0.15816043842351007,-1.3055757390636058
-0.6771046261871224,0.02385478499951951,-0.14454995933477588,-1.070147762224717
-0.6704444556712199,0.024138451560316073,-0.13416523094943383,-1.1007266752503708
-0.6579910197125702,0.02750829419720403,-0.12976687389370195,-1.0090444385021051
-0.6548889931345422,0.03791098164636365,-0.19850019102408212,-1.0079479238017222
-0.6468935977350796,0.020836311660551707,-0.14316361787807846,-1.0462563810369334
-0.6345452164483706,0.0546768363869599,-0.26446327950342846,-0.9429951135904141
-0.619107725708957,0.03497648115907394,-0.1827943353153863,-1.046962740552377
-0.614145414010408,0.035869163067614715,-0.11767677741774847,-1.1759079798364707
-0.6056790670146146,0.03735165882248869,-0.12859553084320588,-1.1765795508824883
-0.5897584097567566,0.04496810572128354,-0.22751531720601564,-0.9413270026229625
-0.5856659418205608,0.04260771477957029,-0.18139475982472247,-1.1692326073571364
-0.5774280506310533,0.05408185472193456,-0.28891928748512874,-0.980662518714167
-0.5541028263778247,0.036756139577703836,-0.1388705364151996,-1.01281588665296
-0.5361457782305431,0.0440468848552185,-0.17993149680552087,-1.0764722321561682
-0.5311542031145475,0.039002063422821205,-0.15943902577144647,-1.072992735020108
-0.5268526572305715,0.04585260814250489,-0.17842500705073713,-1.1520497569626515
-0.5191175880393577,0.04207059772989165,-0.23287243287473858,-0.8990748945459144
-0.5163675892302954,0.03810604834774299,-0.17142362601574185,-1.0034693670810044
-0.5084157477617175,0.029364610248662184,-0.16006727475205085,-1.0575805298008651
-0.5042753569319325,0.04654048847886884,-0.19553113623966129,-1.0683568851322398
-0.4979577041966255,0.01833152251024918,-0.130011277702733,-1.2241003130299006
-0.49429274975278215,0.026277230199904765,-0.17277685601148368,-1.2741750270695011
-0.47912038805461266,0.02054799159804933,-0.12482154938444696,-1.2421373105658924
-0.47661182347839925,0.022124762480481053,-0.13121102723836248,-1.2852184175201788
-0.47131592054079,0.022731439282942696,-0.15362228325684768,-1.228858012271461
-0.4622373626264126,0.050717479352242516,-0.2617526290156671,-1.115511036270679
-0.44579690372563197,0.033296557980817904,-0.1988689958885061,-1.313752605467378
-0.44188535393791295,0.04972866104331904,-0.23902340478885442,-1.2660666127175455
-0.4364518249441516,0.05103565250619179,-0.25537453793415144,-1.2384990448918938
-0.4310576455024931,0.06026550584840439,-0.31795151300661567,-1.1512944803368963
-0.421721751211812,0.04204632557337816,-0.20110021865063785,-1.3096767185432876
-0.41004056883079715,0.026723440999360023,-0.1301410971158368,-1.2280059034997097
-0.39449338640640685,0.02377616280551675,-0.1270694621477437,-1.2806229024025662
-0.38930326955788563,0.014894036343394151,-0.09581183381756378,-1.3264025242541506
-0.3670096255970988,0.03908392626171203,-0.2228665062670119,-1.1357916596578372
-0.3552536258869463,0.0310431763970037,-0.21266091599595272,-1.1155016990892863
-0.3513183432931791,0.029006885646485986,-0.20663944876726337,-1.0758165990214705
-0.33204894395724216,0.029453388978805072,-0.2228666143628159,-1.0407428691095315
-0.3240745826002227,0.04166095957817182,-0.21861547343628418,-0.9421181523621059
-0.3229342248180168,0.03710689539502488,-0.19687543405920396,-1.2008264675450517
-0.30148001707937716,0.037508512711386874,-0.21210821450238926,-1.0097458262777057
-0.2979897212811033,0.03309575932807131,-0.16464574945893767,-1.0823209044603712
-0.289021138198457,0.029250167609650678,-0.15082099211014652,-1.0224859489798872
-0.28132847720296306,0.02491207127076882,-0.1484726960524084,-1.1973586156643026
-0.27163448568117116,0.04411049534569124,-0.24146872742622857,-0.8560754384476199
-0.25969899113035816,0.026467549225556726,-0.13575632670677812,-1.0944178926987602
-0.2339540813834796,0.011836827915562625,-0.10018183008031281,-1.1451038657616204
-0.2289026819077751,0.03145197126038769,-0.1420304730731215,-1.0439471519924435
-0.2089361810405432,0.00950796806002275,-0.06638741539654627,-1.1598764026025832
-0.20517972515463978,0.03295311348093137,-0.15718634378923646,-1.100395245179079
-0.1808316178673017,0.016626760111252976,-0.08426548549415563,-1.2592276159508315
-0.17728812113461187,0.017703992921075034,-0.10327127955509595,-1.1878363977686779
-0.16563785093915434,0.014864967586527215,-0.0871476335129055,-1.2717025462231197
-0.16299647624921776,0.026312904432926897,-0.12256715737896055,-0.8914667824706436
-0.1496578424111213,0.02574492341542327,-0.13226257702203434,-1.1382091243615113
-0.1345659501333989,0.030273829574759756,-0.13991065866197097,-0.8431470352501322
-0.11822959332957442,0.048450361079467784,-0.23290791370238437,-0.7702789660982832
-0.1148291810776123,0.025189027056148207,-0.1461461382782673,-1.035850182032759
-0.10735720003285154,0.03368594377723234,-0.16220217922659838,-0.9117381753653492
-0.10243859909066481,0.05049354072900061,-0.22053666606218048,-0.8675613869312314
-0.09504115619312233,0.03088514646995577,-0.1481718358700159,-1.0188940336220094
-0.08612707237512164,0.017294527549815853,-0.11292594768219852,-0.9290132224922585
-0.06813872207435809,0.03798711061591957,-0.248028841215145,-0.9821792681566234
-0.06305010975191416,0.05414425556643768,-0.36074660576664175,-0.9895457777682622
-0.054604013590292426,0.029672030080821397,-0.20447881569077675,-1.0202654675478915
-0.04645847913765964,0.028132945572078405,-0.24035759470755394,-0.9904964594670533
-0.0364275417765917,0.012365281583253004,-0.17617125220926924,-1.0301277949895657
-0.01860643192694514,0.02952820045193462,-0.14661034412269527,-0.8981250241868459
-0.014486633333917033,0.041461468611137066,-0.25901562850941295,-0.8146606898927725
-0.0084813574182459,0.03965273089092187,-0.2194529992979109,-0.8637557306396884
0.006221037223340985,0.033823090152867996,-0.18260849934925408,-0.7947186730643437
0.013459628668209146,0.03539161054420582,-0.20420048052597334,-0.8179360977529075
0.023332591599709344,0.05008977741142022,-0.1844153981943556,-0.7491411281906764
0.030409576954769563,0.030612013804026905,-0.14603157320611143,-0.93413521023137
0.046508591546171485,0.02805725311080333,-0.181248371421271,-0.9786699932768798
0.06649655323736989,0.021814130780662123,-0.14653967009671837,-0.9402397378502386
0.09415830745419529,0.00922239501675279,-0.07343691578052974,-0.8851207275540798
0.10361229983512572,0.012437067567835651,-0.08703353870501532,-0.9149514275904997
0.11392055927439383,0.013291713009833424,-0.07921049928268324,-0.7798730847901977
0.1485671046082577,0.020074069000022565,-0.12046680096804653,-0.6690121622405879
0.15909049739217665,0.019975833152624176,-0.11830634415960507,-0.60828509266738
0.16501451854625443,0.023319422500035467,-0.08182905302801531,-0.7627951809182432
0.16665112191532128,0.026304188568041918,-0.13031856983391377,-0.8106843438614412
0.18000743063520452,0.020808230643140007,-0.08680115061725295,-0.8488438710497308
0.19392362877777028,0.018208618022213133,-0.10217734945383715,-0.6765320425228025
0.19593082252577268,0.01612088084032313,-0.10720194221245949,-1.0644971217962769
0.20367528289517342,0.023667560663570675,-0.127080088094833,-0.6760645615531672
0.22033859335323316,0.016138593935532065,-0.11276718808699349,-0.9302827576170316
0.22725340867709357,0.012382506620620723,-0.10128475631327997,-0.9564409668423044
0.23838422023828146,0.03092269672593314,-0.17086870244919738,-0.9265088642327121
0.25095164403305975,0.04606428596357018,-0.2329888445295765,-1.0269616154824772
0.257331426555392,0.04545853888515227,-0.23040075381946454,-1.058811528714284
0.26303354219849134,0.025577147367520602,-0.15768365724517733,-0.9198936891063562
0.2774685673905293,0.03564300741050196,-0.17190915617924157,-0.8002723816759294
0.3014610503922701,0.05183960139402791,-0.19927907073912515,-0.7379694733742302
0.3080989285426405,0.05865965269429679,-0.2223051079055904,-0.7167309447539523
0.33592320293232925,0.04580830253364198,-0.24671121072576624,-0.8328170191718164
0.34063809986436805,0.03768130011674239,-0.19048311178904814,-0.8545937666901041
0.3457303004342025,0.05522297992479757,-0.25312884424799725,-0.7643737027334966
0.3582467505352063,0.05307052227794166,-0.2910491115696992,-0.9208712839091782
0.3613914025600362,0.03704567637687819,-0.25450854061964706,-0.7294624754523522
0.3738277932785585,0.12626939170676518,-0.4998966457028143,-1.0992929899773802
0.3945683898508384,0.020931431286447012,-0.1775850236597837,-0.7169193738237034
0.41882916458605046,0.06774769951914865,-0.36657580352391406,-1.0550349184429748
0.42421679774772453,0.03690115737879846,-0.22486280400508046,-0.9325842487898541
0.4354340791296076,0.0659521933591683,-0.3476002150148113,-0.9843532573472752
0.4366935704514846,0.039167546212749774,-0.24070942265906126,-0.8156592802113365
0.4646396944158213,0.005492102823874806,-0.12500655095230143,-0.29665814995897394
0.5007821109582898,0.008341733998985346,-0.12939133262957137,-0.41845688534208547
0.5217263115551376,0.005008156496523884,-0.12910768546525045,-0.381351047958818
0.5738950317095367,0.03716405975983922,-0.26699637893889755,-0.7283888715859668
0.5855813384869418,0.029815122083787452,-0.3299266235798954,-0.5263720150730622
0.6003582418088442,0.015827550635336793,-0.24833182477178667,-0.4539031516330951
0.6025918557734625,0.022533227992437243,-0.3134932572352479,-0.463522328125043
0.614312034764359,0.010735936442782224,-0.15734286165051695,-0.5641647976839488
0.6198675197901822,0.008266398622839736,-0.13126112534994128,-0.46152210410659184
0.6294194113083783,0.0017638426370808157,-0.15320948130920892,-0.369100611151529
0.644133254801103,-0.002040883828207732,-0.09553177699359472,-0.46880735941708823
0.6541759574692351,0.006332328126248798,-0.12515527551337777,-0.4840625756613951
0.6659221460895319,0.0018517167292656568,-0.12137468442813037,-0.5302598894190895
0.675436834241278,0.011949822487254652,-0.17121268467122275,-0.48525232228699877
0.6875261267831038,0.007141141749259859,-0.1838458965719374,-0.42667631712438175
0.69522316795383,-0.003280613756005789,-0.12716012212466077,-0.5017522911644658
0.7055059917837246,-0.0006830874597009852,-0.1728302742750079,-0.44912131018796914
0.7177854481353235,-0.001395850957172907,-0.1413684672121626,-0.4534160461918696
0.7260549586986156,-0.01276947807024835,-0.08077487026200102,-0.33950301323492726
0.7461507350283306,-0.0005219249109799441,-0.10981136063148497,-0.4373197902471321
0.758275493739594,-0.00417893834012303,-0.14236145554338228,-0.3163675366181497
0.7767415629866985,0.0008329851082003265,-0.1406911299029144,-0.37464631571794094
0.7881144735737019,0.0013868146504285674,-0.11171362824366159,-0.4315959396879303
0.791917198031177,-0.005217345401481553,-0.13812852416749855,-0.2814144581822184
0.7999231344341838,-0.0033907090254425712,-0.13950013003824774,-0.3357940726871102
0.8094227571298037,-0.006231324781800856,-0.18348734337764075,-0.21751041443021157
0.8108399078245477,-0.006780512044289544,-0.10771052494728653,-0.3632605076771092
0.8225588297522832,-0.0017365421518035187,-0.10462452561909225,-0.45030149662700847
0.8376825311073354,-0.004008803494049477,-0.13183955665146552,-0.34368649441393034
0.8522100727805305,-0.005619936824174463,-0.15546211047286915,-0.2822459480230353
0.8589643337812607,0.00348653555063044,-0.06529353027128992,-0.7086882414062039
0.8620263861887781,0.0027712850002069482,-0.11608493068245622,-0.4901096142325272
0.8711849332093832,-7.846507351113577e-05,-0.052707119574978596,-0.6030112657221407
0.8735145508129539,-0.0036689576326638562,-0.12203460655804375,-0.3469147536484731
0.8816186061205317,-0.003060172607502617,-0.08562917037415682,-0.45146266422156744
0.8858852957979232,0.0013422345770005282,-0.13549744766523786,-0.35591473028314735
0.9009090776303362,-0.002275570966190618,-0.11964282951398704,-0.37272289402158293
0.9117728080370558,0.004062753063965888,-0.09263564135142428,-0.5328593374354612
0.9169485358911741,0.005614964891817423,-0.09018123790666126,-0.6001617566024993
0.929438984544428,-0.005683476569959791,-0.14349127159809008,-0.2639043009082934
0.9344928788261225,-0.006246170399239412,-0.1254871491779784,-0.17195868864153538
0.9429625141133032,4.975161920716978e-05,-0.132443585421347,-0.327150362522107
0.9624493617122886,0.01252841797591321,-0.09736726875246406,-0.661060861601753
0.9695351234821861,0.012861003893857314,-0.12415678635524509,-0.6980977400957497
0.9735050191717274,0.003067411500237778,-0.12069478421871524,-0.3967084294535931
0.9818530518564916,0.007531281879238909,-0.10547155000327736,-0.5211154974129931
