Energy_eV,Cl,Te,Zn
-8.995000000000001,16.173377202629354,71.56225483088532,101.34786093282126
-8.985,17.127503256584966,75.3043243631391,106.58727385794936
-8.975000000000001,17.98721653064188,78.55416633005429,111.12213657227156
-8.965,18.741615220166874,81.27215385459783,114.89744221029532
-8.955000000000002,19.383303961119964,83.4368751946592,117.88412478386803
-8.945,19.908568227108635,85.04525026269253,120.07913364853248
-8.935000000000002,20.317388900486872,86.11179737491842,121.50430394597655
-8.925,20.613309122876963,86.66716735334822,122.2041963565377
-8.915000000000003,20.803170352952982,86.75608371822128,122.24310855654103
-8.905000000000001,20.896737477405708,86.43483330656932,121.70146662228342
-8.895000000000003,20.90623440122971,85.76844624490147,120.67179476426448
-8.885000000000002,20.84581227535811,84.82769332920404,119.25444445589653
-8.875000000000004,20.730972684173786,83.68601720946226,117.55324618242685
-8.865000000000002,20.577967764193737,82.41650423874816,115.67123293697215
-8.855000000000004,20.40319826365455,81.08899722665892,113.70657533347072
-8.845000000000002,20.222628885666836,79.76744462049953,111.74886216086256
-8.835000000000004,20.05123793589562,78.50757673055925,109.87585408776678
-8.825000000000003,19.902515602197674,77.35499224479429,108.15082846096433
-8.815000000000005,19.788022627933593,76.34372679005446,106.62061705612432
-8.805000000000003,19.717019296247482,75.49535913972457,105.3144152371974
-8.795000000000005,19.69617400743762,74.81869046023067,104.24341108599953
-8.785000000000004,19.729361472191147,74.31000921453294,103.40124891105447
-8.775000000000006,19.81756234449915,73.95393080990323,102.76530600785159
-8.765000000000004,19.958878138511235,73.7247783567286,102.29872727756249
-8.755000000000006,20.148676253765824,73.58844990498602,101.95313110017896
-8.745000000000005,20.379878445601378,73.50469836937518,101.67187233810373
-8.735000000000007,20.643400874785307,73.4297325665965,101.3937241840131
-8.725000000000005,20.92874425417751,73.31903072599943,101.0568189961586
-8.715000000000007,21.224718732222986,73.13024122929042,100.60266880169601
-8.705000000000005,21.52027116892368,72.82602976813628,99.9800692516309
-8.695000000000007,21.805364485258426,72.37671926892696,99.14867826559463
-8.685000000000006,22.071842624591664,71.76256155509826,98.08205550321138
-8.675000000000008,22.314203455545833,70.97548118049247,96.76995507796559
-8.665000000000006,22.530198514828605,70.02014553468834,95.21968555023268
-8.655000000000008,22.72118487643542,68.91424373234307,93.45639117656198
-8.645000000000007,22.892171416784688,67.68790089363478,91.52216766926644
-8.635000000000009,23.0515285480866,66.38221296178813,89.4740026558612
-8.625000000000007,23.210364732942637,65.0469565092337,87.38062092625204
-8.615000000000009,23.381610985358588,63.73760208359995,85.31840988368094
-8.605000000000008,23.57889135521546,62.5118308132006,83.36669168404865
-8.59500000000001,23.815287990378717,61.42581363400056,81.6026846129167
-8.585000000000008,24.102129058828446,60.53055225806547,80.09654688009988
-8.57500000000001,24.447932979960374,59.868593939210854,78.90691254737399
-8.565000000000008,24.857631164095437,59.47141378545684,78.07730619646077
-8.55500000000001,25.33216402709116,59.35770778178958,77.6337588081107
-8.545000000000009,25.868503935780428,59.53275966090176,77.58384555217239
-8.53500000000001,26.46010854254156,59.98894205291741,77.91723502273649
-8.52500000000001,27.09775487208179,60.70729716956592,78.60769144632448
-8.515000000000011,27.770655549316558,61.66002733466743,79.61632228658206
-8.50500000000001,28.46772060548051,62.81362475324831,80.89573073828859
-8.495000000000012,29.178807147710064,64.1322961992685,82.39463260347605
-8.48500000000001,29.895798559954745,65.58130255961865,84.06244399321528
-8.475000000000012,30.61337582875724,67.1298420595098,85.85334936561696
-8.46500000000001,31.329384018002518,68.75316077777767,87.72942120755471
-8.455000000000013,32.044751889472124,70.43366995893058,89.66247829215874
-8.445000000000011,32.76298487573907,72.16097598148477,91.63452649779236
-8.435000000000013,33.48931239210187,73.93087016988699,93.63680589278468
-8.425000000000011,34.229621045953515,75.7434635280706,95.66764724233653
-8.415000000000013,34.9893381005449,77.60076706981133,97.729496208449
-8.405000000000012,35.77243941551555,79.50409516307306,99.82557252288868
-8.395000000000014,36.58074111281182,81.45169548359718,101.95667817729402
-8.385000000000012,37.4135961075654,83.43697987328602,104.11864532695651
-8.375000000000014,38.268060502319294,85.44764847228075,106.3008230337105
-8.365000000000013,39.13952842226973,87.46587535237313,108.4858538379051
-8.355000000000015,40.02276640266663,89.46957411555778,110.65080637092342
-8.345000000000013,40.913219252153475,91.43460695154133,112.76953416116635
-8.335000000000015,41.808416444325296,93.33766175490321,114.81595056192516
-8.325000000000014,42.709287141130126,95.15941815523827,116.76777024426781
-8.315000000000015,43.62119537680057,96.88756885157409,118.61018805505353
-8.305000000000014,44.55453381347425,98.51926474729282,120.3389568824889
-8.295000000000016,45.524760844904755,100.06261060681607,121.96238834813298
-8.285000000000014,46.55182538677885,101.53694440577937,123.50192486075386
-8.275000000000016,47.65898888714689,102.97177421186672,124.99110192959127
-8.265000000000015,48.8711172096767,104.40440331737004,126.47291327825411
-8.255000000000017,50.21256927692775,105.87642802813684,127.99578364919697
-8.245000000000015,51.704849601695756,107.42942475621277,129.60852181956844
-8.235000000000017,53.364215126439746,109.10023906397377,131.35474996930685
-8.225000000000016,55.1994324074372,110.91633933760659,133.26737218417165
-8.215000000000018,57.20987035352772,112.89169800319064,135.36364906989024
-8.205000000000016,59.384089126002735,115.02361571131269,137.64138931244355
-8.195000000000018,61.6990508778199,117.2908159134857,140.0766613419636
-8.185000000000016,64.12003635621338,119.65301975564677,142.6232828795546
-8.175000000000018,66.60130625838926,122.05207741574554,145.21417985931532
-8.165000000000017,69.0875002263725,124.4145955983645,147.7645365927696
-8.155000000000019,71.51572143720259,126.65587454094303,150.17650245575143
-8.145000000000017,73.81821234747346,128.68486209488742,152.34509046351118
-8.13500000000002,75.92548857490482,130.40975486104213,154.16480975029702
-8.125000000000018,77.7697645907453,131.7438314792251,155.53652289407916
-8.11500000000002,79.28847868097492,132.6110924391677,156.37401180089137
-8.105000000000018,80.42770774003765,132.95130293077938,156.60977034568754
-8.09500000000002,81.14525730451751,132.7240867895997,156.19961294293083
-8.085000000000019,81.41322099707733,131.91179530366898,155.12578814731475
-8.07500000000002,81.2198276363483,130.52096808053665,153.39840614965718
-8.065000000000019,80.57043377269112,128.5823070824086,151.05511867704323
-8.055000000000021,79.48757274567116,126.14919169300157,148.15911920622315
-8.04500000000002,78.01003514509463,123.29486467435619,144.79565090387013
-8.035000000000021,76.1910248252849,120.10850895067392,141.06731073704026
-8.02500000000002,74.09550332540574,116.69050706470075,137.0885137924106
-8.015000000000022,71.7968972840772,113.14722397802618,132.9795271314522
-8.00500000000002,69.37339224634412,109.58567644329874,128.86049504433925
-7.995000000000021,66.90406736920414,106.10844727339685,124.84585749271827
-7.985000000000022,64.46513589208566,102.80917138136998,121.03951353852918
-7.975000000000022,62.126544822906055,99.76886539815871,117.53100660987398
-7.965000000000022,59.94915510444611,97.05329868212232,114.39291533639064
-7.955000000000022,57.982673398463454,94.71151665259667,111.679530381021
-7.9450000000000225,56.26444284630488,92.77553449294531,109.42679270386682
-7.935000000000023,54.81912806078686,91.2611275775143,107.65337034721614
-7.925000000000023,53.65925511171715,90.16956149150273,106.36266666687894
-7.915000000000023,52.78649654125992,89.49003560168697,105.54548919411833
-7.905000000000023,52.193530490853576,89.20256514402409,105.1830695690667
-7.8950000000000236,51.86625732541545,89.28100172092184,105.25011391498778
-7.885000000000024,51.786131268277686,89.69589332484705,105.71758027747342
-7.875000000000024,51.9323617077551,90.4169130421978,106.55492393426313
-7.865000000000024,52.28376036477778,91.41463889488398,107.73161906813814
-7.855000000000024,52.82005553061099,92.6615421045452,109.21785113634573
-7.845000000000025,53.52255968393233,94.1321314692513,110.98437116017318
-7.835000000000025,54.3741560329981,95.80229955692329,113.00160253768249
-7.825000000000025,55.3586547525195,97.64801249615167,115.23818331277893
-7.815000000000025,56.45965125532617,99.64356890035398,117.65920229453107
-7.8050000000000255,57.65908668683077,101.75971471560821,120.22443683675277
-7.795000000000026,58.93575576457381,103.96193082154947,122.88691603837995
-7.785000000000026,60.264022162291624,106.20920312671947,125.5921111188192
-7.775000000000026,61.61298337282948,108.4535387803765,128.27799425628092
-7.765000000000026,62.9462761725982,110.64040990611522,130.8761124552198
-7.7550000000000265,64.22263577415148,112.7101959522019,133.31370309931083
-7.745000000000027,65.39722590058307,114.6005698944015,135.51674611070507
-7.735000000000027,66.42365571688732,116.24964787785589,137.41372037860884
-7.725000000000027,67.25650646707813,117.59961339627067,138.93972654588453
-7.715000000000027,67.85411874529845,118.60045146770213,140.04056997794987
-7.705000000000028,68.18135083400166,119.21339739422353,140.67637829212293
-7.695000000000028,68.21201538840405,119.41372461279911,140.82436243919958
-7.685000000000028,67.93073649434744,119.19256567060648,140.48041665357968
-7.675000000000028,67.334036807653,118.55757088197086,139.65938051272616
-7.6650000000000285,66.43055531971643,117.53234573745189,138.39393911774673
-7.655000000000029,65.2403972150742,116.15475138147785,136.7322939453835
-7.645000000000029,63.79371398735098,114.47428191249597,134.73487500799905
-7.635000000000029,62.12869118059042,112.54882935232207,132.47046476932388
-7.625000000000029,60.289172634956074,110.44119838547277,130.01215164990143
-7.6150000000000295,58.322168361551306,108.21573217450725,127.4335198596295
-7.60500000000003,56.275477901295126,105.93535981161094,124.8054158490395
-7.59500000000003,54.195617123139996,103.65928528047532,122.19352174483129
-7.58500000000003,52.12617286187413,101.44142333867617,119.65683136732781
-7.57500000000003,50.10663795845405,99.32956898338531,117.2469870750117
-7.565000000000031,48.1717109034409,97.36518357938962,115.00831782928553
-7.555000000000031,46.350989564846564,95.58360837614705,112.97833867527861
-7.545000000000031,44.66895439712783,94.01448501908139,111.18844045779986
-7.535000000000031,43.14512595006663,92.682175126218,109.66451840319074
-7.525000000000031,41.794293008498286,91.60602158098602,108.42735252657357
-7.515000000000032,40.62673618203897,90.80037079460271,107.49264732507834
-7.505000000000032,39.64840961382468,90.2743614847792,106.8707435930078
-7.495000000000032,38.861082128872376,90.03156402262249,106.56611077186528
-7.485000000000032,38.26247070195354,90.06960973368817,106.57679576655795
-7.4750000000000325,37.84641774163996,90.37997121554002,106.89403107961893
-7.465000000000033,37.603166469316236,90.94803901409973,107.5021868484257
-7.455000000000033,37.519776003216506,91.7535904667937,108.37919202098588
-7.445000000000033,37.58069300154824,92.77167327676332,109.4974614006589
-7.435000000000033,37.76846540257719,93.9738440470541,110.8252650549258
-7.425000000000034,38.0645524580346,95.32962687534057,112.32838420941911
-7.415000000000034,38.45016016832831,96.8080040562331,113.97183128368101
-7.405000000000034,38.9070172818768,98.37873060338366,115.72138429830872
-7.395000000000034,39.41800690639005,100.01328116706998,117.5447033095571
-7.385000000000034,39.96758263575346,101.68528957742019,119.41185634858144
-7.375000000000035,40.54192364414932,103.37041900777398,121.29517446410055
-7.365000000000035,41.128816305113546,105.04569146555102,123.1684642338258
-7.355000000000035,41.71728541556567,106.68839391638214,125.00571335991545
-7.345000000000035,42.29703084354605,108.27475067825932,126.77951341473114
-7.3350000000000355,42.85775097483712,109.77859700464238,128.45948006735335
-7.325000000000036,43.38844972263915,111.17030122463204,130.01096775566694
-7.315000000000036,43.87682778814937,112.41616215052863,131.3943520079908
-7.305000000000036,44.30885163469189,113.47845932413277,132.56509375025345
-7.295000000000036,44.66857684421672,114.31626409350349,133.4747155931024
-7.285000000000037,44.938278504075676,114.88703902382,134.07272196974498
-7.275000000000037,45.09891261839468,115.14897091863183,134.3093945716137
-7.265000000000037,45.13090171265636,115.0639062213246,134.13930136248862
-7.255000000000037,45.01520694037309,114.60069195753955,133.52527834662507
-7.245000000000037,44.73461993900837,113.73867377644747,132.4425823831825
-7.235000000000038,44.275182105344605,112.47106688362362,130.8828730154453
-7.225000000000038,43.62761860745418,110.807897267274,128.8576631387226
-7.215000000000038,42.78866122781842,108.77821159164331,126.40088416509658
-7.205000000000038,41.7621300527225,106.4312770795885,123.57024342435012
-7.1950000000000385,40.559650933319816,103.83654031745564,120.44711209759834
-7.185000000000039,39.20090477810994,101.08218778012684,117.13477199580532
-7.175000000000039,37.71333620419,98.27225002579424,113.75496715320924
-7.165000000000039,36.13129142676775,95.5223111442015,110.44284551714442
-7.155000000000039,34.49460529360299,92.95401589495798,107.34052616251051
-7.1450000000000395,32.846710238549655,90.6886957049401,104.58967324415855
-7.13500000000004,31.23238968246191,88.84054538353455,102.32358142734935
-7.12500000000004,29.695338796007817,87.50985896738004,100.65936090759162
-7.11500000000004,28.275720990911548,86.77686213401257,99.69083865808705
-7.10500000000004,27.00791510922233,86.69665217415424,99.48275777851632
-7.095000000000041,25.91863450876944,87.2956740230027,100.06675870466364
-7.085000000000041,25.02556630892227,88.57002983976913,101.43947362174563
-7.075000000000041,24.33663079170052,90.48575489514937,103.56287589922708
-7.065000000000041,23.849903217389013,92.98101399011892,106.3668225603059
-7.0550000000000415,23.554180103750895,95.9700021570339,109.75353458367934
-7.045000000000042,23.430116372785992,99.3481913142577,113.60360014535132
-7.035000000000042,23.451814739587288,102.99846648391177,117.78297718485109
-7.025000000000042,23.58871856038101,106.79764984262304,122.15042339320047
-7.015000000000042,23.807646081250613,110.62291914889882,126.56479441406343
-7.0050000000000425,24.074807348770257,114.35768258650307,130.89171700692177
-6.995000000000043,24.357662690869102,117.89656284856422,135.0092491983465
-6.985000000000043,24.62650998090192,121.14925440394451,138.81226677904448
-6.975000000000043,24.855722494889065,124.04313407898964,142.21544743107026
-6.965000000000043,25.024595693700608,126.52461318899086,145.15484536323734
-6.955000000000044,25.11779590428793,128.55931002426962,147.5881500414189
-6.945000000000044,25.125433763987058,130.1311894864713,149.49379697672217
-6.935000000000044,25.04280863940191,131.24086114406688,150.8691458767864
-6.925000000000044,24.86988628885475,131.9032501057977,151.72796463178148
-6.9150000000000444,24.610580921781693,132.14486080926318,152.09746140707637
-6.905000000000045,24.271915252038852,132.00084637919917,152.0150967220803
-6.895000000000045,23.863129234498857,131.5120792652118,151.525387145771
-6.885000000000045,23.3948011421357,130.72239490397902,150.67688504316402
-6.875000000000045,22.878034690302577,129.67615053892936,149.51948619929152
-6.8650000000000455,22.323754142922716,128.41620681390893,148.10217984922065
-6.855000000000046,21.74213669702794,126.9824011346236,146.47131436342767
-6.845000000000046,21.142198755687573,125.41054054481839,144.6694080178768
-6.835000000000046,20.53154066514915,123.73190050264972,142.7344905084503
-6.825000000000046,19.916243707248572,121.97317792868019,140.6999208315769
-6.815000000000047,19.30090409680626,120.15681614738479,138.59459507119396
-6.805000000000047,18.68878180873781,118.30159943099557,136.44343737454236
-6.795000000000047,18.082037473794333,116.42340811797149,134.26806147365915
-6.785000000000047,17.482028379073242,114.53603210338935,132.0874988425704
-6.775000000000047,16.8896346393313,112.65195897622522,129.91891073268954
-6.765000000000048,16.3055885324432,110.78307918141847,127.77823029643132
-6.755000000000048,15.730783336303102,108.9412788592352,125.6807116135991
-6.745000000000048,15.166542205671838,107.13891566101486,123.64138815844555
-6.735000000000048,14.614832132314557,105.38918894702358,121.67545863660199
-6.7250000000000485,14.07841237850211,103.70642042146234,119.79862005554178
-6.715000000000049,13.560910662650445,102.10625424568988,118.02735637997847
-6.705000000000049,13.06682370674994,100.60576964655645,116.37916946283613
-6.695000000000049,12.60144162567971,99.22347903972013,114.87271315658367
-6.685000000000049,12.170698297826759,97.97916712586186,113.52776916590162
-6.67500000000005,11.780952626023714,96.89351771909156,112.36499184474964
-6.66500000000005,11.438708771658758,95.98748026601655,111.40535465200402
-6.65500000000005,11.150287189595598,95.28134955819955,110.66925620177791
-6.64500000000005,10.92146256628871,94.79356915543066,110.17528772894966
-6.63500000000005,10.75708927563307,94.5393171976338,109.93872125165753
-6.625000000000051,10.660739176601934,94.52898532824938,109.96984022381167
-6.615000000000051,10.634379752337662,94.76670826386889,110.27229131658464
-6.605000000000051,10.67812191411846,95.24913362612072,110.84167595906344
-6.595000000000051,10.790065501635203,95.96463076730403,111.66461365272383
-6.5850000000000515,10.966266050982032,96.89311804786075,112.71848934568358
-6.575000000000052,11.200838582242746,98.00663895372188,113.97204246324273
-6.565000000000052,11.48620326199053,99.27074182753556,115.38686912203599
-6.555000000000052,11.813464629025399,100.64662368510147,116.91980057199395
-6.545000000000052,12.172901932349966,102.09389724516606,118.52600344541841
-6.5350000000000525,12.554534684228774,103.57374586016866,120.1625371214504
-6.525000000000053,12.948716603049139,105.05215773220795,121.79201703707405
-6.515000000000053,13.346704427821711,106.50289093805719,123.38598453429412
-6.505000000000053,13.74114695269177,107.90982266584894,124.92758367918461
-6.495000000000053,14.126444733169038,109.26838240091308,126.41319683513805
-6.485000000000054,14.498942114929825,110.58585597766964,127.85278969247113
-6.475000000000054,14.856929522091331,111.88046575576688,129.26885194727856
-6.465000000000054,15.200453530375635,113.17926719878538,130.69397525327008
-6.455000000000054,15.530952809458476,114.51503664842244,132.16726559828714
-6.4450000000000545,15.85075699801161,115.9224417853046,133.72992280719694
-6.435000000000055,16.16250058312439,117.43387030941071,135.4204181557788
-6.425000000000055,16.468513017358973,119.07533354681048,137.26975011124574
-6.415000000000055,16.770248535953673,120.86285575647922,139.2972528964086
-6.405000000000055,17.067814281003127,122.79970893299513,141.50737510053355
-6.3950000000000555,17.359644169660886,124.87476455204332,143.88774464395476
-6.385000000000056,17.642349999703008,127.06211977115976,146.40870555659816
-6.375000000000056,17.910762614469007,129.32203000444076,149.02436729006575
-6.365000000000056,18.158156784625874,131.60305656510667,151.67506485320956
-6.355000000000056,18.3766359157992,133.8452295956023,154.2910022857766
-6.345000000000057,18.557638487837014,135.98394230346597,156.79675393362947
-6.335000000000057,18.692518458060444,137.95423866316773,159.11623476311348
-6.325000000000057,18.773147296633095,139.6951358138416,161.1777256324707
-6.315000000000057,18.792485870715783,141.15363383202472,162.91855148642938
-6.3050000000000574,18.74507957631042,142.2881062460419,164.28905631594114
-6.295000000000058,18.627439094385313,143.0708294105843,165.25559252935307
-6.285000000000058,18.438280848445267,143.48949096759753,165.80233642935082
-6.275000000000058,18.178614466301138,143.54760928702385,165.9318468278876
-6.265000000000058,17.851678065763732,143.2638886000415,165.66439078429173
-6.2550000000000585,17.46273479999387,142.67062007720114,165.03615930546735
-6.245000000000059,17.018754737801554,141.8113096547267,164.09657770686658
-6.235000000000059,16.528013939850897,140.73776283612307,162.90497310369426
-6.225000000000059,15.999646928449549,139.50688124014144,161.5268908247635
-6.215000000000059,15.443189398106881,138.17742454057708,160.03035145725653
-6.20500000000006,14.868145138782102,136.80696697433217,158.48231335079385
-6.19500000000006,14.2836053002856,135.44923483922412,156.94555747016727
-6.18500000000006,13.697940196782914,134.1519572553997,155.4761503175008
-6.17500000000006,13.118574915603169,132.955304415804,154.12157475058646
-6.16500000000006,12.551851169191936,131.8909323947332,152.9195556024976
-6.155000000000061,12.002970091502934,130.981606367291,151.8975527670431
-6.145000000000061,11.47600473434831,130.24133757858942,151.07285197662446
-6.135000000000061,10.973967218172719,129.67594413747943,150.45315350454564
-6.125000000000061,10.498913836858707,129.2839306435747,150.03754035652196
-6.1150000000000615,10.05207162726328,129.05757506164485,149.81769836723151
-6.105000000000062,9.633971545042238,128.9841116435868,149.77925951496724
-6.095000000000062,9.244575953585233,129.0469053966481,149.9031462102941
-6.085000000000062,8.883391210638548,129.22652682442435,150.16680879457198
-6.075000000000062,8.549559422662343,129.50165605263646,150.54527188257845
-6.065000000000063,8.241926740093714,129.84977319764022,151.01193776247888
-6.055000000000063,7.959088764937083,130.24762583418075,151.539135427486
-6.045000000000063,7.69941661397898,130.6715016695478,152.09844823697537
-6.035000000000063,7.461069750520917,131.09737013679998,152.66089568866067
-6.025000000000063,7.242003615261041,131.5009844630693,153.19707789419232
-6.015000000000064,7.039981057988909,131.8580497595326,153.67740774299008
-6.005000000000064,6.852596326370941,132.1445582659746,154.07254997787666
-5.995000000000064,6.6773187530457285,132.3373684209317,154.35415659694144
-5.985000000000064,6.511560343431035,132.41506200503338,154.4959367511631
-5.9750000000000645,6.352767494341078,132.3590590446643,154.47503372452712
-5.965000000000065,6.198532590889944,132.15491215556702,154.2736121729053
-5.955000000000065,6.046716920583019,131.79365052848627,153.88049756682494
-5.945000000000065,5.895572935886025,131.27300814807427,153.2926679112259
-5.935000000000065,5.74385202019136,130.59835796291668,152.5163834635108
-5.9250000000000655,5.590883973311614,129.78318669023687,151.56775692654338
-5.915000000000066,5.436616528062573,128.8489825747502,150.47261288382725
-5.905000000000066,5.281607101341731,127.8244656628535,149.2655548115353
-5.895000000000066,5.126964140022629,126.74415914891838,147.9882412574387
-5.885000000000066,4.97424111519816,125.64637199377961,146.68695866809648
-5.875000000000067,4.8252916506271095,124.57072852356548,145.40965627618093
-5.865000000000067,4.682098711061276,123.55543290273673,144.20266983539847
-5.855000000000067,4.5465936697656355,122.63449038868755,143.1074001191592
-5.845000000000067,4.420482117445762,121.83512075564138,142.15722636960305
-5.8350000000000675,4.3050924330192935,121.17559202095931,141.37492434882222
-5.825000000000068,4.201260621232304,120.66367598421039,140.77082527631967
-5.815000000000068,4.10926112812951,120.2958834395069,140.341898863527
-5.805000000000068,4.028788772857718,120.05757916777995,140.07187463274502
-5.795000000000068,3.958992108190487,119.92400836812206,139.9324349484484
-5.7850000000000685,3.8985539257309973,119.86219110572978,139.8854255204372
-5.775000000000069,3.845810651143246,119.83356461177368,139.88594029989468
-5.765000000000069,3.798899316891045,119.79718090761938,139.88605452832348
-5.755000000000069,3.7559188298016957,119.71320619202719,139.83891002863953
-5.745000000000069,3.7150914414582483,119.54642600747388,139.70280880723334
-5.73500000000007,3.6749106679179153,119.26944302677879,139.44495209062134
-5.72500000000007,3.634263307800307,118.86526714361311,139.04447737234233
-5.71500000000007,3.5925155322675297,118.32904211616412,138.4944977591214
-5.70500000000007,3.5495560754791207,117.66872707537527,137.8029332956391
-5.6950000000000705,3.5057931070927832,116.90464833508553,136.99203566293465
-5.685000000000071,3.4621051548130346,116.06794696968468,136.09663410108615
-5.675000000000071,3.419750181780109,115.19805788694562,135.16125716409277
-5.665000000000071,3.380240326717965,114.33945323214137,134.23639671161138
-5.655000000000071,3.345192620234041,113.53795484860449,133.37426360951258
-5.6450000000000715,3.3161679762444116,112.83695835002712,132.62442883834834
-5.635000000000072,3.294511761983924,112.27391091452733,132.02974423093178
-5.625000000000072,3.281209187351195,111.87734721167335,131.62289495904105
-5.615000000000072,3.2767676206200513,111.66471890359054,131.4238578805033
-5.605000000000072,3.2811358114057096,111.64116276533652,131.4384370511518
-5.595000000000073,3.2936670382503683,111.79925267871538,131.65793371024833
-5.585000000000073,3.313129618435841,112.11968387239338,132.05989681548368
-5.575000000000073,3.337764295535905,112.57275461336937,132.6098040325418
-5.565000000000073,3.3653840667177275,113.12044907453956,133.26345112414882
-5.555000000000073,3.3935083564587205,113.7188897551814,133.9697851498166
-5.545000000000074,3.419520412407261,114.32091948930763,134.6739050083598
-5.535000000000074,3.4408346893187054,114.87858954239228,135.31996941782972
-5.525000000000074,3.4550600356854138,115.34536712754661,135.85379268228408
-5.515000000000074,3.4601448516098494,115.67792710044161,136.22496625156035
-5.5050000000000745,3.4544920736937907,115.83745233479917,136.3884121762184
-5.495000000000075,3.4370347532713725,115.7904291235772,136.30534608193332
-5.485000000000075,3.407266875591728,115.50898210113212,135.9436955441596
-5.475000000000075,3.365228538719756,114.97084244873565,135.2780785739397
-5.465000000000075,3.311449197752367,114.15907907427332,134.28949087544586
-5.455000000000076,3.2468568676568133,113.06174150441298,132.96487511549543
-5.445000000000076,3.1726644756712554,111.67156304520135,131.29674751906222
-5.435000000000076,3.090246561279714,109.985852565215,129.2830353830747
-5.425000000000076,3.001019986537979,108.00666417437048,126.92723463077112
-5.415000000000076,2.9063411790318865,105.74127944121196,124.23893303901097
-5.405000000000077,2.8074298245162717,103.20297216167694,121.23466872609121
-5.395000000000077,2.7053251864928307,100.41195854866598,117.93901375483225
-5.385000000000077,2.6008768346138686,97.39637484830915,114.38569979798237
-5.375000000000077,2.4947670783673153,94.1930789702464,110.61854775433521
-5.3650000000000775,2.3875584042513296,90.8480511220395,106.69193612647551
-5.355000000000078,2.2797562156433355,87.41617700378607,102.67055160590886
-5.345000000000078,2.171875553225037,83.96023898042084,98.62821356699217
-5.335000000000078,2.06450042409444,80.54901479895179,94.64565100733384
-5.325000000000078,1.9583258726055355,77.25448419571876,90.80722927531676
-5.3150000000000786,1.8541757590954486,74.14826088635735,87.19676256613846
-5.305000000000079,1.7529929675930824,71.2974868254901,83.8926898738885
-5.295000000000079,1.6558029081412795,68.76053072302156,80.96301716820676
-5.285000000000079,1.563655127738956,66.58290673686169,78.46051690215015
-5.275000000000079,1.4775510380550334,64.79385734761884,76.41871001930417
-5.26500000000008,1.3983677570791468,63.404016792533824,74.84912359158271
-5.25500000000008,1.3267885684293839,62.40448531865404,73.7402156945898
-5.24500000000008,1.2632494655301272,61.76750568236814,73.05819489651697
-5.23500000000008,1.2079088366962771,61.448756311866426,72.74975201573008
-5.2250000000000805,1.1606439366187238,61.39108238548474,72.74649272748366
-5.215000000000081,1.1210739072650355,61.529303505015875,72.97064293784823
-5.205000000000081,1.0886053559441118,61.795592168703635,73.34142729218418
-5.195000000000081,1.0624934470434626,62.12483461324585,73.78142298260212
-5.185000000000081,1.0419095785092995,62.45938044136775,74.22218479098275
-5.1750000000000815,1.0260062657151994,62.75266406674399,74.60852818535997
-5.165000000000082,1.0139708798196625,62.971330844302,74.901035159815
-5.155000000000082,1.005062180214208,63.09570317472817,75.07658787765715
-5.145000000000082,0.9986267315849502,63.118647122164674,75.1270027011312
-5.135000000000082,0.9940957624252755,63.043114048562074,75.05609132904156
-5.125000000000083,0.9909662214801316,62.8788016916178,74.87567758099773
-5.115000000000083,0.9887722007564417,62.638479223666536,74.60121721974585
-5.105000000000083,0.9870541467646938,62.33453679324771,74.24768704137028
-5.095000000000083,0.985333212796248,61.97625140268391,73.82632772258508
-5.0850000000000835,0.9830967814734429,61.56812104777976,73.34265844261495
-5.075000000000084,0.9797988853601991,61.10943244455308,72.79595934942012
-5.065000000000084,0.9748764040109992,60.59502578849093,72.18017785220745
-5.055000000000084,0.9677790205490657,60.01703547283599,71.48599531205387
-5.045000000000084,0.9580084645221936,59.36724685883235,70.70362565875757
-5.0350000000000845,0.9451609366489089,58.63963550297117,69.82582992912228
-5.025000000000085,0.9289660336924912,57.832654522016625,68.85062999481991
-5.015000000000085,0.9093160108425529,56.95090357315383,67.78328553745799
-5.005000000000085,0.8862806970776007,56.0059340394851,66.63724254624697
-4.995000000000085,0.8601055334085401,55.016096668030464,65.43394217467609
-4.985000000000086,0.8311926633629019,54.00549397227522,64.2015646176621
-4.975000000000086,0.800067375593071,53.002235107662585,62.97294394704892
-4.965000000000086,0.7673341272452142,52.036285540863865,61.783002660470686
-4.955000000000086,0.7336276035084107,51.13724531724667,60.66610437985146
-4.945000000000086,0.6995646583103386,50.33237489884865,59.65370587677434
-4.935000000000087,0.6657025332134953,49.645122259757905,58.772612329302284
-4.925000000000087,0.632507589721129,49.09430264352052,58.04401834920101
-4.915000000000087,0.6003371329237566,48.69396167416008,57.48337382324883
-4.905000000000087,0.569435024924548,48.453833950203276,57.10097232976078
-4.8950000000000875,0.5399399679724652,48.38021219262783,56.90304371367165
-4.885000000000088,0.5119038305419078,48.47698164270085,56.89305930854539
-4.875000000000088,0.4853163791749345,48.74655947460553,57.07293871294124
-4.865000000000088,0.4601323613520624,49.190510601739796,57.44388240112266
-4.855000000000088,0.43629706203603313,49.80968280768233,58.00663717274253
-4.845000000000089,0.4137671443153808,50.603802476756755,58.76111625146652
-4.835000000000089,0.39252463207853705,51.57057988406536,59.70542239519513
-4.825000000000089,0.3725831119196731,52.70447124655802,60.83443874355197
-4.815000000000089,0.35398642952055365,53.995316648390485,62.13823851521696
-4.805000000000089,0.3368011647020237,55.42710648099841,63.6006068506843
-4.79500000000009,0.32110486974726166,56.9771190578579,65.19795984624126
-4.78500000000009,0.3069723894707367,58.61562123290917,66.89888990936888
-4.77500000000009,0.29446255368257224,60.30624201226852,68.66447407989286
-4.76500000000009,0.28360720140386875,62.0070313751589,70.44937009772921
-4.7550000000000905,0.27440395552328983,63.67212017256141,72.203613672452
-4.745000000000091,0.2668135250594666,65.25381834415913,73.87493841249359
-4.735000000000091,0.26076167187874305,66.70493993140438,75.41138132836824
-4.725000000000091,0.2561454190421381,67.98113029339069,76.76391869189433
-4.715000000000091,0.2528426468464512,69.04299224032486,77.88889813920642
-4.7050000000000916,0.2507239358526854,69.85785571940602,78.7500847019241
-4.695000000000092,0.2496653638798626,70.40109800539159,79.32020728356282
-4.685000000000092,0.2495609216441508,70.65698426554918,79.58196245148527
-4.675000000000092,0.25033325271480056,70.61904957548502,79.52849039557506
-4.665000000000092,0.2519415287955341,70.29007472862867,79.16337418766933
-4.655000000000093,0.2543854351823812,69.68171691691563,78.50022507025312
-4.645000000000093,0.2577044702841415,68.81384582141003,77.56190699131469
-4.635000000000093,0.26197207053045624,67.7136138071947,76.37943184624247
-4.625000000000093,0.26728446803740935,66.41426625816403,74.99053454898083
-4.6150000000000935,0.2737446700155098,64.95368492204236,73.43792553141411
-4.605000000000094,0.2814424919275287,63.37266098792558,71.76722576259493
-4.595000000000094,0.2904321325159271,61.71291831982207,70.02461875181814
-4.585000000000094,0.3007092787598138,60.01494815811302,68.25430190411008
-4.575000000000094,0.3121900917528722,58.315766984672486,66.49587704170683
-4.5650000000000945,0.3246945719715681,56.64675801321752,64.78187412095211
-4.555000000000095,0.337936674228954,55.03179176721572,63.135639357691076
-4.545000000000095,0.3515231112866629,53.485831907487295,61.5698273121199
-4.535000000000095,0.3649620657161365,52.01421228558486,60.08570880984209
-4.525000000000095,0.3776820827768022,50.61271904492176,58.673442111569514
-4.515000000000096,0.3890603438804647,49.26853234755198,57.31335957667938
-4.505000000000096,0.39845844953010157,47.96198609836369,55.97820828054098
-4.495000000000096,0.4052629109477798,46.66900453221,54.63616670473787
-4.485000000000096,0.4089268882407615,45.36398655387714,53.25435800432511
-4.4750000000000965,0.40900941622424414,44.02284572715838,51.80250900990886
-4.465000000000097,0.40520847690919476,42.62588561842794,50.256374248287074
-4.455000000000097,0.3973848054895706,41.160201444676524,48.60056094262631
-4.445000000000097,0.3855741951580952,39.621348479552914,46.83045244523578
-4.435000000000097,0.3699871898160303,38.01409881579014,44.95302577417491
-4.4250000000000975,0.35099628639915953,36.35221003340412,42.9864808891736
-4.415000000000098,0.32911196244326757,34.65723883197758,40.95872931737144
-4.405000000000098,0.3049498612533983,32.95653612192005,38.904911632220035
-4.395000000000098,0.279192195985213,31.28064532489767,36.864212891566225
-4.385000000000098,0.25254680586416783,29.660383606495632,34.876311877593366
-4.375000000000099,0.22570729181311203,28.12391125367842,32.97782794943749
-4.365000000000099,0.19931730213178228,26.694086365841496,31.199117566478492
-4.355000000000099,0.17394139970659592,25.386363230955773,29.56172465658354
-4.345000000000099,0.15004411726598135,24.207429074829356,28.07671220862829
-4.335000000000099,0.12797790649587193,23.15469328018606,26.744006416697047
-4.3250000000001,0.10797981806570792,22.21665472632979,25.552780219125687
-4.3150000000001,0.09017600431965636,21.374085762660663,24.482800983350895
-4.3050000000001,0.07459257998964433,20.60189395110157,23.506577228013235
-4.2950000000001,0.06117104299208688,19.87146217389202,22.59206973805638
-4.2850000000001005,0.04978635005003486,19.153229208846593,21.70568899948312
-4.275000000000101,0.04026583632099978,18.41925938670152,20.81528665925098
-4.265000000000101,0.03240742045782121,17.645561959969154,19.892863927359606
-4.255000000000101,0.025995891791291425,16.813956300542472,18.916761832227827
-4.245000000000101,0.020816477817883365,15.913333603918442,17.87316172550085
-4.235000000000102,0.01666528665800461,14.9402330431647,16.75680197566405
-4.225000000000102,0.013356570235632494,13.898722609871752,15.570899586213292
-4.215000000000102,0.010727032879728144,12.799644093958833,14.326344335397039
-4.205000000000102,0.008637604129643322,11.65934023874693,13.040299489622676
-4.195000000000102,0.006973203434736964,10.498024031046672,11.734390493204874
-4.185000000000103,0.005641057437918937,9.337971609050511,10.432687195339852
-4.175000000000103,0.004568103042183589,8.201720389776906,9.159685132350148
-4.165000000000103,0.003697939686242673,7.110434492929859,7.938469219341172
-4.155000000000103,0.0029877003392416142,6.082564500483748,6.789203633672688
-4.1450000000001035,0.002405108637191747,5.1328838026722545,5.72804120337074
-4.135000000000104,0.0019258918645649226,4.271935685661941,4.766491493171537
-4.125000000000104,0.0015316347416606834,3.505880060753252,3.9112358993580143
-4.115000000000104,0.0012080920033394201,2.8366913263451514,3.1643360203593636
-4.105000000000104,0.0009439300589602514,2.2626325862919785,2.523752036693401
-4.095000000000105,0.0007298386080952559,1.778917668151549,1.9840723032567436
-4.085000000000105,0.0005579392840433523,1.3784705917039979,1.5373532569211266
-4.075000000000105,0.0004214166614722057,1.052700357129329,1.1739778552958375
-4.065000000000105,0.00031430353317763506,0.7922242436657355,0.883457829514083
-4.055000000000105,0.00023136374662900512,0.5874919768541997,0.6551264116974922
-4.045000000000106,0.00016802919509152417,0.42928306135896915,0.47869044909629643
-4.035000000000106,0.00012036062112336081,0.30906778870846463,0.34463114955593654
-4.025000000000106,8.501330835940635e-05,0.21923721429362827,0.2444592159178939
-4.015000000000106,5.919778334915768e-05,0.15321790199360236,0.17084186563405748
-4.0050000000001065,4.063213482714764e-05,0.10549336157767092,0.11762608733008321
-3.9950000000001067,2.748667451694886e-05,0.07155633333576152,0.07978499254524557
-3.985000000000107,1.8323826617657523e-05,0.04781524207075498,0.05331321022663367
-3.975000000000107,1.2036849439843198e-05,0.031475227495946105,0.03509403535242625
-3.9650000000001073,7.790762132144402e-06,0.02041010809156121,0.022756538518034674
-3.9550000000001075,4.968101736345726e-06,0.013037249044778432,0.014535961133722002
-3.9450000000001078,3.12119940484044e-06,0.008203170387132403,0.009146117495991434
-3.935000000000108,1.931761107882508e-06,0.005084215922676263,0.005668610091363768
-3.925000000000108,1.1777936122032958e-06,0.0031038771127028723,0.0034606280920686013
-3.9150000000001084,7.07381946118719e-07,0.001866446290098162,0.002080960974686593
-3.9050000000001086,4.1849916033078793e-07,0.001105476263218173,0.001232525956560257
-3.895000000000109,2.438817426724422e-07,0.0006449099700495194,0.0007190252056841386
-3.885000000000109,1.3999013922853425e-07,0.0003705591755523569,0.00041314366989679286
-3.8750000000001092,7.914789646635594e-08,0.0002097095345179242,0.0002338085197572493
-3.8650000000001095,4.407539205648238e-08,0.00011688921590361164,0.00013032127718071813
-3.8550000000001097,2.417461805812645e-08,6.416824033490675e-05,7.154179398154521e-05
-3.84500000000011,1.3059363085985787e-08,3.469358500186989e-05,3.868011592766239e-05
-3.83500000000011,6.948260479986186e-09,1.8473778410203635e-05,2.059649292901963e-05
-3.8250000000001103,3.6409531770267725e-09,9.687999274612803e-06,1.0801166579433409e-05
-3.8150000000001105,1.8790249641944155e-09,5.003556041227016e-06,5.578461079357276e-06
-3.8050000000001107,9.550416650901632e-10,2.5449801155818936e-06,2.8373907780075152e-06
-3.795000000000111,4.780557421469945e-10,1.2748109451013776e-06,1.421280201492846e-06
-3.785000000000111,2.356652793673399e-10,6.288656945303254e-07,7.011178581840051e-07
-3.7750000000001114,1.1441109183287917e-10,3.0550327567104597e-07,3.4060281593914356e-07
-3.7650000000001116,5.470045691749002e-11,1.4615542779107574e-07,1.6294707978835212e-07
-3.755000000000112,2.5754854578825998e-11,6.885738777651567e-08,7.676822102712426e-08
-3.745000000000112,1.194174476623616e-11,3.1946126190118094e-08,3.561627244164475e-08
-3.7350000000001122,5.4527097983020575e-12,1.4595319753397331e-08,1.6272085965679746e-08
-3.7250000000001124,2.4518192293374725e-12,6.566479568201891e-09,7.320851403374945e-09
-3.7150000000001127,1.0856545881506284e-12,2.9091834370103274e-09,3.2433924549386825e-09
-3.705000000000113,4.733887237451618e-13,1.2691858576655664e-09,1.4149889320143005e-09
-3.695000000000113,2.0326525407120714e-13,5.452443338281105e-10,6.078807954992183e-10
-3.6850000000001133,8.594557369158356e-14,2.3065626310359884e-10,2.5715322580165607e-10
-3.6750000000001135,3.578452616917485e-14,9.608242427882689e-11,1.0711990003874709e-10
-3.6650000000001137,1.4671509606393855e-14,3.94115793179223e-11,4.393893681638517e-11
-3.655000000000114,5.923230304659853e-15,1.5918480209875932e-11,1.7747076604397004e-11
-3.645000000000114,2.3547421129744936e-15,6.331025283138905e-12,7.058278700368999e-12
-3.6350000000001144,9.21776737583609e-16,2.4793514507042243e-12,2.7641550241841662e-12
-3.6250000000001146,3.553060938964294e-16,9.560723557129818e-13,1.0658954987403148e-12
-3.615000000000115,1.348562427659704e-16,3.6301885445920133e-13,4.04718100093471e-13
-3.605000000000115,5.039970749269109e-17,1.3572210536040038e-13,1.5131208868623751e-13
-3.595000000000115,1.8546873672175922e-17,4.996343753179539e-14,5.5702534368737944e-14
-3.5850000000001154,6.720420167088815e-18,1.8110555800228103e-14,2.0190823993486284e-14
-3.5750000000001156,2.3977424313372545e-18,6.4637792350511604e-15,7.206234852963938e-15
-3.565000000000116,8.423382164304315e-19,2.2715072841034834e-15,2.532419654253203e-15
-3.555000000000116,2.913708407936209e-19,7.859815258891989e-16,8.762611099176389e-16
-3.5450000000001163,9.923864282220224e-20,2.677804847969132e-16,2.9853812233976836e-16
-3.5350000000001165,3.328197555794001e-20,8.9828021052289e-17,1.0014573312786092e-16
-3.5250000000001167,1.0996498746705763e-20,2.96694702215028e-17,3.3077357563163625e-17
-3.515000000000117,3.599717870679209e-21,9.64893314914303e-18,1.0757410473293296e-17
-3.505000000000117,1.2382434226030577e-21,3.0903727533215604e-18,3.4460639778239755e-18
-3.4950000000001173,6.860262092188697e-22,9.770341415721283e-19,1.091788723034268e-18
-3.4850000000001176,1.215095778095094e-21,3.1257457484170447e-19,3.5706629934002915e-19
-3.4750000000001178,3.714946263711546e-21,1.2654024252344386e-19,1.6973676411876405e-19
-3.465000000000118,1.2100968003473684e-20,1.3994337335155246e-19,2.5017552311178853e-19
-3.455000000000118,3.9105762544474296e-20,3.7092451179625294e-19,7.180727020304897e-19
-3.4450000000001184,1.2451201333861024e-19,1.1573383007427087e-18,2.2600832530667735e-18
-3.4350000000001186,3.903523879976507e-19,3.6217251560825056e-18,7.07843151988082e-18
-3.425000000000119,1.204908988291518e-18,1.1178057067309987e-17,2.1848715048443628e-17
-3.415000000000119,3.6618737029416e-18,3.397337455914282e-17,6.640599797841487e-17
-3.4050000000001193,1.0957370196454109e-17,1.0166535941617354e-16,1.9872309691934778e-16
-3.3950000000001195,3.228238726799112e-17,2.9954783646378446e-16,5.855289955018793e-16
-3.3850000000001197,9.364485842322521e-17,8.690014385208156e-16,1.6986737713640239e-15
-3.37500000000012,2.6746319661642804e-16,2.4822116698321433e-15,4.852169947652304e-15
-3.36500000000012,7.521577024180965e-16,6.981106258127017e-15,1.364676174613712e-14
-3.3550000000001203,2.08267608465777e-15,1.9332147473029442e-14,3.7791499409311686e-14
-3.3450000000001205,5.678136805656872e-15,5.271204444234552e-14,1.0304645776365691e-13
-3.3350000000001208,1.5242802573374597e-14,1.4151980861374342e-13,2.7666242008749616e-13
-3.325000000000121,4.02904770151046e-14,3.741158704616836e-13,7.313906145416352e-13
-3.315000000000121,1.0486307448476204e-13,9.738245134145435e-13,1.9038594214178867e-12
-3.3050000000001214,2.687383019404646e-13,2.496004283439304e-12,4.879901657873737e-12
-3.2950000000001216,6.781531895259011e-13,6.2994790223027974e-12,1.231636712871901e-11
-3.285000000000122,1.6850857772798409e-12,1.5655376510299844e-11,3.060937573626767e-11
-3.275000000000122,4.123036241477985e-12,3.831132190706507e-11,7.490862224893687e-11
-3.2650000000001222,9.933870010751171e-12,9.232109373694663e-11,1.8051783696043616e-10
-3.2550000000001225,2.3568476383780977e-11,2.1907391402189663e-10,4.2837605469405746e-10
-3.2450000000001227,5.5063281474789525e-11,5.119203119216362e-10,1.001043828599965e-09
-3.235000000000123,1.2668242226086002e-10,1.1779921182364134e-09,2.3036168243957017e-09
-3.225000000000123,2.870124776238567e-10,2.6694231562579773e-09,5.2203949976694665e-09
-3.2150000000001233,6.403569666907062e-10,5.95709467000343e-09,1.165036494814631e-08
-3.2050000000001235,1.4069788693195932e-09,1.3091849051837489e-08,2.5605080826576915e-08
-3.1950000000001237,3.0444200228380346e-09,2.8335090796610275e-08,5.542057117336494e-08
-3.185000000000124,6.4875536649426595e-09,6.039673260258108e-08,1.1813598296997428e-07
-3.175000000000124,1.3615229379825717e-08,1.267873568990323e-07,2.480094646307635e-07
-3.1650000000001244,2.8141364015038786e-08,2.621325450363676e-07,5.127882133246575e-07
-3.1550000000001246,5.7286258738648706e-08,5.337742638299543e-07,1.0442410983629798e-06
-3.145000000000125,1.148550886933735e-07,1.0705219618268872e-06,2.0944312908923234e-06
-3.135000000000125,2.2680582096963674e-07,2.1146804308175628e-06,4.137557432467484e-06
-3.1250000000001252,4.411359081528277e-07,4.1144846413649685e-06,8.050908623783888e-06
-3.1150000000001254,8.451140870743698e-07,7.885302586621092e-06,1.543047980428315e-05
-3.1050000000001257,1.5947544057367447e-06,1.4885538130326365e-05,2.913122265231699e-05
-3.095000000000126,2.964278451542979e-06,2.76799534703281e-05,5.417440644008985e-05
-3.085000000000126,5.427532322831773e-06,5.07028672523124e-05,9.924245935327358e-05
-3.0750000000001263,9.789396459028463e-06,9.14909302534065e-05,0.00017909391224895757
-3.0650000000001265,1.739368647076187e-05,0.00016263507765413391,0.0003183877841059004
-3.0550000000001267,3.0445422104891473e-05,0.0002848089280589704,0.000557618022358214
-3.045000000000127,5.250004440869706e-05,0.0004913703439877431,0.0009621323524854463
-3.035000000000127,8.9190280444361e-05,0.0008352052089429787,0.0016355483951090025
-3.0250000000001274,0.0001492824062350721,0.001398683465228681,0.0027392749674152394
-3.0150000000001276,0.0002461762441176901,0.0023078142792049006,0.004520273106782557
-3.005000000000128,0.00039998465630648,0.0037518948101692043,0.007349600557538382
-2.995000000000128,0.0006403442021157565,0.0060101045890060085,0.011774595202407395
-2.985000000000128,0.001010112724949259,0.009486545664153493,0.018587650909731634
-2.9750000000001284,0.0015700936963537028,0.014755089353341834,0.02891427018920612
-2.9650000000001286,0.0024048813847617942,0.022614970212830602,0.04432225823058632
-2.955000000000129,0.0036298349634347853,0.034157266783039555,0.06695235561200655
-2.945000000000129,0.005399054227677047,0.050841135938815764,0.09966811285685448
-2.9350000000001293,0.007914038828341017,0.07457686410630114,0.14621927150466157
-2.9250000000001295,0.011432467491551501,0.10781046536121575,0.21140833386168864
-2.9150000000001297,0.01627624396593534,0.1536017864530712,0.30124455754912094
-2.90500000000013,0.022837645486647594,0.21568508577486778,0.42306371893376016
-2.89500000000013,0.031582114950260004,0.2984981902971585,0.5855863434198132
-2.8850000000001303,0.04304601161999933,0.4071640935148142,0.7988826663379817
-2.8750000000001306,0.057827539998924836,0.5474078410312806,1.0742105505984605
-2.8650000000001308,0.0765691798601219,0.7253924089381626,1.4236942276078417
-2.855000000000131,0.09993030364473192,0.9474606139466802,1.8598182315967775
-2.845000000000131,0.12854933258182727,1.2197763264919337,2.394723104322898
-2.8350000000001314,0.16299575818339213,1.5478674942303061,3.0393075742916182
-2.8250000000001316,0.20371360242066772,1.936085381244042,3.802165299815618
-2.815000000000132,0.2509593133274157,2.387008109179023,4.688411190111703
-2.805000000000132,0.3047385417045188,2.9008306198659666,5.698479976205212
-2.7950000000001323,0.36474752042000336,3.474795666205,6.827004360951455
-2.7850000000001325,0.43032564559634584,4.102729209044585,8.061897460742705
-2.7750000000001327,0.5004261190821839,4.774746511016739,9.383770134908954
-2.765000000000133,0.5736109781774856,5.477190533024624,10.765804737991443
-2.755000000000133,0.6480754192827622,6.19285100211855,12.174180925152783
-2.7450000000001333,0.7217040412980894,6.901490893734973,13.56910668692257
-2.7350000000001335,0.7921586519085347,7.580678528234267,14.906451659480402
-2.7250000000001338,0.8569938881863706,8.206890793008995,16.139915390259475
-2.715000000000134,0.9137935015622787,8.756819994025875,17.223598163515703
-2.705000000000134,0.960317202168848,9.20878792322289,18.11478489291216
-2.6950000000001344,0.9946458944897454,9.54415024621413,18.77671204302528
-2.6850000000001346,1.0153123268436506,9.748565834720361,19.181070600645164
-2.675000000000135,1.0214048322720295,9.813011319525316,19.31000900808058
-2.665000000000135,1.0126339709031171,9.73444114671759,19.15743917101861
-2.6550000000001353,0.9893552929977021,9.516025928716243,18.729512541617517
-2.6450000000001355,0.9525457329490814,9.166943138318675,18.044214479645213
-2.6350000000001357,0.9037357834300013,8.701739061310498,17.13011349786307
-2.625000000000136,0.8449039925519695,8.139323653395733,16.02438627350198
-2.615000000000136,0.7783439153270468,7.501695077111028,14.770308674392965
-2.6050000000001363,0.7065159940774619,6.812513897334982,13.414448955367988
-2.5950000000001365,0.6318976871324508,6.095655652811212,12.003816699033944
-2.5850000000001367,0.5568444770803077,5.373864384774264,10.583209166624563
-2.575000000000137,0.4834723497269209,4.667610375470567,9.192958783083618
-2.565000000000137,0.41356929813976134,3.994226226842118,7.867228186694162
-2.5550000000001374,0.3485398363294512,3.367360965702298,6.632931436477021
-2.5450000000001376,0.28938289698633385,2.796756877405351,5.5092910156168635
-2.535000000000138,0.2367002825520225,2.288322587375968,4.507978763585671
-2.525000000000138,0.19073037580102462,1.844451834928199,3.633741342825818
-2.5150000000001382,0.15140028767415764,1.4645223279151998,2.8853810796030057
-2.5050000000001384,0.11838906642164755,1.1455034599023672,2.256951873481994
-2.4950000000001387,0.09119491810009309,0.8826046255332392,1.7390356047555176
-2.485000000000139,0.06920040003937483,0.6699055256408739,1.3199834253272322
-2.475000000000139,0.05173099861996853,0.5009238239532233,0.9870337909881821
-2.4650000000001393,0.038104135491383785,0.36909133031608077,0.7272502071693003
-2.4550000000001395,0.027667237415770794,0.2681253557398618,0.5282521032083238
-2.4450000000001397,0.01982488497766918,0.19229536052050086,0.3787387603833363
-2.43500000000014,0.014056121671594589,0.13659548817444433,0.2688268010082242
-2.42500000000014,0.009923718889366034,0.09684065676985112,0.19023563320242484
-2.4150000000001404,0.007077567984701277,0.06970768305482922,0.136362674174133
-2.4050000000001406,0.005254456740140646,0.05274389656024799,0.10229204764847688
-2.395000000000141,0.004276349302453676,0.044364465806288576,0.08477798058424328
-2.385000000000141,0.004048990922625057,0.043856803350318864,0.08223851455298382
-2.375000000000141,0.0045622546193399005,0.051406413605428254,0.09478736689450468
-2.3650000000001414,0.005893171229188542,0.06815369020785526,0.12432244585253205
-2.3550000000001416,0.008212054244108064,0.09628557565159652,0.17467891603854954
-2.345000000000142,0.011791550483486107,0.13915966514661884,0.25184285987225585
-2.335000000000142,0.017017817184986093,0.20145125210449458,0.36420846698711706
-2.3250000000001423,0.02440235289013401,0.2893060635751993,0.5228474627577765
-2.3150000000001425,0.034592319303516944,0.41047334107715383,0.7417447238371668
-2.3050000000001427,0.04837653724039942,0.5743861383449109,1.037939884418217
-2.295000000000143,0.06668380666946447,0.79214926531548,1.4315030614344089
-2.285000000000143,0.09056990267285701,1.0763915884027995,1.9452661036050782
-2.2750000000001434,0.1211896679169807,1.4409399993201304,2.6042318797397095
-2.2650000000001436,0.15975118798868768,1.900278867000765,3.4345959165923463
-2.255000000000144,0.20745019898614103,2.4687724189054983,4.4623393986568445
-2.245000000000144,0.26538467559049783,3.1596487578290566,5.711391054989419
-2.235000000000144,0.3344519285887024,3.98377250813162,7.201406697614865
-2.2250000000001444,0.41523333499112614,4.948266432976154,8.945275582148795
-2.2150000000001446,0.5078747423522993,6.05507735548383,10.946526151266138
-2.205000000000145,0.6119732381249762,7.29961367279237,13.196861624710523
-2.195000000000145,0.7264828985584486,8.669605219484408,15.674098440334916
-2.1850000000001453,0.8496528758358999,10.14434575930241,18.340797845833787
-2.1750000000001455,0.9790103761297845,11.694469466696455,21.14386484620516
-2.1650000000001457,1.1113985211956572,13.28238287283358,24.015334639974583
-2.155000000000146,1.243074804655898,14.863423172676876,26.87447512388397
-2.145000000000146,1.369870158861503,16.387746084422783,29.63121145502573
-2.1350000000001463,1.4874021155565669,17.802868415000187,32.19073732491138
-2.1250000000001465,1.5913289614807247,19.056711477234106,34.459034461523956
-2.1150000000001468,1.677626053631542,20.10092221938484,36.34889628344662
-2.105000000000147,1.7428614330993755,20.894199755220253,37.78596238368658
-2.095000000000147,1.784446249018092,21.40533424439081,38.71423267874954
-2.0850000000001474,1.8008366573049228,21.615677467818088,39.10055212860529
-2.0750000000001476,1.7916677849893587,21.520810021868,38.93763902156666
-2.065000000000148,1.7578066335469407,21.131243962681054,38.24536316938182
-2.055000000000148,1.7013186604987998,20.472092810624545,37.07014845482754
-2.0450000000001483,1.6253512145020146,19.581741003405565,35.48255525283057
-2.0350000000001485,1.533944913301359,18.50963911097941,33.573268785260154
-2.0250000000001487,1.431790450664177,17.313427473051306,31.447858003100905
-2.015000000000149,1.3239524548907071,16.05564049636617,29.22076012002371
-2.005000000000149,1.2155835159254418,14.800262114256434,27.008980290672604
-1.9950000000001493,1.1116503715548605,13.609390198065757,24.92597472641305
-1.9850000000001495,1.0166908895391997,12.54022886724153,23.076117439653316
-1.9750000000001497,0.9346155762490979,11.642570909158296,21.550050502270608
-1.96500000000015,0.8685617052401126,10.95686787560266,20.4211029568311
-1.9550000000001502,0.8208026137466556,10.512922784177633,19.742851899466118
-1.9450000000001504,0.7927099528517532,10.329187916999663,19.54780520717761
-1.9350000000001506,0.784763164198093,10.412613270585886,19.84711815481579
-1.9250000000001508,0.7965983891850501,10.75897160929849,20.631218871474005
-1.915000000000151,0.8270883310601564,11.353582313564731,21.871207480379546
-1.9050000000001512,0.8744450126604513,12.172364159768055,23.520903554478743
-1.8950000000001515,0.9363385013534454,13.183161142692919,25.519436330491306
-1.8850000000001517,1.0100260697863555,14.34729947954323,27.794291734695467
-1.8750000000001519,1.092487535327646,15.621342919197694,30.26474115860986
-1.865000000000152,1.1805633918268525,16.95901410351436,32.845573789463415
-1.8550000000001523,1.2710926789409216,18.31324096174603,35.451035906363074
-1.8450000000001525,1.361047341402849,19.638270301222168,37.9988497418493
-1.8350000000001527,1.447659256885731,20.891769251626204,40.41414753133386
-1.825000000000153,1.5285353887989568,22.036813755535384,42.633121661565326
-1.8150000000001532,1.601755919361971,23.04364710123714,44.60616844451696
-1.8050000000001534,1.6659499935117066,23.891085357272356,46.300299045988346
-1.7950000000001536,1.720344048809783,24.56745399002969,47.700612084105025
-1.7850000000001538,1.7647787176827985,25.070962469496536,48.81067041617099
-1.775000000000154,1.7996919493348942,25.40946051621865,49.6516975596778
-1.7650000000001542,1.8260681796565377,25.599567703029823,50.26060087716155
-1.7550000000001544,1.8453558543815836,25.66522230562729,50.68692953909952
-1.7450000000001546,1.8593580997465682,25.635749201132235,50.988973662532956
-1.7350000000001549,1.8701035367264243,25.543593456285578,51.229294695118504
-1.725000000000155,1.8797058822719048,25.421899857967404,51.47003515055088
-1.7150000000001553,1.8902218806351765,25.302134416484435,51.76838023711203
-1.7050000000001555,1.9035171698160394,25.21193951091577,52.17253102314332
-1.6950000000001557,1.9211489360560379,25.173390215868586,52.71849968925686
-1.685000000000156,1.944272770167991,25.201778452515683,53.42795801214791
-1.6750000000001561,1.9735792146092983,25.30499911136992,54.30727025436037
-1.6650000000001564,2.0092633136184586,25.48355472106876,55.34773319627103
-1.6550000000001566,2.0510282724651163,25.731139448390376,56.52694172680543
-1.6450000000001568,2.098122268268132,26.035715381629863,57.811109398195605
-1.635000000000157,2.1494056347119344,26.380958790950004,59.15810788336637
-1.6250000000001572,2.203444094427346,26.74793389507113,60.52095167809671
-1.6150000000001574,2.258622410388759,27.11684686862632,61.85144487727713
-1.6050000000001576,2.3132717262589577,27.46874168156796,63.10372206761322
-1.5950000000001578,2.365802938580588,27.787018730064858,64.23744950727954
-1.585000000000158,2.4148377141878523,28.058683272080152,65.22049895372768
-1.5750000000001583,2.4593283208958296,28.27525965316437,66.03095823247142
-1.5650000000001585,2.498657419462896,28.43333608057864,66.65839475778998
-1.5550000000001587,2.5327095335673087,28.5347311415812,67.10433744002732
-1.545000000000159,2.5619072107662317,28.586296258681646,67.38198726776885
-1.5350000000001591,2.5872069739629917,28.599387553048697,67.51520713028872
-1.5250000000001593,2.610052986208843,28.589056347236863,67.53687742860652
-1.5150000000001596,2.6322897234714633,28.573020083241477,67.48673572712069
-1.5050000000001598,2.6560385584624835,28.570484881404344,67.40884537571154
-1.49500000000016,2.683546608163744,28.600897130365816,67.34885808507926
-1.4850000000001602,2.71701907009879,28.682703928802493,67.35124672977567
-1.4750000000001604,2.7584481959101743,28.83220037093551,67.45668511327267
-1.4650000000001606,2.809452762349245,29.062535218696194,67.69973973542363
-1.4550000000001608,2.871141287186642,29.382935445998392,68.1070147242447
-1.445000000000161,2.9440103539652824,29.798194970379143,68.69585652763675
-1.4350000000001613,3.027886459189173,30.308454567852564,69.47368259426261
-1.4250000000001615,3.1219160965793535,30.909279804450893,70.43795193002106
-1.4150000000001617,3.224604727323039,31.592023277382655,71.57674922702266
-1.405000000000162,3.333901246906438,32.344437982774934,72.86991204009146
-1.395000000000162,3.447320910868493,33.15149151047391,74.29059527982966
-1.3850000000001623,3.5620967245364685,33.996317106370334,75.80714118986569
-1.3750000000001625,3.6753472578823323,34.86122834976142,77.38510716424514
-1.3650000000001627,3.7842478537517694,35.72872002266104,78.98929873415196
-1.355000000000163,3.886192308404781,36.58237930056662,80.58566085179521
-1.3450000000001632,3.97893328625353,37.407639050235645,82.14289694116272
-1.3350000000001634,4.060691872221139,38.192318800609854,83.63371142572166
-1.3250000000001636,4.1302295723741,38.926918340539636,85.0356063773578
-1.3150000000001638,4.186879482456102,39.60465267570516,86.33120453036005
-1.305000000000164,4.230536936580741,40.221243266088486,87.50811612212081
-1.2950000000001642,4.26161337982155,40.77450640219646,88.55841180026133
-1.2850000000001645,4.2809601438382545,41.263802179444994,89.47780339549772
-1.2750000000001647,4.289770959804091,41.68942370593953,90.26466377632065
-1.2650000000001649,4.28947322214546,42.05201333690197,90.91903197662083
-1.255000000000165,4.281618140011922,42.352089268858094,91.44174746145084
-1.2450000000001653,4.267779026877156,42.58975152021552,91.83383702429093
-1.2350000000001655,4.249465244904249,42.764612492066014,92.09624113336346
-1.2250000000001657,4.228056992367812,42.87596673284453,92.22991775826135
-1.215000000000166,4.204763503230987,42.92318114403397,92.23630699150978
-1.2050000000001662,4.180604629186089,42.906255169624615,92.11808646770866
-1.1950000000001664,4.156413474677765,42.826474939692304,91.88010310157658
-1.1850000000001666,4.132855969849828,42.68706956645315,91.53033741205968
-1.1750000000001668,4.11046212890214,42.49377417496092,91.080747046942
-1.165000000000167,4.089663299714002,42.25521344850184,90.54784771794081
-1.1550000000001672,4.070829932154629,41.98304032285878,89.95292121396274
-1.1450000000001674,4.05430517751261,41.691794154142336,89.32178720482682
-1.1350000000001677,4.040430830267336,41.398477132469,88.68413159215548
-1.1250000000001679,4.029563555233986,41.12188216917864,88.07244124198854
-1.115000000000168,4.0220808154711865,40.88173521923936,87.52064486016874
-1.1050000000001683,4.018377244834324,40.69773599350736,87.06259536910952
-1.0950000000001685,4.018853237321228,40.58859054781455,86.73054535509038
-1.0850000000001687,4.023898144303511,40.571126290014305,86.55376186578867
-1.075000000000169,4.033870634707253,40.659565358866445,86.55740127572977
-1.0650000000001691,4.049078509534609,40.86500866116895,86.76172354407385
-1.0550000000001694,4.0697596703113135,41.19515398869703,87.18167495515223
-1.0450000000001696,4.096065178874179,41.65424215363559,87.82681776503557
-1.0350000000001698,4.128044602211279,42.243199499027256,88.70154246409925
-1.02500000000017,4.165633293529402,42.95992714972149,89.80547046553144
-1.0150000000001702,4.208641055475254,43.79967918906571,91.13394597818962
-1.0050000000001704,4.25674181854242,44.75547393621052,92.67852601411283
-0.9950000000001706,4.309464501987742,45.8184931120363,94.4274035408861
-0.9850000000001709,4.36618596380868,46.978439799054065,96.36573420950175
-0.9750000000001711,4.4261276787856705,48.22384369624436,98.47587356133869
-0.9650000000001713,4.4883582761069585,49.54231718974148,100.73756081918322
-0.9550000000001715,4.5518041243394896,50.92077503199493,103.1281008246819
-0.9450000000001717,4.615269666421916,52.34563238775594,105.62259430414943
-0.9350000000001719,4.677468202984628,53.80299109513999,108.1942495096612
-0.9250000000001721,4.737062453861824,55.27881452251885,110.81478048526722
-0.9150000000001723,4.79271275553844,56.75908100610704,113.45486669217084
-0.9050000000001726,4.843129484639421,58.22989852876746,116.08462436354324
-0.8950000000001728,4.887125516617778,59.67756233488385,118.67402930063223
-0.885000000000173,4.923664419117037,61.08854418747676,121.19323807505786
-0.8750000000001732,4.951900677679903,62.44941634156926,123.61277936664504
-0.8650000000001734,4.97120943163534,63.746732162530726,125.90362428946494
-0.8550000000001736,4.981204698555153,64.96690412764309,128.03718521215632
-0.8450000000001738,4.981746552269026,66.09613358339188,129.98532632806695
-0.835000000000174,4.9729388683124816,67.12045065224302,131.72048661195885
-0.8250000000001743,4.955119831053401,68.02591453693208,133.21601075195235
-0.8150000000001745,4.928847330032737,68.79900426667692,134.44675517232992
-0.8050000000001747,4.894880752839091,69.42720059029816,135.38998887746797
-0.7950000000001749,4.854159748345288,69.89972644057214,136.0265516549885
-0.7850000000001751,4.807779609508565,70.2083825248846,136.34217681130804
-0.7750000000001753,4.756962326012687,70.34839222746591,136.3288435340651
-0.7650000000001755,4.703022308649592,70.31916057872583,135.98600379920958
-0.7550000000001758,4.647326359170011,70.12485734708912,135.3215342707211
-0.745000000000176,4.591248543101327,69.77475309751524,134.35229308582257
-0.7350000000001762,4.536121956401114,69.28326539942363,133.10420796009484
-0.7250000000001764,4.483190608019843,68.66970457151922,131.61187560109207
-0.7150000000001766,4.433565417250172,67.95773833001564,129.91770212337804
-0.7050000000001768,4.388188385198294,67.17461734973442,128.07065095733793
-0.695000000000177,4.3478082419552075,66.35021603884438,126.12468344281518
-0.6850000000001772,4.312969384796323,65.5159444262769,124.13697759670106
-0.6750000000001775,4.2840139749389285,64.70358022503312,122.16599684250637
-0.6650000000001777,4.261095038552443,63.944059032474506,120.26946055375882
-0.6550000000001779,4.24419674464834,63.266250207551536,118.50225109219875
-0.6450000000001781,4.233157072392041,62.69574065848381,116.91428546698234
-0.6350000000001783,4.22768805793066,62.25365134929861,115.5483884272062
-0.6250000000001785,4.227389760908758,61.955522138956965,114.4382278371778
-0.6150000000001787,4.231755849510306,61.81031735388826,113.60640795154889
-0.605000000000179,4.240170940260611,61.81962284563303,113.06285324922773
-0.5950000000001792,4.251902115715593,61.977119555138714,112.8036443068909
-0.5850000000001794,4.266088935968053,62.268423175248145,112.81047756976281
-0.5750000000001796,4.28173738590878,62.671370075785475,113.05090517162276
-0.5650000000001798,4.297723325912648,63.15680431918189,113.47946596116847
-0.55500000000018,4.312810083808825,63.689880428309614,114.03974681905845
-0.5450000000001802,4.325682967828588,64.23184566344904,114.66732175886973
-0.5350000000001804,4.335000974925729,64.74221044972947,115.293416995446
-0.5250000000001807,4.339463198984473,65.1811641739832,115.84905724948166
-0.5150000000001809,4.337884827965089,65.5120537834433,116.26937609946259
-0.5050000000001811,4.32927554908218,65.70372109100475,116.49773284340834
-0.4950000000001813,4.312911966508528,65.73249560008136,116.4892774157713
-0.4850000000001815,4.288395469436477,65.58366404278372,116.213645254037
-0.4750000000001817,4.2556879280109365,65.25228341487916,115.65654173758907
-0.46500000000018193,4.215119564981897,64.74326590252338,114.82008198931075
-0.45500000000018215,4.167366155166946,64.0707344286756,113.72187384447594
-0.44500000000018236,4.113396047003942,63.25671826620163,112.39295524039593
-0.4350000000001826,4.054391013255283,62.32932105167302,110.87480788951655
-0.4250000000001828,3.9916482153721335,61.32054153353279,109.21575450858299
-0.415000000000183,3.9264732016047335,60.26395541512388,107.46709802794243
-0.4050000000001832,3.860075488470722,59.19247208592644,105.67937321466285
-0.3950000000001834,3.7934786228146327,58.13636288417104,103.89905364249384
-0.38500000000018364,3.7274555441106836,57.12172031350786,102.16599392063397
-0.37500000000018385,3.662497588206388,56.16945498422927,100.51179632250356
-0.36500000000018407,3.598821803642984,55.29487516786006,98.95918307329205
-0.3550000000001843,3.536416776307709,54.507829816623676,97.52234290008893
-0.3450000000001845,3.4751224038560227,53.81333688473888,96.20811572771987
-0.3350000000001847,3.414734630479959,53.21257129510683,95.01779429122061
-0.3250000000001849,3.355122640397139,52.70405600742957,93.94926523272092
-0.31500000000018513,3.296343913818988,52.28488842977161,92.99919075324678
-0.30500000000018535,3.238742195570879,51.95184353636263,92.16494663506646
-0.29500000000018556,3.183014907590697,51.7022226629936,91.44608047231617
-0.28500000000018577,3.1302396972051305,51.53435891933556,90.84512813750477
-0.275000000000186,3.081854270482733,51.44774062524806,90.36771656799687
-0.2650000000001862,3.039588859990506,51.44276636406974,90.02197482116624
-0.2550000000001864,3.00535597578173,51.52019239918746,89.81736091184717
-0.24500000000018662,2.9811068480205636,51.68036954633307,89.76307876368742
-0.23500000000018684,2.968667641169753,51.92238811735881,89.86630031764771
-0.22500000000018705,2.9695707146180057,52.2432544855103,90.13041908353858
-0.21500000000018726,2.9848967341683874,52.63721177496344,90.55354407855577
-0.20500000000018748,3.0151423223441114,53.09529288240806,91.12740187904849
-0.1950000000001877,3.0601253802299135,53.60516080023086,91.8367569653967
-0.1850000000001879,3.1189365722415343,54.15125415630706,92.6593957073504
-0.17500000000018812,3.189941180758854,54.71522016307031,93.56665630987753
-0.16500000000018833,3.270831084537921,55.27658722888431,94.5244336546181
-0.15500000000018854,3.3587224449801334,55.81360854365326,95.49454984354809
-0.14500000000018876,3.450291181620095,56.30419769033234,96.43636124233356
-0.13500000000018897,3.5419357659047845,56.72687784757024,97.30847097065438
-0.12500000000018918,3.629955423338256,57.06167609484335,98.07042963512009
-0.1150000000001894,3.710731543772389,57.29091124495965,98.68433229870917
-0.10500000000018961,3.7809008712677534,57.39984432694975,99.11625076974087
-0.09500000000018982,3.8375106864711634,57.377181874022796,99.33747153395085
-0.08500000000019003,3.8781484360257052,57.21544026760904,99.32553581869342
-0.07500000000019025,3.9010407937687224,56.91119188099315,99.0650953410647
-0.06500000000019046,3.905119646048466,56.46521893943094,98.54860294895684
-0.055000000000190674,3.890054709075434,55.882598357832975,97.77685135465809
-0.04500000000019089,3.8562542187086786,55.172731138304904,96.75935733049909
-0.0350000000001911,3.804836293732463,54.349315265958126,95.51456681935814
-0.025000000000191314,3.737574183318309,53.43024448317712,94.06983352356004
-0.015000000000191527,3.6568187862323605,52.43740045175916,92.46110540525589
-0.00500000000019174,3.5654017590958613,51.396296206294785,90.73224557868836
0.004999999999808047,3.4665224239582133,50.33552738904724,88.93392044238901
0.014999999999807834,3.3636217291839294,49.285996250290694,87.12201061758341
0.02499999999980762,3.2602468344483184,48.279891901877626,85.35553869749816
0.03499999999980741,3.1599105083982133,47.349437177659595,83.69415854091486
0.044999999999807194,3.065950370521627,46.52544443931307,82.19530795750984
0.05499999999980698,2.9813939101075477,45.8357553712398,80.91118251160812
0.06499999999980677,2.908835948858419,45.30366833046848,79.88573455978124
0.07499999999980655,2.8503355397790795,44.94647650344175,79.15193087833359
0.08499999999980634,2.8073390089203154,44.77424729461955,78.72950845108355
0.09499999999980613,2.7806348234868277,44.788965912304576,78.62344802184708
0.10499999999980592,2.770344194772383,44.98414380545053,78.823339000021
0.1149999999998057,2.7759489035175573,45.34495718318477,79.30374075445985
0.12499999999980549,2.7963549860226187,45.8489358022078,80.02556076644882
0.13499999999980528,2.829987941647728,46.46717231683501,80.9383783032265
0.14499999999980506,2.874912356431371,47.16597322249177,81.98355316467541
0.15499999999980485,2.928966615600029,47.908829274160766,83.09788256955707
0.16499999999980464,2.9899019772512476,48.65855108308212,84.21751409292642
0.17499999999980442,3.055514885745433,49.3793980601279,85.28179520496444
0.1849999999998042,3.1237620856739032,50.03902807012995,86.23674384656104
0.194999999999804,3.192849801687977,50.6101113746146,87.03785964348492
0.20499999999980378,3.2612908072520375,51.07148413622005,87.65205840664767
0.21499999999980357,3.3279263551148146,51.40876074917169,88.05859701961332
0.22499999999980336,3.3919133614166816,51.61437604304503,88.24895284867239
0.23499999999980314,3.4526805766846325,51.68708263440991,88.22572122220419
0.24499999999980293,3.5098604059698126,51.630979748098326,88.0006858793518
0.2549999999998027,3.563205269525867,51.454192403296894,87.59229109897782
0.2649999999998025,3.6124987127940393,51.16734958823929,87.02279304348167
0.2749999999998023,3.657471764314994,50.78202398876568,86.31538714311482
0.2849999999998021,3.6977342936826867,50.30929283242254,85.49159697573822
0.29499999999980187,3.7327294363490364,49.75856023278624,84.56917044095836
0.30499999999980165,3.761716719625331,49.1367486688757,83.56066660029398
0.31499999999980144,3.7837866068143717,48.44792499155743,82.47283921771194
0.3249999999998012,3.797906074392114,47.693379612117326,81.30683988910243
0.334999999999801,3.802991851909711,46.87213152877522,80.05918378155161
0.3449999999998008,3.798005352117251,45.98179134290896,78.72335228591041
0.3549999999998006,3.7820613021439864,45.019683093443525,77.29185503815141
0.3649999999998004,3.754540777650625,43.984105818228585,75.75854183187039
0.37499999999980016,3.715198781803019,42.87560787978642,74.12094327293784
0.38499999999979995,3.6642566733144077,41.69815049741344,72.38242570779903
0.39499999999979973,3.602470562589422,40.46004980277945,70.55396760233859
0.4049999999997995,3.531168175164364,39.17460674383746,68.65539721229564
0.4149999999997993,3.452248544776053,37.860358924494335,66.71597139557183
0.4249999999997991,3.368141176341034,36.540915939384,64.7742199273607
0.4349999999997989,3.281723952428859,35.244368405796706,62.877026846114596
0.44499999999979867,3.1962019755745303,34.00228964037277,61.07796911597855
0.45499999999979845,3.1149526361336353,32.848376972696,59.43498244124183
0.46499999999979824,3.041345303019868,31.81680620354055,58.007473254983765
0.47499999999979803,2.9785469105511253,30.940396587556055,56.853042680148526
0.4849999999997978,2.929327051064997,30.248703406502763,56.024029425356886
0.4949999999997976,2.8958776382850226,29.766168772936247,55.56410989535841
0.5049999999997974,2.879662457685683,29.510466690091334,55.50521051923722
0.5149999999997972,2.881310727955249,29.49117375436748,55.86498499982133
0.524999999999797,2.9005660700356377,29.708881075304994,56.64508473486159
0.5349999999997967,2.9362981199891074,30.154835958163094,57.83040313402328
0.5449999999997965,2.98657874515322,30.811164965945174,59.38940587748225
0.5549999999997963,3.048818939712766,31.65168587870589,61.27557428270519
0.5649999999997961,3.119956632475959,32.64326872047525,63.42989550295101
0.5749999999997959,3.1966805312096707,33.7476600963399,65.7842407468761
0.5849999999997957,3.275671393541374,34.923645375322124,68.26539115755403
0.5949999999997955,3.3538402366161746,36.129394032946905,70.79940968653688
0.6049999999997953,3.4285432237522877,37.32481785315641,73.31602336315984
0.614999999999795,3.497755268364119,38.47377123367249,75.7526777386297
0.6249999999997948,3.5601884763655156,39.54593734362256,78.05795422250858
0.6349999999997946,3.615346892840925,40.518271495676935,80.19409810912322
0.6449999999997944,3.6635149785386694,41.375910651436435,82.1384838215854
0.6549999999997942,3.705683136939125,42.11250150144832,83.88393571061184
0.664999999999794,3.7434188307480927,42.72994482322645,85.43791818715994
0.6749999999997938,3.778695899575212,43.23759685963136,86.82069891013302
0.6849999999997936,3.8136973385271156,43.65100596389157,88.06266536802127
0.6949999999997933,3.8506079359298235,43.99029228187605,89.20103264216482
0.7049999999997931,3.891412882609114,44.278298262836216,90.27621487777861
0.7149999999997929,3.937716963302973,44.538647632529305,91.32814378722375
0.7249999999997927,3.9905964997395635,44.793850168746204,92.39280523338459
0.7349999999997925,4.050493131180267,45.063579804745224,93.49923220379179
0.7449999999997923,4.117155072763795,45.36323533272357,94.66714325668839
0.7549999999997921,4.189627932162393,45.70286776972028,95.90535472093872
0.7649999999997918,4.266293701520166,46.08652813008378,97.21102804623963
0.7749999999997916,4.344953354434387,46.512056100230105,98.56974638180614
0.7849999999997914,4.422945724859211,46.971296375879135,99.95635213665213
0.7949999999997912,4.497293167448495,47.450697788277914,101.3364247487558
0.804999999999791,4.56486302017249,47.93222337248749,102.66823898831353
0.8149999999997908,4.622533207221048,48.39447952315578,103.90502139432132
0.8249999999997906,4.6673504918297,48.813961151317315,104.99731699048107
0.8349999999997904,4.696670920791542,49.166308382989044,105.8952898306379
0.8449999999997901,4.708273836827664,49.42747899672239,106.55080732800056
0.8549999999997899,4.700443342596532,49.574758627857946,106.91919660118779
0.8649999999997897,4.672014081716259,49.58755588110101,106.96060708418474
0.8749999999997895,4.622381397860867,49.447959073276735,106.64096255367095
0.8849999999997893,4.551479040988772,49.14106187332419,105.93253234285032
0.8949999999997891,4.459730294240026,48.65509280010484,104.81419073498108
0.9049999999997889,4.3479804014082415,47.98140472052277,103.27146083067507
0.9149999999997886,4.217419249116017,47.11439218163986,101.29645113653078
0.9249999999997884,4.069503264392965,46.05140481323657,98.88778795170646
0.9349999999997882,3.9058844200770997,44.79271392140515,96.0506246557587
0.944999999999788,3.7283522328392658,43.34156827747946,92.79677289497849
0.9549999999997878,3.538791963132736,41.704347164758744,89.14495537205761
0.9649999999997876,3.3391592600894224,39.89078842142091,85.12113222428437
0.9749999999997874,3.1314686683327895,37.914241573615435,80.75881054045212
0.9849999999997872,2.917791146916852,35.7918760508722,76.0992169182842
0.9949999999997869,2.70025438146295,33.54476573640458,71.19120211143331
