Energy_eV,Cl,Hg,Se
-8.995000000000001,0.6344531131388037,1.917000110350675,2.444287614269183
-8.985,0.7924407222473464,2.392081228258827,3.049198769157673
-8.975000000000001,0.9752111882114968,2.940928648948804,3.7477464512920404
-8.965,1.1825185874756095,3.562547777520401,4.538564986056152
-8.955000000000002,1.412887336574849,4.252237646743629,5.415565209575298
-8.945,1.6634517841653034,5.0011285984596565,6.367353520516073
-8.935000000000002,1.9298736925920275,5.795958082597797,7.3769558123656935
-8.925,2.2063598488532263,6.619149524294485,8.421928319822136
-8.915000000000003,2.4857951400764815,7.449237695293248,9.474909739413025
-8.905000000000001,2.759996524262907,8.261653686534192,10.50463015588012
-8.895000000000003,3.0200813245741887,9.029846236270354,11.477345965232775
-8.885000000000002,3.256930525801554,9.726677957069164,12.358621434988303
-8.875000000000004,3.461715893385819,10.325999865953406,13.11533308758975
-8.865000000000002,3.6264504611599153,10.804280587112341,13.717739128516666
-8.855000000000004,3.7445167216605615,11.142151983987823,14.141438120012475
-8.845000000000002,3.8111267078507,11.325733635207948,14.369042580053794
-8.835000000000004,3.8236734130619694,11.347615315302031,14.391415117556365
-8.825000000000003,3.7819432259582486,11.207408018370709,14.208355148933789
-8.815000000000005,3.6881730882487527,10.91181646237514,13.828678499973686
-8.805000000000003,3.546952153675398,10.474234164643722,13.269693512093479
-8.795000000000005,3.364983736967832,9.91390993078511,12.556137779843631
-8.785000000000004,3.1507371602521386,9.254775833133172,11.718691569312444
-8.775000000000006,2.9140288864565926,8.52405630641254,10.792220773271808
-8.765000000000004,2.665576784840891,7.750792390340241,9.813919605573867
-8.755000000000006,2.416569952014956,6.964413091433881,8.821519545482122
-8.745000000000005,2.178289472463723,6.193468277684561,7.8517076286171585
-8.735000000000007,1.9618038722993305,5.464607453182456,6.938857952002781
-8.725000000000005,1.7777484470223865,4.801850697502194,6.114131053279926
-8.715000000000007,1.6361821794229212,4.226157334112111,5.40494352146117
-8.705000000000005,1.54650180124878,3.7552599233038633,4.834761770001026
-8.695000000000007,1.5173817612965141,3.403700742984061,4.423135522678322
-8.685000000000006,1.5567031397459459,3.18298862693263,4.185862881579223
-8.675000000000008,1.6714350087777943,3.1017879271796343,4.135172520095558
-8.665000000000006,1.8674387601851739,3.166058797013231,4.2798200066072924
-8.655000000000008,2.149179050181117,3.379087618678198,4.625022748352388
-8.645000000000007,2.5193429526376683,3.741375411420764,5.172197811718239
-8.635000000000009,2.9783895914845355,4.250386491142075,5.9185136285067514
-8.625000000000007,3.5240732584323076,4.900194840415353,6.856314042713874
-8.615000000000009,4.1510007879737465,5.681096710863049,7.972514671353483
-8.605000000000008,4.850295746073786,6.57928038945275,9.248100958843771
-8.59500000000001,5.6094452130310914,7.576654186440553,10.657869615666058
-8.585000000000008,6.412397889429453,8.650929317329044,12.170547288770655
-8.57500000000001,7.239964451065811,9.776035011424412,13.749391734779175
-8.565000000000008,8.0705435335927,10.922910423559006,15.353333654666791
-8.55500000000001,8.881161982530413,12.060675219996874,16.938656613376203
-8.545000000000009,9.648779942257692,13.15813311923749,18.461145277257852
-8.53500000000001,10.35177476662204,14.185516259949111,19.878567131608147
-8.52500000000001,10.97148767316143,15.116339313900724,21.153298735891383
-8.515000000000011,11.493698119038143,15.929206353107098,22.25487228406236
-8.50500000000001,11.909886430790618,16.609404693054262,23.16220741956616
-8.495000000000012,12.218156854996838,17.15013018410682,23.86530946258836
-8.48500000000001,12.42372035818395,17.553217133231215,24.36625742588503
-8.475000000000012,12.538876482350773,17.829290171383846,24.679368914749126
-8.46500000000001,12.582481813857502,17.997309846234373,24.830506827177516
-8.455000000000013,12.57894338170585,18.083542070061164,24.855575439316873
-8.445000000000011,12.556822380640561,18.120036875090744,24.798331163028397
-8.435000000000013,12.547171276488989,18.14274776654199,24.707696952300264
-8.425000000000011,12.58175109765694,18.1894541460947,24.63481191432068
-8.415000000000013,12.691282891661988,18.297662541981083,24.63006484915447
-8.405000000000012,12.903877442790485,18.50265671802781,24.740351133487877
-8.395000000000014,13.243762108052113,18.835843438602215,25.006758740005704
-8.385000000000012,13.730386641797,19.323503105814588,25.46283621774602
-8.375000000000014,14.377946128938554,19.986007622848188,26.13353019394874
-8.365000000000013,15.195314292262871,20.83751758218134,27.034810548525012
-8.355000000000015,16.18634004019431,21.886123328741913,28.17393606301024
-8.345000000000013,17.350428888401098,23.134355115174976,29.55025927563348
-8.335000000000015,18.68331205938256,24.579960654993283,31.156431822388644
-8.325000000000014,20.177900987149236,26.216836234111646,32.97985353107328
-8.315000000000015,21.82513294184421,28.0360003318233,35.00420996736819
-8.305000000000014,23.614731971676907,30.026514419678158,37.21096130917576
-8.295000000000016,25.535834326789676,32.17628039793675,39.58067545733437
-8.285000000000014,27.577454210954276,34.47267294823944,42.094133965398875
-8.275000000000016,29.728789389893645,36.90299257069014,44.7331742502345
-8.265000000000015,31.979383047843847,39.454746542036936,47.48126011237382
-8.255000000000017,34.319166096642796,42.11577734752333,50.323791248820854
-8.245000000000015,36.738402703684855,44.87426036751436,53.2481701410458
-8.235000000000017,39.22755301833182,47.71858623160334,56.24364312240755
-8.225000000000016,41.77705461244532,50.63713194594843,59.30092556894605
-8.215000000000018,44.37701273941481,53.617913744003985,62.41161443493778
-8.205000000000016,47.01678396190858,56.64810902505197,65.56739036176737
-8.195000000000018,49.6844417907334,59.71343919901879,68.75902071672792
-8.185000000000016,52.36612850494569,62.79742207787961,71.97519614186598
-8.175000000000018,55.04532340662209,65.88053097925363,75.20126527560429
-8.165000000000017,57.70209067729314,68.93933399945234,78.4179706432957
-8.155000000000019,60.312403587397164,71.94572417232956,81.60032588225239
-8.145000000000017,62.84766845817288,74.86638089621466,84.71680150457709
-8.13500000000002,65.27458385505271,77.66261639030927,87.7289945338211
-8.125000000000018,67.5554619597396,80.2907510785434,90.59193992844592
-8.11500000000002,69.64910695346265,82.70312520811245,93.25517591558585
-8.105000000000018,71.51229067319957,84.84979188744538,95.66460335613718
-8.09500000000002,73.10179430035228,86.68085531841164,97.76508839225825
-8.085000000000019,74.37690576988395,88.14932796224535,99.503659629807
-8.07500000000002,75.3021877638068,89.21429520917455,100.83306035856106
-8.065000000000019,75.85027286280226,89.84410985375455,101.7153474098408
-8.055000000000021,76.00441121093999,90.0193033362628,102.12519337842743
-8.04500000000002,75.7604986775362,89.73490399930785,102.05255554480595
-8.035000000000021,75.12835160599462,89.00189632779701,101.50442411996436
-8.02500000000002,74.13206384229126,87.84763467360622,100.50544894248387
-8.015000000000022,72.8093738220781,86.31512996268184,99.0973562090904
-8.00500000000002,71.21007152256213,84.46124399932367,97.33719000996199
-7.995000000000021,69.39357311486562,82.35393733811708,95.29453080921652
-7.985000000000022,67.4258721851904,80.06880853326389,93.04793938099388
-7.975000000000022,65.37613045062564,77.68522362813655,90.68093865307827
-7.965000000000022,63.31319246484933,75.28235884647985,88.2778713131141
-7.955000000000022,61.302297417372564,72.93546614374343,85.91995764668037
-7.9450000000000225,59.40222100827905,70.71262543428749,83.6818310136995
-7.935000000000023,57.66301936108646,68.67217783016855,81.62875677377515
-7.925000000000023,56.12447486529785,66.86095225434089,79.81465569743153
-7.915000000000023,54.81527084639568,65.31331477161828,78.2809665962417
-7.905000000000023,53.75285690933258,64.05099594208708,77.05630533781091
-7.8950000000000236,52.94391617142075,63.08359381362785,76.15681627859306
-7.885000000000024,52.385312913371074,62.40961291299513,75.58707196212201
-7.875000000000024,52.06538497270752,62.0178835242181,75.34135895378037
-7.865000000000024,51.9654474664766,61.8892085391599,75.40519028285814
-7.855000000000024,52.06138931292388,61.99810299845879,75.75690424546889
-7.845000000000025,52.3252666996679,62.31451868232271,76.36923990786855
-7.835000000000025,52.72682315748762,62.80547704001854,77.21081548422629
-7.825000000000025,53.23488987220667,63.436563163578285,78.24747090865601
-7.815000000000025,53.81863906799378,64.17325738037238,79.44346529052325
-7.8050000000000255,54.44867596593633,64.98209693887574,80.76253992591998
-7.795000000000026,55.097960795979546,65.83166760145242,82.1688664713512
-7.785000000000026,55.74255293066933,66.69342494153862,83.62789826346224
-7.775000000000026,56.362166870560785,67.54234046325112,85.1071331378873
-7.765000000000026,56.9405276095644,68.35736193650413,86.57678257970413
-7.7550000000000265,57.46551385270876,69.1216743457886,88.01032949492392
-7.745000000000027,57.92908389443204,69.82275066448238,89.38494989291588
-7.735000000000027,58.32699156188869,70.45219188575078,90.68177550066544
-7.725000000000027,58.65831759976983,71.00537294636005,91.88598574014138
-7.715000000000027,58.92486255751781,71.48093280828876,92.98673689262208
-7.705000000000028,59.1304665849853,71.88016867564572,93.97695950215802
-7.695000000000028,59.28033488229604,72.20641084569287,94.85307635947854
-7.685000000000028,59.3804506319081,72.46446098377547,95.61470666092447
-7.675000000000028,59.43714730156035,72.66016913215432,96.2644222512774
-7.6650000000000285,59.45688883744149,72.80020252608448,96.80760689031283
-7.655000000000029,59.446271845149525,72.89202443821854,97.25244030744355
-7.645000000000029,59.41222338757118,72.94405897595361,97.60999003040095
-7.635000000000029,59.362328378194654,72.96597541128985,97.8943529880745
-7.625000000000029,59.30518917996187,72.96899146440052,98.12275442982481
-7.6150000000000295,59.2507034991176,72.96607638237174,98.31549198631059
-7.60500000000003,59.21014924282642,72.97193658990086,98.49561355960405
-7.59500000000003,59.195987620820034,73.00269045056163,98.68824123887359
-7.58500000000003,59.22133567257934,73.07518150806206,98.9194972735255
-7.57500000000003,59.29911057460944,73.2059350534465,99.21504593076614
-7.565000000000031,59.44090231720337,73.40982207350262,99.59832761387948
-7.555000000000031,59.655679774270254,73.69854786964395,100.08861868523806
-7.545000000000031,59.948469970815324,74.07912123007938,100.69909273989097
-7.535000000000031,60.31916606337215,74.55247794704508,101.43507998411515
-7.525000000000031,60.76161409689621,75.11242725681397,102.29271797687647
-7.515000000000032,61.263103405995366,75.74506281760303,103.25816031181797
-7.505000000000032,61.804345001377996,76.42873575315309,104.30746420510087
-7.495000000000032,62.35997277289405,77.13463280352808,105.40721989611244
-7.485000000000032,62.89955081330714,77.82794514869008,106.51592144693026
-7.4750000000000325,63.38902293637622,78.46955975666519,107.58601652767364
-7.465000000000033,63.79250225569054,79.01816028472322,108.56651723208599
-7.455000000000033,64.07427220322451,79.4325917065043,109.40600829069186
-7.445000000000033,64.20085633800674,79.67432309495499,110.05585518295781
-7.435000000000033,64.14301198287058,79.70983608813893,110.47339365651547
-7.425000000000034,63.87751057510526,79.51277148976149,110.62487482751152
-7.415000000000034,63.38858388609141,79.06568203776612,110.48794723631252
-7.405000000000034,62.66893843752931,78.36126458386862,110.05347988027646
-7.395000000000034,61.7202693076031,77.40297882703715,109.32656882870408
-7.385000000000034,60.55323797603421,76.20500115330363,108.32662389510243
-7.375000000000035,59.186915543532294,74.79150917951432,107.08649852065707
-7.365000000000035,57.64773062133117,73.19534237061016,105.65070082823988
-7.355000000000035,55.96799771209046,71.45613260091581,104.07280000469908
-7.345000000000035,54.18413367723924,69.61804100311235,102.41221171640876
-7.3350000000000355,52.33469342106251,67.72726905758013,100.7306010146362
-7.325000000000036,50.45836819996768,65.8295285779907,99.08817430933588
-7.315000000000036,48.59208910179861,63.967654644405826,97.540139229506
-7.305000000000036,46.76936398835759,62.17952744447221,96.13359168824444
-7.295000000000036,45.01895013894324,60.4964356093141,94.90504593196871
-7.285000000000037,43.363930203724486,58.941969233969836,93.87876151544475
-7.275000000000037,41.82122022043166,57.53148094080374,93.06594872933074
-7.265000000000037,40.40150008447712,56.2721040321996,92.4648593932279
-7.255000000000037,39.109523292671945,55.16327333780413,92.06170086128515
-7.245000000000037,37.944737236127665,54.19766077747713,91.83225369555382
-7.235000000000038,36.90212957372312,53.362416134479666,91.74403171134588
-7.225000000000038,35.973210521904385,52.64059444446749,91.7587987183218
-7.215000000000038,35.14704418812958,52.01265360429787,91.83524904197128
-7.205000000000038,34.41125239195518,51.457917097248185,91.93166709273231
-7.1950000000000385,33.752929373699644,50.955914417226765,92.00840213471142
-7.185000000000039,33.15942300540468,50.48753310449875,92.03002468052453
-7.175000000000039,32.61895552372764,50.03593879441807,91.96706699385098
-7.165000000000039,32.12107280211835,49.587241270298506,91.79728833793453
-7.155000000000039,31.65692468029458,49.13090362361002,91.50644234955851
-7.1450000000000395,31.219389252018406,48.65990716666325,91.08855617857637
-7.13500000000004,30.803061064151645,48.17069611332053,90.54575654313162
-7.12500000000004,30.404127040484727,47.66293314964602,89.88769546487308
-7.11500000000004,30.020155062037563,47.13910028364778,89.13063834483204
-7.10500000000004,29.649819218720246,46.60397968766794,88.29628067774038
-7.095000000000041,29.29258367481229,46.06404785764943,87.41035947692919
-7.085000000000041,28.948364778245793,45.526814632462795,86.50112412012581
-7.075000000000041,28.61718926653997,45.000137552993635,85.59773114401816
-7.065000000000041,28.29886563520719,44.49154229461426,84.72862974128716
-7.0550000000000415,27.992685940727984,44.0075813724973,83.92000908586883
-7.045000000000042,27.69717603136476,43.55326516774723,83.19438338885698
-7.035000000000042,27.40991257491317,43.13160019092479,82.56939300357709
-7.025000000000042,27.12742426202469,42.743267859973734,82.05689696043495
-7.015000000000042,26.845191319543705,42.386471682520614,81.66242171599797
-7.0050000000000425,26.557751507134828,42.05697106340011,81.38501180661905
-6.995000000000043,26.258912257147056,41.748306430874614,81.21750152837899
-6.985000000000043,25.942058397825022,41.45220438111925,81.14719550444538
-6.975000000000043,25.600534377003854,41.15913519129211,81.15691400103412
-6.965000000000043,25.22807076298338,40.858980731507756,81.22633033198704
-6.955000000000044,24.81921864798007,40.541760648105125,81.33350617049305
-6.945000000000044,24.36975358809583,40.1983601119926,81.45651814681565
-6.935000000000044,23.87701335371609,39.82120384744744,81.57506608173898
-6.925000000000044,23.340140701968863,39.40482797239468,81.67195834767953
-6.9150000000000444,22.760212551621144,38.94631197196867,81.73438095988863
-6.905000000000045,22.14024876733293,38.445546047536205,81.7548717238471
-6.895000000000045,21.485105485212088,37.90532230321803,81.73193734545079
-6.885000000000045,20.801267925693416,37.33125031176199,81.67026913541723
-6.875000000000045,20.096564760193257,36.73150770766636,81.58053213944535
-6.8650000000000455,19.379829733410215,36.11644437650939,81.47872413625572
-6.855000000000046,18.660536425006363,35.4980647979458,81.38512578048466
-6.845000000000046,17.9484293269007,34.88941760962084,81.32289115518621
-6.835000000000046,17.25316973731798,34.303924875357296,81.31635764938967
-6.825000000000046,16.584009397842326,33.754685989230126,81.38918238042451
-6.815000000000047,15.949499338048104,33.2537924377571,81.56243521698225
-6.805000000000047,15.357236847699056,32.81168935422981,81.85279142984938
-6.795000000000047,14.813650374127047,32.436617465876154,82.27096648553925
-6.785000000000047,14.323820624918323,32.13416436398296,82.82051965865237
-6.775000000000047,13.89133613432576,31.906947078366912,83.49712255440838
-6.765000000000048,13.518182691220035,31.754439196800078,84.28834644401317
-6.755000000000048,13.204667849447022,31.672946100715627,85.17397377523
-6.745000000000048,12.94938371189832,31.65572237129514,86.12679077183611
-6.735000000000048,12.749212777920786,31.693217129235887,87.11377613280835
-6.7250000000000485,12.59938243032983,31.773426853986635,88.09757079162384
-6.715000000000049,12.493573303602599,31.882331545217998,89.03809877787127
-6.705000000000049,12.424085175718975,32.00438896065194,89.89421026630095
-6.695000000000049,12.382061207809045,32.1230627225924,90.6252333602344
-6.685000000000049,12.357767554979272,32.22136271317213,91.19234763010387
-6.67500000000005,12.34092099657571,32.28237968076893,91.55972540469617
-6.66500000000005,12.321052817624388,32.289799738325655,91.69542149240125
-6.65500000000005,12.287893300828799,32.22838799641459,91.57202398282149
-6.64500000000005,12.231758408525376,32.08443366721065,91.16710447409972
-6.63500000000005,12.143918963935754,31.846151454074754,90.46352295918653
-6.625000000000051,12.016933090038542,31.504035804861577,89.44964922728543
-6.615000000000051,11.844924790064464,31.051165537801054,88.11955856777543
-6.605000000000051,11.62379506711681,30.483456304285426,86.47324538603334
-6.595000000000051,11.351356402135455,29.7998572254011,84.51687567971129
-6.5850000000000515,11.027386165641934,29.002485864875744,82.26307089455617
-6.575000000000052,10.653599077395736,28.096692774618667,79.73118524434426
-6.565000000000052,10.233542725885542,27.091043786180855,76.94751071756815
-6.555000000000052,9.77242319306338,25.99720592728285,73.94532359537557
-6.545000000000052,9.276869993219725,24.829722365309898,70.76467782676667
-6.5350000000000525,8.754651001283708,23.605664073007993,67.45185719109855
-6.525000000000053,8.21434908297236,22.344151561891483,64.05842085010629
-6.515000000000053,7.665013006704958,21.065749024935414,60.63981405795703
-6.505000000000053,7.115796073503109,19.791744849581285,57.25356322866257
-6.495000000000053,6.575596747246173,18.543345320624862,53.957125933969124
-6.485000000000054,6.052716242445269,17.34082059890401,50.805514339856686
-6.475000000000054,5.554548252898963,16.202651793656834,47.84884795367736
-6.465000000000054,5.0873154709921655,15.144733467989205,45.13001275597325
-6.455000000000054,4.655866002187634,14.17968614413832,42.68260575626731
-6.4450000000000545,4.263540108413865,13.316328012808718,40.52932661822265
-6.435000000000055,3.9121139845649044,12.559344618157974,38.68094389819006
-6.425000000000055,3.6018227315311213,11.909180982858551,37.13591734942678
-6.415000000000055,3.3314597242873893,11.362164074773332,35.88070542294723
-6.405000000000055,3.0985446456436065,10.910846445196793,34.89073429462215
-6.3950000000000555,2.899548027498395,10.544545903639769,34.13195637430476
-6.385000000000056,2.7301566128330435,10.250042547237388,33.56288592433309
-6.375000000000056,2.58556152177338,10.012384274934458,33.13696941721579
-6.365000000000056,2.4607502516816298,9.81574567719919,32.80512980174612
-6.355000000000056,2.3507840212602518,9.644283200095753,32.51831740960208
-6.345000000000057,2.251043826744855,9.482931799350713,32.22990585908224
-6.335000000000057,2.1574316572215655,9.318094759942898,31.897788645850486
-6.325000000000057,2.066517365024408,9.13818853063861,31.486060234611983
-6.315000000000057,1.9756263696762835,8.934017559248865,30.966202596812913
-6.3050000000000574,1.8828682823252778,8.698969102843067,30.317741375575487
-6.295000000000058,1.7871112201250205,8.429033391089986,29.528381158729033
-6.285000000000058,1.6879105830232055,8.12266870667062,28.59367185105937
-6.275000000000058,1.5854039901161467,7.7805423048141416,27.51629286877107
-6.265000000000058,1.4801856352920442,7.405185312210712,26.30506460157185
-6.2550000000000585,1.3731734046402821,7.0006020687156045,24.973804716392983
-6.245000000000059,1.26548077736164,6.571871780514201,23.540140106351533
-6.235000000000059,1.1583030727499515,6.124773585572147,22.02436576956633
-6.225000000000059,1.0528244214102644,5.66545657849102,20.448413878048633
-6.215000000000059,0.9501484209656597,5.200165767459614,18.834965263088414
-6.20500000000006,0.851252270947541,4.7350251386878695,17.20670712531601
-6.19500000000006,0.7569616670096506,4.275871468498609,15.5857195916045
-6.18500000000006,0.66794212139691,3.8281281559324496,13.992962516896661
-6.17500000000006,0.5847017379653018,3.3967073470968407,12.447833089378284
-6.16500000000006,0.5076007096142866,2.98593050698681,10.967772572431594
-6.155000000000061,0.43686369712125,2.599461380377201,9.567913534646143
-6.145000000000061,0.37259249401833316,2.240249743954372,8.260773098462032
-6.135000000000061,0.31477768047246685,1.9104883048698706,7.05600925037711
-6.125000000000061,0.2633090703785731,1.6115876513145029,5.960263330078248
-6.1150000000000615,0.21798550005040018,1.3441748507004552,4.9771112183168995
-6.105000000000062,0.1785248371718325,1.1081201356252697,4.107138860525817
-6.095000000000062,0.1445750418617977,0.9025935338159221,3.3481463214445415
-6.085000000000062,0.11572679173003503,0.7261499578357369,2.695471097514673
-6.075000000000062,0.09152772590059051,0.576837922570091,2.1424086240007663
-6.065000000000063,0.07149790352174143,0.45232436332260084,1.6806981043258176
-6.055000000000063,0.05514571617710535,0.35002643542828066,1.3010364523714284
-6.045000000000063,0.041983303285649594,0.2672408725515874,0.9935827824222025
-6.035000000000063,0.03154051107315415,0.20126239185988581,0.7484200815323732
-6.025000000000063,0.023376585795528614,0.14948448580184526,0.555948325418863
-6.015000000000064,0.01708905143655634,0.10947834305268866,0.4071928381930364
-6.005000000000064,0.012319531310548783,0.0790481819590576,0.2940215846463876
-5.995000000000064,0.008756575185778446,0.05626359761429261,0.2092739829388784
-5.985000000000064,0.006135804850961955,0.03947136043461637,0.14681079880095355
-5.9750000000000645,0.004237865301364752,0.027290324998355223,0.1014992611324528
-5.965000000000065,0.0028847577289886597,0.01859369529496601,0.06914969167091885
-5.955000000000065,0.001935140961014233,0.01248292087693477,0.046419975543585484
-5.945000000000065,0.0012791365543552869,0.008257099962301537,0.030702630637418016
-5.935000000000065,0.0008330806971467625,0.005381095379635183,0.02000665502088634
-5.9250000000000655,0.0005345546728462517,0.0034547761807856357,0.012843306250248768
-5.915000000000066,0.0003379129311415101,0.002185004464657629,0.008121954978995687
-5.905000000000066,0.0002104267991665538,0.0013612802041970237,0.0050594811161897265
-5.895000000000066,0.00012908018031403793,0.0008353862156216077,0.0031045265852016933
-5.885000000000066,7.799405359584266e-05,0.0005049581118171676,0.00187634604850264
-5.875000000000067,4.641838978674017e-05,0.0003006332698797897,0.001116977361503618
-5.865000000000067,2.7210113309594955e-05,0.00017628655565059056,0.0006549027335786525
-5.855000000000067,1.5709738518758536e-05,0.00010180987659086981,0.00037818000827395367
-5.845000000000067,8.932928991512118e-06,5.7907979973477156e-05,0.00021507952236335084
-5.8350000000000675,5.002583011501757e-06,3.2438062367293936e-05,0.0001204671484884544
-5.825000000000068,2.7590554655253227e-06,1.789494779357827e-05,6.645052734649623e-05
-5.815000000000068,1.498591859182699e-06,9.722027002828373e-06,3.609776870736378e-05
-5.805000000000068,8.015950108284623e-07,5.201475365882281e-06,1.9311096859065495e-05
-5.795000000000068,4.222483031311611e-07,2.7405180891263114e-06,1.0173521031150698e-05
-5.7850000000000685,2.190358811913946e-07,1.4218991468149297e-06,5.277971022883189e-06
-5.775000000000069,1.1188986763170008e-07,7.264888625335616e-07,2.696423752709646e-06
-5.765000000000069,5.628446820219056e-08,3.655170502978608e-07,1.3565292952330056e-06
-5.755000000000069,2.788067377565243e-08,1.8109216803610207e-07,6.720242173059695e-07
-5.745000000000069,1.3599714788937068e-08,8.834870982278373e-08,3.278313883302517e-07
-5.73500000000007,6.532259798675498e-09,4.2442869497856684e-08,1.574785646231162e-07
-5.72500000000007,3.0895823818564467e-09,2.0077469982366123e-08,7.448921164343795e-08
-5.71500000000007,1.4389133041899702e-09,9.352095585680598e-09,3.4694631323953606e-08
-5.70500000000007,6.598786371580418e-10,4.289442022152429e-09,1.591198351032989e-08
-5.6950000000000705,2.9797813373261936e-10,1.9372291485694044e-09,7.185812602414173e-09
-5.685000000000071,1.3249274645583346e-10,8.614818253838647e-10,3.195314027895854e-09
-5.675000000000071,5.800746231476546e-11,3.772184743752107e-10,1.3990525866455748e-09
-5.665000000000071,2.5006708600749548e-11,1.626366572605488e-10,6.031624116212148e-10
-5.655000000000071,1.0614684881098992e-11,6.90430019871302e-11,2.5604204712324275e-10
-5.6450000000000715,4.436420789987487e-12,2.8859836473319732e-11,1.0701934761002758e-10
-5.635000000000072,1.8257053799813782e-12,1.1877865455048512e-11,4.404378365749233e-11
-5.625000000000072,7.397728818199802e-13,4.813386762975704e-12,1.784743077068641e-11
-5.615000000000072,2.95143618408063e-13,1.920562927831278e-12,7.120871068026181e-12
-5.605000000000072,1.1594000328995918e-13,7.54517748325495e-13,2.7973998510343333e-12
-5.595000000000073,4.484312694123338e-14,2.9185781722350794e-13,1.0820261651891636e-12
-5.585000000000073,1.7077291313799705e-14,1.1115578370771411e-13,4.120791579460756e-13
-5.575000000000073,6.403251311737025e-15,4.1682107668190245e-14,1.5451874838632203e-13
-5.565000000000073,2.363951725610149e-15,1.5389419663095722e-14,5.704760592356336e-14
-5.555000000000073,8.592732190529392e-16,5.594328427036915e-15,2.0737076196147807e-14
-5.545000000000074,3.075224087270238e-16,2.0022812393458683e-15,7.421807940066961e-15
-5.535000000000074,1.0836108826661488e-16,7.055892181526804e-16,2.6153047043803175e-15
-5.525000000000074,3.7594075081650423e-17,2.448087540091843e-16,9.07368411124885e-16
-5.515000000000074,1.2841429140013766e-17,8.362740440146953e-17,3.0995044070852475e-16
-5.5050000000000745,4.318709641275417e-18,2.812651507088263e-17,1.04242966391035e-16
-5.495000000000075,1.4300230471487686e-18,9.313910852017393e-18,3.45181310313253e-17
-5.485000000000075,4.662438323785663e-19,3.037006383076858e-18,1.1254053928595374e-17
-5.475000000000075,1.4980700798837265e-19,9.763320736206355e-19,3.614184519722747e-18
-5.465000000000075,4.7871761184705586e-20,3.1362406170096326e-19,1.1484030680954992e-18
-5.455000000000076,1.6685306988426648e-20,1.1471201920041367e-19,3.7834791587311153e-19
-5.445000000000076,1.1066789584286438e-20,9.210594734168971e-20,1.8584052854047588e-19
-5.435000000000076,2.283866223764151e-20,2.1430506865422167e-19,2.8505610911992233e-19
-5.425000000000076,6.964568181407758e-20,6.649271685807576e-19,8.228778490601446e-19
-5.415000000000076,2.1987005543834305e-19,2.1026882616404704e-18,2.5834725368842452e-18
-5.405000000000077,6.866439541993865e-19,6.567617785781943e-18,8.063916227280935e-18
-5.395000000000077,2.112046227769856e-18,2.020160646610994e-17,2.4802601372769098e-17
-5.385000000000077,6.3959799556176496e-18,6.117727856833518e-17,7.51102159069318e-17
-5.375000000000077,1.9068939829875648e-17,1.8239362752782604e-16,2.239330987861108e-16
-5.3650000000000775,5.597064371347046e-17,5.353569179671721e-16,6.572824359830383e-16
-5.355000000000078,1.6173656589502163e-16,1.5470036394917405e-15,1.8993278726607943e-15
-5.345000000000078,4.6011912319690835e-16,4.401020599849998e-15,5.403336408936827e-15
-5.335000000000078,1.2886841834286631e-15,1.2326211522386397e-14,1.5133459612282176e-14
-5.325000000000078,3.553340793312091e-15,3.398755939798415e-14,4.172809760188707e-14
-5.3150000000000786,9.645869320660121e-15,9.226234564897205e-14,1.1327474618393623e-13
-5.305000000000079,2.577864197291679e-14,2.4657165642625457e-13,3.0272741931038335e-13
-5.295000000000079,6.782547508697878e-14,6.487478959389771e-13,7.964977774296011e-13
-5.285000000000079,1.7568707114630632e-13,1.6804396519697697e-12,2.06315343182923e-12
-5.275000000000079,4.48023619086986e-13,4.285327597645441e-12,5.261294762493346e-12
-5.26500000000008,1.1248022222536938e-12,1.0758687264612167e-11,1.3208937628877888e-11
-5.25500000000008,2.7801329833640867e-12,2.659185831098102e-11,3.2648053542837825e-11
-5.24500000000008,6.765020600937995e-12,6.470714543781455e-11,7.944395326390481e-11
-5.23500000000008,1.620641013600941e-11,1.550136502984458e-10,1.903174233116482e-10
-5.2250000000000805,3.82224636302071e-11,3.6559630177152326e-10,4.4885947780381407e-10
-5.215000000000081,8.874924670292664e-11,8.488829159079327e-10,1.0422127918272263e-09
-5.205000000000081,2.0287326728693965e-10,1.9404745064568567e-09,2.382410241677263e-09
-5.195000000000081,4.5656132554199596e-10,4.366990410792365e-09,5.361555972706162e-09
-5.185000000000081,1.0115504927956368e-09,9.675439103005945e-09,1.187898379237827e-08
-5.1750000000000815,2.2064300328328232e-09,2.1104413046852083e-08,2.5910863358471042e-08
-5.165000000000082,4.738129247124124e-09,4.532001251461091e-08,5.56414740871133e-08
-5.155000000000082,1.0017002795940977e-08,9.581222216467178e-08,1.176330936599973e-07
-5.145000000000082,2.0848885077255658e-08,1.9941873328751848e-07,2.4483559613141565e-07
-5.135000000000082,4.272106046066474e-08,4.086251965116244e-07,5.01688040701571e-07
-5.125000000000083,8.618176069624324e-08,8.243250172242321e-07,1.0120619245282514e-06
-5.115000000000083,1.711602251548846e-07,1.6371405551265268e-06,2.009993129315093e-06
-5.105000000000083,3.3466052225378224e-07,3.201014211570472e-06,3.9300331006652545e-06
-5.095000000000083,6.441993296158469e-07,6.16174024730618e-06,7.565053301556362e-06
-5.0850000000000835,1.2208159686601598e-06,1.1677054822418015e-05,1.433645992707395e-05
-5.075000000000084,2.277688258078727e-06,2.178599505567762e-05,2.6747673093580574e-05
-5.065000000000084,4.1836227239852344e-06,4.001618028804188e-05,4.9129714114788804e-05
-5.055000000000084,7.565278013916396e-06,7.236157485636186e-05,8.884165005169098e-05
-5.045000000000084,1.3468257787418396e-05,0.00012882333500127672,0.00015816236267980578
-5.0350000000000845,2.3605439847376795e-05,0.00022578506684523298,0.00027720676249337465
-5.025000000000085,4.073117352926817e-05,0.0003895920090972475,0.00047832011674061366
-5.015000000000085,6.919200218922884e-05,0.0006618186710771823,0.0008125453720910212
-5.005000000000085,0.00011571749454595247,0.0011068331020320128,0.0013589101576793156
-4.995000000000085,0.00019052689752374854,0.0018223819800189391,0.0022374225879272067
-4.985000000000086,0.00030883585798095905,0.002954002342914194,0.0036267652107076684
-4.975000000000086,0.0004928483345393798,0.004714074141997674,0.005787686707742091
-4.965000000000086,0.000774306702991582,0.007406211892312971,0.009092948650566814
-4.955000000000086,0.0011976416674705738,0.01145539343637654,0.014064315975046992
-4.945000000000086,0.0018237064349955047,0.017443677154233776,0.02141640864832686
-4.935000000000087,0.0027339912593639794,0.02615051386811393,0.03210619445171304
-4.925000000000087,0.004035092321558345,0.038595491427681906,0.04738546847187155
-4.915000000000087,0.005863055418513375,0.056079881766984606,0.06885186231900214
-4.905000000000087,0.008387039780453085,0.08022168487120748,0.09849186917675862
-4.8950000000000875,0.011811569305756194,0.11297716116578872,0.13870728001792854
-4.885000000000088,0.01637648613787192,0.15664038636549987,0.1923146368919227
-4.875000000000088,0.022353631982076645,0.21381150629822537,0.26250625756457363
-4.865000000000088,0.03003929808007034,0.2873245173178557,0.35276156756298943
-4.855000000000088,0.03974164629182908,0.38012694237215666,0.46669937177740306
-4.845000000000089,0.05176264233260663,0.49510701050301825,0.6078656727036245
-4.835000000000089,0.0663745690339587,0.6348689850259797,0.7794578268933432
-4.825000000000089,0.08379188427995189,0.8014639479111924,0.9839940103722966
-4.815000000000089,0.10414000066274666,0.996091114728893,1.2229464989041394
-4.805000000000089,0.12742340014746562,1.2187927477911018,1.4963670818133228
-4.79500000000009,0.15349623404997986,1.4681727769657082,1.8025415724409708
-4.78500000000009,0.1820390563734958,1.7411739880194903,2.1377162088728308
-4.77500000000009,0.2125454618451531,2.032949803849503,2.495940167288856
-4.76500000000009,0.24432204493544546,2.336863270555952,2.8690642166934435
-4.7550000000000905,0.2765042163954038,2.644637425214105,3.2469251843387994
-4.745000000000091,0.3080890410630058,2.9466680695710172,3.6177297494956373
-4.735000000000091,0.3379845133761803,3.2324932400128756,3.9686305348761297
-4.725000000000091,0.3650727637214974,3.4913952526490553,4.286464857889328
-4.715000000000091,0.3882828442615066,3.7130935573369186,4.558604839828126
-4.7050000000000916,0.4066672500735669,3.8884723747205925,4.773850066696642
-4.695000000000092,0.4194754345852439,4.010278563098711,4.923283534178031
-4.685000000000092,0.426217447012876,4.073724000545775,5.001010198351113
-4.675000000000092,0.4267115129018454,4.076933546944711,5.0047058003371845
-4.665000000000092,0.421110828462428,4.021193720385668,4.935920939727107
-4.655000000000093,0.40990685586731335,3.9109767683616035,4.800109410188847
-4.645000000000093,0.39390871036463077,3.753737145753096,4.606377275152699
-4.635000000000093,0.37420050002272837,3.559499428001352,4.366976239961094
-4.625000000000093,0.35208041083010894,3.34027543061762,4.09658792937409
-4.6150000000000935,0.3289866906856289,3.109361483736741,3.811461882378768
-4.605000000000094,0.3064163535658863,2.8805731846283535,3.528477898290463
-4.595000000000094,0.28584240526643606,2.6674745035524703,3.264202775517124
-4.585000000000094,0.26863480677049395,2.482651963585018,3.0340038370628957
-4.575000000000094,0.2559894445272552,2.3370746832498406,2.8512693018285917
-4.5650000000000945,0.24886830340945043,2.2395696348599765,2.726771333836541
-4.555000000000095,0.24795304760104173,2.1964306268195375,2.6681940705953915
-4.545000000000095,0.25361344468277863,2.2111707338310724,2.6798379261869196
-4.535000000000095,0.26589155616359705,2.2844217410924292,2.7625037135664288
-4.525000000000095,0.2845022989248358,2.4139802570713824,2.913555206136743
-4.515000000000096,0.3088507141056952,2.5949973555229526,3.1271553120575812
-4.505000000000096,0.3380658882594584,2.8203054434008954,3.3946672672735603
-4.495000000000096,0.37105080518738864,3.0808711592875073,3.7052065085937333
-4.485000000000096,0.40654639119221914,3.3663557275337204,4.046320222127331
-4.4750000000000965,0.4432066899740699,3.66575449714137,4.404760147361586
-4.465000000000097,0.4796806272796588,3.9680765867853824,4.7673014725491125
-4.455000000000097,0.5146944627839639,4.263015714875547,5.121549056038835
-4.445000000000097,0.5471280927799412,4.541556953101955,5.456664784667626
-4.435000000000097,0.5760781605922071,4.796463720983841,5.763949531586696
-4.4250000000000975,0.6009016603062964,5.022596511194925,6.0372219102371085
-4.415000000000098,0.6212354393070113,5.217030004823072,6.272954323748621
-4.405000000000098,0.6369895853251996,5.378957240507778,6.470153284036306
-4.395000000000098,0.6483158092411231,5.509395636729279,6.630002371472695
-4.385000000000098,0.6555551494885611,5.6107360487735285,6.755317856006657
-4.375000000000099,0.6591721063647901,5.686198263287389,6.849893605982516
-4.365000000000099,0.6596841749839512,5.739270287546338,6.917828537815646
-4.355000000000099,0.6575963221902594,5.773211505200207,6.962932940886752
-4.345000000000099,0.6533490888928669,5.7906900712514755,6.988298147145189
-4.335000000000099,0.6472867843417879,5.793603778853205,6.996088389840377
-4.3250000000001,0.6396490025160954,5.783104112836331,6.987578015447236
-4.3150000000001,0.6305849508229682,5.759809998725784,6.963417139149998
-4.3050000000001,0.6201864539717751,5.724166377701976,6.924071023153243
-4.2950000000001,0.6085325859685714,5.676878548357775,6.870349372660709
-4.2850000000001005,0.5957371748942402,5.619340440705874,6.803926476203226
-4.275000000000101,0.581990195006425,5.553975929013417,6.727754429381111
-4.265000000000101,0.567585328872605,5.4844268832772896,6.6462894779890345
-4.255000000000101,0.5529285109679708,5.415547459890841,6.56548282621172
-4.245000000000101,0.5385256031027913,5.353196734978796,6.492526738888627
-4.235000000000102,0.5249509207806854,5.3038555969895365,6.435387653983824
-4.225000000000102,0.5128015215433813,5.2741230450662275,6.402193304882731
-4.215000000000102,0.5026444544881534,5.270166708964551,6.400564518305269
-4.205000000000102,0.49496519563209795,5.297209220487523,6.436990432597772
-4.195000000000102,0.49012512260924984,5.359124979966989,6.516337131190709
-4.185000000000103,0.48833422084900624,5.458202245340544,6.641555795475523
-4.175000000000103,0.4896425828196809,5.595096858583631,6.813621757399541
-4.165000000000103,0.49395113548546027,5.768971378812634,7.0316964336209145
-4.155000000000103,0.5010389488411576,5.977782615259024,7.293466973830057
-4.1450000000001035,0.5106019529075891,6.218656885726842,7.595590027427037
-4.135000000000104,0.5222963212031067,6.488279810608047,7.934151210410514
-4.125000000000104,0.5357793879503463,6.78322813555172,8.305053085221717
-4.115000000000104,0.5507417689824345,7.1001846618633175,8.704261342177697
-4.105000000000104,0.5669261657844429,7.436001288891709,9.127868222567468
-4.095000000000105,0.5841308008918982,7.787605086009707,9.57196871056511
-4.085000000000105,0.6021981199173888,8.151772875516789,10.032382114305287
-4.075000000000105,0.6209918467692381,8.524825669029243,10.504282825912158
-4.065000000000105,0.6403673061908275,8.902311050683178,10.981823939668773
-4.055000000000105,0.6601408726332196,9.278746543821992,11.457842769625383
-4.045000000000106,0.6800643727069419,9.647489576135182,11.92372752506271
-4.035000000000106,0.6998093346579841,10.000781467647439,12.369501498645988
-4.025000000000106,0.7189643582174297,10.32998726657289,12.78414928002837
-4.015000000000106,0.7370468776188988,10.626024671672067,13.156174200034009
-4.0050000000001065,0.7535285428415417,10.879948330448846,13.47434314102875
-3.9950000000001067,0.7678716492352142,11.083634481283557,13.728548922630601
-3.985000000000107,0.7795727237081751,11.230497928309873,13.910705001878954
-3.975000000000107,0.7882086420715368,11.316169799911497,14.015583520932344
-3.9650000000001073,0.7934805172425876,11.339069938863261,14.041515108750488
-3.9550000000001075,0.7952509869606489,11.300820306909669,13.990885011360412
-3.9450000000001078,0.7935713150002556,11.206462885613297,13.870381844549897
-3.935000000000108,0.7886957566359343,11.064464447138871,13.690979050105378
-3.925000000000108,0.7810817935870271,10.88650878950939,13.467651901182604
-3.9150000000001084,0.7713760097574017,10.687092761478167,13.218852368242134
-3.9050000000001086,0.7603864812187485,10.48295459550897,12.96577902686156
-3.895000000000109,0.7490435394159705,10.292371387699761,12.731489071309614
-3.885000000000109,0.7383515935799068,10.134367201371415,12.539904678373023
-3.8750000000001092,0.7293353254701533,10.027874718292482,12.414767123503555
-3.8650000000001095,0.7229839528814713,9.990892220319239,12.378590013518277
-3.8550000000001097,0.7201973567714391,10.039674553187513,12.451658590433965
-3.84500000000011,0.7217376544869308,10.187992164222994,12.65111604421421
-3.83500000000011,0.7281892817825171,10.446486855624235,12.990170861713528
-3.8250000000001103,0.7399298620832524,10.822147090786006,13.477452113257417
-3.8150000000001105,0.7571131766907708,11.317920050521638,14.116532858249347
-3.8050000000001107,0.7796645198793504,11.932472592774205,14.905636023300735
-3.795000000000111,0.8072877563034951,12.660109074547098,15.837532408970326
-3.785000000000111,0.8394826120193191,13.49085062552364,16.899636804760824
-3.7750000000001114,0.8755702083770204,14.410677587146221,18.074305049927823
-3.7650000000001116,0.9147246249662684,15.401933862470791,19.33933148718052
-3.755000000000112,0.956008335556712,16.443888169493608,20.66864173216744
-3.745000000000112,0.9984096358070325,17.513442068759975,22.033169300353478
-3.7350000000001122,1.0408805805389718,18.585967879859734,23.401896094034363
-3.7250000000001124,1.0823743705034983,19.636251413804178,24.743026352237905
-3.7150000000001127,1.121881484479545,20.639505529491487,26.025252322492356
-3.705000000000113,1.1584640793747456,21.572411963129664,27.219059019390322
-3.695000000000113,1.1912882495756167,22.414141942660535,28.29800658086708
-3.6850000000001133,1.2196536516460714,23.147301952502765,29.239923370581923
-3.6750000000001135,1.2430197945833432,23.758750488801393,30.027942120767438
-3.6650000000001137,1.261028022941308,24.240235091449367,30.65131547464151
-3.655000000000114,1.2735179467561342,24.588806208348917,31.105956066466824
-3.645000000000114,1.2805368705061166,24.806974999267418,31.394659093611786
-3.6350000000001144,1.282340714261976,24.902595266046255,31.52698126752196
-3.6250000000001146,1.2793850659121961,24.888464511980594,31.5187681385473
-3.615000000000115,1.2723053979553847,24.7816549728619,31.391341248305935
-3.605000000000115,1.2618861409579956,24.60260169998968,31.170376664714944
-3.595000000000115,1.2490192039983872,24.373990784488644,30.884526482149838
-3.5850000000001154,1.2346535993654695,24.11950582379347,30.563853907022498
-3.5750000000001156,1.2197389472543614,23.862503716426698,30.23816932446834
-3.565000000000116,1.2051666528544518,23.62470051820378,29.935367589533932
-3.555000000000116,1.1917132941846749,23.42495292322201,29.67987379509559
-3.5450000000001163,1.1799910785520082,23.278219555590436,29.491304106186995
-3.5350000000001165,1.1704100073971364,23.194777708280427,29.38343859723326
-3.5250000000001167,1.1631555941190515,23.17975523795447,29.363584008615135
-3.515000000000117,1.1581846556724404,23.233014797859123,29.432376815238758
-3.505000000000117,1.155239982643399,23.349400267363517,29.584043137232133
-3.4950000000001173,1.1538827909444351,23.519325763807053,29.807095074556454
-3.4850000000001176,1.1535400163707885,23.729659121857775,30.08540689863293
-3.4750000000001178,1.153561973979791,23.964827312498116,30.399583104682765
-3.465000000000118,1.1532848679384822,24.208053573196434,30.728506968975065
-3.455000000000118,1.1520922299831846,24.44262679202211,31.050945273696097
-3.4450000000001184,1.149469620239568,24.6531036304878,31.347083274244262
-3.4350000000001186,1.1450477859812775,24.826352632129677,31.599873513793504
-3.425000000000119,1.1386308102406861,24.95236592856633,31.7961013832893
-3.415000000000119,1.130207413760631,25.024786318733884,31.927097279996985
-3.4050000000001193,1.1199453050747272,25.04112336384668,31.989057329759003
-3.3950000000001195,1.10817012110942,25.002659551147712,31.98296926717051
-3.3850000000001197,1.0953319135144362,24.914074442315503,31.914174586476555
-3.37500000000012,1.0819632049571486,24.782839052810495,31.791629911080804
-3.36500000000012,1.0686332981333524,24.61845262005257,31.626957156534004
-3.3550000000001203,1.0559037375418587,24.43160762939686,31.43339102951233
-3.3450000000001205,1.0442895971679818,24.233374877104964,31.224741459600523
-3.3350000000001208,1.034230614634063,24.03449721434565,31.014485898533
-3.325000000000121,1.0260751524356095,23.844867806704663,30.815091053817294
-3.315000000000121,1.020078600983576,23.67324654043158,30.637635778207972
-3.3050000000001214,1.016416237024047,23.52723805049182,30.491768297218798
-3.2950000000001216,1.0152088403214061,23.41351945770124,30.385985226214785
-3.285000000000122,1.016557712921873,23.3382692015223,30.32817201829466
-3.275000000000122,1.0205843289473797,23.307715129228065,30.326300880270367
-3.2650000000001222,1.027468869319359,23.328695336973247,30.389149502032247
-3.2550000000001225,1.0374815484701694,23.409113778996492,30.526888286282723
-3.2450000000001227,1.0510010510068177,23.558177689641536,30.75138956616351
-3.235000000000123,1.06851561172951,23.786326635800563,31.07614125280608
-3.225000000000123,1.090604226015573,24.10480212820386,31.51569769028369
-3.2150000000001233,1.1178979789249408,24.524857939069395,32.08466673068224
-3.2050000000001235,1.1510242261318018,25.056667855781626,32.79630538972284
-3.1950000000001237,1.1905389639191781,25.70804110962244,33.66086589325775
-3.185000000000124,1.2368547809537676,26.483097296714483,34.683887909851904
-3.175000000000124,1.2901729284615986,27.38107450203912,35.86466116700196
-3.1650000000001244,1.35042803011964,28.395441413966513,37.19507878825381
-3.1550000000001246,1.417252702835186,29.513455154420928,38.65906388032181
-3.145000000000125,1.4899670007091352,30.71625441744832,40.232684204026675
-3.135000000000125,1.5675944483445134,31.97950954755226,41.88498168697687
-3.1250000000001252,1.6489029685247325,33.2745777630612,43.57944864065389
-3.1150000000001254,1.7324657794306724,34.57004459535021,45.27599616199814
-3.1050000000001257,1.816734862821547,35.83348281646506,46.9331966674171
-3.095000000000126,1.9001182944004087,37.033235934176965,48.51055246721968
-3.085000000000126,1.9810527937217448,38.140038639061636,49.97055061002811
-3.0750000000001263,2.0580642690473354,39.12832012272684,51.28030900238706
-3.0650000000001265,2.1298116419849977,39.977091712138645,52.41269165420111
-3.0550000000001267,2.1951123860906274,40.670387733363036,53.346858514024184
-3.045000000000127,2.2529514412456666,41.197295956336916,54.06830203138046
-3.035000000000127,2.302477900747761,41.55166972331817,54.56849315849723
-3.0250000000001274,2.3429956330133055,41.731648732322,54.844302187358835
-3.0150000000001276,2.3739544948773994,41.73912433889809,54.89736830317203
-3.005000000000128,2.394947949214473,41.57926799106939,54.7335662418188
-2.995000000000128,2.4057208877198217,41.26020267653239,54.36266550077387
-2.985000000000128,2.406188661471824,40.792845506426644,53.798208634891665
-2.9750000000001284,2.3964652599532252,40.190895393151536,53.05756440526244
-2.9650000000001286,2.3768958247801746,39.47089392783703,52.16205305343631
-2.955000000000129,2.348086756106881,38.652258887959064,51.13700621255622
-2.945000000000129,2.3109259412195864,37.75718370764358,50.01161968302551
-2.9350000000001293,2.266586267392212,36.81031372876652,48.81848432738067
-2.9250000000001295,2.216507492730333,35.83814761502758,47.59273351615662
-2.9150000000001297,2.1623544268780446,34.86816264413794,46.370814736263455
-2.90500000000013,2.105952729084339,33.92771597818001,45.18896493892501
-2.89500000000013,2.0492068861838866,33.04282015931522,44.081530150101884
-2.8850000000001303,1.9940075258252394,32.23692106435558,43.079307994978436
-2.8750000000001306,1.942136709378072,31.52981450973444,42.208099546090025
-2.8650000000001308,1.895179996017397,30.936821936249114,41.487632437299716
-2.855000000000131,1.8544528840460686,30.46830893707385,40.93096472343174
-2.845000000000131,1.8209469722138805,30.129579617928314,40.54440804954294
-2.8350000000001314,1.7952982915803217,29.921124366594366,40.327932374132104
-2.8250000000001316,1.777777291283821,29.83914887965969,40.27594682822637
-2.815000000000132,1.768297468098147,29.876277413998338,40.37830465303034
-2.805000000000132,1.7664380444898635,30.022309435986458,40.621362828932405
-2.7950000000001323,1.7714756584972233,30.264918241641993,40.98894160810654
-2.7850000000001325,1.7824207234526381,30.590210314516728,41.4630721710791
-2.7750000000001327,1.7980557014630814,30.98310876904551,42.024483109257915
-2.765000000000133,1.816974583622587,31.42757406564799,42.65284581059345
-2.755000000000133,1.8376248616688635,31.906720219261874,43.32686131774123
-2.7450000000001333,1.8583547054915077,32.40291590250708,44.02431449814709
-2.7350000000001335,1.877468543321779,32.897970830870804,44.722236817123054
-2.7250000000001338,1.8932935894689251,33.37349614215358,45.39730333259195
-2.715000000000134,1.9042581277188921,33.811494950863,46.026545245456184
-2.705000000000134,1.908979815335369,34.195191556329206,46.58839422208173
-2.6950000000001344,1.906359378325512,34.510053397979384,47.064000325920496
-2.6850000000001346,1.8956723709539207,34.744908528298055,47.43869502044378
-2.675000000000135,1.8766497108333053,34.893022409050516,47.703416982404164
-2.665000000000135,1.8495369087316598,34.95297850161713,47.85589129355629
-2.6550000000001353,1.8151225398168946,34.92921148877251,47.9013575229761
-2.6450000000001355,1.774728574012205,34.8320702940085,47.85267967284397
-2.6350000000001357,1.73015849077233,34.67733683622731,47.72973621651371
-2.625000000000136,1.6836032462723907,34.48518900246611,47.55807251094883
-2.615000000000136,1.637509608525191,34.27866391894964,47.36688892421794
-2.6050000000001363,1.5944195541277786,34.081740855652654,47.186523353769196
-2.5950000000001365,1.5567927985295493,33.917213364786505,47.045654684866754
-2.5850000000001367,1.5268266984280643,33.80455088142579,46.96849510437527
-2.575000000000137,1.5062884798922112,33.75795724849142,46.97224890914258
-2.565000000000137,1.4963739618532652,33.784817016582465,47.06509288489605
-2.5550000000001374,1.4976047980392198,33.88468265706369,47.244882193185276
-2.5450000000001376,1.5097730352046808,34.04890237318042,47.498713278717716
-2.535000000000138,1.5319378595808932,34.26092602944713,47.80339118480887
-2.525000000000138,1.562475188756944,34.49726342052798,48.126763188942085
-2.5150000000001382,1.5991766532258982,34.72901167546485,48.429803421741596
-2.5050000000001384,1.6393908279316993,34.92382256475827,48.66927165035304
-2.4950000000001387,1.6801965604017504,35.04814930571021,48.800728382296754
-2.485000000000139,1.7185960494197703,35.06959736853497,48.78166947188692
-2.475000000000139,1.7517140293813172,34.95920398153309,48.57454528491638
-2.4650000000001393,1.7769890256715244,34.693484243529404,48.14944893036396
-2.4550000000001395,1.7923431451145069,34.256104909238665,47.48629073478028
-2.4450000000001397,1.7963182123685282,33.63907684857286,46.5763175246112
-2.43500000000014,1.7881682030492412,32.84339115660343,45.42288154194706
-2.42500000000014,1.7679007816277412,31.879059881544354,44.041412147747636
-2.4150000000001404,1.7362642159262553,30.764559023810975,42.45859211775117
-2.4050000000001406,1.694679847477726,29.52570797486621,40.710788277429714
-2.395000000000141,1.6451244211265175,28.19405510843736,38.8418325802743
-2.385000000000141,1.589970625980712,26.804872673247516,36.90029321847569
-2.375000000000141,1.5317978305797721,25.394893726541707,34.93641384976025
-2.3650000000001414,1.4731878451729705,23.999947203372013,32.998929481280676
-2.3550000000001416,1.4165222734988292,22.652661518457897,31.131986257305936
-2.345000000000142,1.363798357766092,21.380409546128455,29.37239557057266
-2.335000000000142,1.3164790252331264,20.203656236140272,27.7474375224891
-2.3250000000001423,1.2753901198977897,19.13484354359376,26.273393358574015
-2.3150000000001425,1.240673728984623,18.177906538936476,24.95493195916483
-2.3050000000001427,1.2118014407369262,17.328462232712912,23.785405283376384
-2.295000000000143,1.187645787170689,16.57465338103041,22.748027928968867
-2.285000000000143,1.1666026118836372,15.898569350591341,21.817834771719266
-2.2750000000001434,1.1467522597635993,15.27811174345323,20.964237098940306
-2.2650000000001436,1.1260438603809697,14.68913042394972,20.15394063208797
-2.255000000000144,1.1024849916507764,14.107631183653861,19.353955655120895
-2.245000000000144,1.074318900330411,13.511852823482537,18.534424696660857
-2.235000000000144,1.0401732325484674,12.884029613888988,17.671017870704457
-2.2250000000001444,0.9991676707083346,12.211692799084148,16.74669724307956
-2.2150000000001446,0.9509725560275075,11.488417357684858,15.752723117948804
-2.205000000000145,0.8958159208576972,10.71398101725183,14.688857943816439
-2.195000000000145,0.8344417116675068,9.893963972162876,13.562807291302676
-2.1850000000001453,0.7680267198421776,9.038872435356486,12.389011892728714
-2.1750000000001455,0.6980673259160427,8.162910827851144,11.186961526161113
-2.1650000000001457,0.6262492511376277,7.282551891630803,9.979234846959734
-2.155000000000146,0.5543139624707402,6.41505966844642,8.789476879504356
-2.145000000000146,0.4839342805088327,5.57710811050654,7.640509133038583
-2.1350000000001463,0.41660937676913,4.783611351824118,6.552730673678844
-2.1250000000001465,0.3535861388599779,4.0468452516537505,5.542918644611225
-2.1150000000001468,0.29581031624242266,3.37589934561174,4.623481366540693
-2.105000000000147,0.24390741200580318,2.7764592732224096,3.8021637461861864
-2.095000000000147,0.198190355788876,2.250886636294204,3.082159481452701
-2.0850000000001474,0.15868885367358457,1.7985391712278382,2.46255169772955
-2.0750000000001476,0.12519409059706088,1.416260497957091,1.9389850976187564
-2.065000000000148,0.09731214600664274,1.0989653303777676,1.504468162688582
-2.055000000000148,0.07451994452092968,0.8402513797934528,1.1502113267992096
-2.0450000000001483,0.05621859377954192,0.6329808823336164,0.8664230968126914
-2.0350000000001485,0.04178032202963415,0.46979001117272695,0.6430071018537028
-2.0250000000001487,0.03058668642341788,0.34350077986096217,0.4701254300392228
-2.015000000000149,0.022057086217104727,0.24742524294334725,0.33861440756354666
-2.005000000000149,0.01566774686890975,0.17556434759368547,0.2402561316316947
-1.9950000000001493,0.01096216789266468,0.12271288813489611,0.16792149958165029
-1.9850000000001495,0.007554533131616171,0.08448751100069311,0.11560797602213496
-1.9750000000001497,0.005127795647032705,0.05729695589433211,0.07839838295370957
-1.96500000000015,0.003428128314209624,0.03827336047005278,0.052366490840682414
-1.9550000000001502,0.0022572460512110945,0.025181298193723452,0.034452223502367596
-1.9450000000001504,0.0014638265049027749,0.01631804752258559,0.02232494129807232
-1.9350000000001506,0.000934943308835204,0.010415075634709461,0.014248452342853742
-1.9250000000001508,0.0005881251418128508,0.006547362537200638,0.008956805016733849
-1.915000000000151,0.00036439398690889957,0.004054310238629417,0.005545972041873903
-1.9050000000001512,0.00022243172045482,0.002473731403089713,0.0033834575264795044
-1.8950000000001515,0.00013387833338663311,0.0014888187716786874,0.002035678656661346
-1.8850000000001517,7.967268751299759e-05,0.0008870005471682446,0.0012116100961262486
-1.8750000000001519,4.729836209472444e-05,0.0005290810447523711,0.0007204846121052222
-1.865000000000152,2.878200237219285e-05,0.00032692862545397934,0.0004411507439680618
-1.8550000000001523,1.9299343392552514e-05,0.00022809018999292164,0.0003008404321582293
-1.8450000000001525,1.6266177372114863e-05,0.00020598951209078244,0.00026146698349045083
-1.8350000000001527,1.882157094320238e-05,0.0002547365661345446,0.0003120611800337492
-1.825000000000153,2.764433696558826e-05,0.00038799155253991374,0.00046649783186304965
-1.8150000000001532,4.507852352219228e-05,0.0006417637536514319,0.0007662293191800511
-1.8050000000001534,7.55779592873932e-05,0.0010814656849757478,0.0012883050599557285
-1.7950000000001536,0.00012651249852656154,0.0018139733313451301,0.002159499201177787
-1.7850000000001538,0.00020940798372965535,0.003005842758118984,0.003577868996412564
-1.775000000000154,0.00034171551590462347,0.004909166003507464,0.00584348164471271
-1.7650000000001542,0.0005492192968341878,0.00789675699329889,0.009400310437071615
-1.7550000000001544,0.0008691902161304953,0.012508358214140295,0.01489131454053767
-1.7450000000001546,0.0013543669984776075,0.01950924472042196,0.023228355441079998
-1.7350000000001549,0.0020777896575515857,0.029961853493005102,0.035677724877641946
-1.725000000000155,0.003138413198244523,0.04530976769540945,0.053960527129830384
-1.7150000000001553,0.004667287463895459,0.06747145491295413,0.08036487510148191
-1.7050000000001555,0.0068339014928957146,0.09893858487673733,0.1178638107784556
-1.6950000000001557,0.009852065797301867,0.14287063715679704,0.1702291656795172
-1.685000000000156,0.013984462796177474,0.20317410574954814,0.24212753406049048
-1.6750000000001561,0.019544766285022525,0.2845513431418806,0.339180645997454
-1.6650000000001564,0.02689605994187528,0.3925015598229923,0.46796940630848205
-1.6550000000001566,0.036444226480135705,0.5332554315394495,0.635959565841188
-1.6450000000001568,0.048625089841916436,0.7136259262270765,0.851328313027583
-1.635000000000157,0.06388442197129957,0.9407620035202855,1.1226757940891654
-1.6250000000001572,0.08265050225219828,1.2217991479644117,1.458614146901531
-1.6150000000001574,0.10529973735123511,1.5634112120478973,1.8672389963721667
-1.6050000000001576,0.13211686350205765,1.97128112026473,2.355503746842116
-1.5950000000001578,0.16325236432258175,2.44952232711542,2.928533895873378
-1.585000000000158,0.19868080120462955,3.0000966480550697,3.5889347678083396
-1.5750000000001583,0.23816459427234588,3.622284921586457,4.336158853087464
-1.5650000000001585,0.2812282263663234,4.312272587925369,5.166005609963774
-1.5550000000001587,0.32714771151945277,5.06291073652528,6.070324857246913
-1.545000000000159,0.3749593732941705,5.863703360178204,7.036983457273159
-1.5350000000001591,0.4234905070866891,6.701053537209076,8.050133970668263
-1.5250000000001593,0.47141245191784326,7.558776522181094,9.090795113718508
-1.5150000000001596,0.5173141772351242,8.41885907436265,10.137720486102882
-1.5050000000001598,0.5597919917875027,9.262415601229844,11.1684986358845
-1.49500000000016,0.5975487438525175,10.070767050574341,12.1607990121205
-1.4850000000001602,0.6294942359535802,10.826551812435412,13.093659212236325
-1.4750000000001604,0.6548377876128021,11.514771960696912,13.9487023400767
-1.4650000000001606,0.6731640961329987,12.123684068524765,14.711180444147958
-1.4550000000001608,0.6844847721309526,12.645460721079575,15.370759807442294
-1.445000000000161,0.6892600194970897,13.076574049034795,15.921993087269552
-1.4350000000001613,0.6883876214619686,13.417882127662219,16.364457223280105
-1.4250000000001615,0.683159343512806,13.67442841439859,16.70256934983262
-1.4150000000001617,0.6751877140094726,13.854989392196249,16.94512087386792
-1.405000000000162,0.6663085841995577,13.971423275324971,17.104589058068612
-1.395000000000162,0.6584666818960497,14.037881722032777,17.196294546108714
-1.3850000000001623,0.6535924517194184,14.069947459547304,17.237473054594272
-1.3750000000001625,0.6534788229531103,14.083755482497722,17.246322400378034
-1.3650000000001627,0.659666249403194,14.095146751441996,17.241075490642093
-1.355000000000163,0.6733435524144611,14.118893805861674,17.239139160274043
-1.3450000000001632,0.695270899007293,14.168029398772232,17.256330133178373
-1.3350000000001634,0.7257297661160022,14.25330295407608,17.30623375647305
-1.3250000000001636,0.7645030466995328,14.382784881295704,17.3997077890423
-1.3150000000001638,0.8108865849571456,14.561634162221875,17.54455054019993
-1.305000000000164,0.8637314249007904,14.79203844627,17.74534777595014
-1.2950000000001642,0.9215139852924923,15.07332686876348,18.003504262241655
-1.2850000000001645,0.9824293500931491,15.402243683624643,18.31745307517535
-1.2750000000001647,1.044501057416557,15.7733566668853,18.6830200059924
-1.2650000000001649,1.1056993900777716,16.179560430221798,19.093904201256446
-1.255000000000165,1.1640594276898808,16.61262434980687,19.54222323971201
-1.2450000000001653,1.217790178710303,17.0637307729534,20.019064805408195
-1.2350000000001655,1.265367043248907,17.523953589578532,20.514990587448523
-1.2250000000001657,1.3056016111864202,17.984640572775707,21.020451729642886
-1.215000000000166,1.337685189292837,18.437683516600288,21.526097418011403
-1.2050000000001662,1.3612051768098912,18.875684649498062,22.022985131013368
-1.1950000000001664,1.3761361060752242,19.292051302353432,22.502727219487923
-1.1850000000001666,1.3828094643250437,19.681068248602955,22.957627912806352
-1.1750000000001668,1.3818680083398203,20.03800417511676,23.380872502702193
-1.165000000000167,1.3742109858313722,20.359302843294167,23.766823330157322
-1.1550000000001672,1.3609364463040492,20.642890590714355,24.111455157427134
-1.1450000000001674,1.3432857714297382,20.888602496837997,24.412928517056958
-1.1350000000001677,1.3225939186620916,21.098694684309095,24.672259359650237
-1.1250000000001679,1.300246967675589,21.278376199529667,24.894004154653196
-1.115000000000168,1.2776467214903202,21.43626735909354,25.08684927427262
-1.1050000000001683,1.2561806372511515,21.584678064862533,25.26397864938547
-1.0950000000001685,1.2371944542346405,21.73960305898618,25.44309859459102
-1.0850000000001687,1.2219646455917184,21.920352356690703,25.64602441321783
-1.075000000000169,1.2116682269820447,22.148772158303984,25.89777750540267
-1.0650000000001691,1.2073483921014923,22.44805976461882,26.22519871097042
-1.0550000000001694,1.2098757263969357,22.841228882790354,26.65514582346576
-1.0450000000001696,1.2199061588391462,23.349331864137547,27.21240195899785
-1.0350000000001698,1.2378381341003895,23.98958582429869,27.91746850323416
-1.02500000000017,1.2637725419230628,24.773574575930166,28.78444507288397
-1.0150000000001702,1.2974795935518313,25.705704292667374,29.819205231991376
-1.0050000000001704,1.338377008838088,26.782076783871798,31.0180595162866
-0.9950000000001706,1.3855235479394632,27.989911692392248,32.36705855196987
-0.9850000000001709,1.4376311122508958,29.307601530498413,33.842033189722045
-0.9750000000001711,1.493097414633866,30.705426547380565,35.40940193669879
-0.9650000000001713,1.5500596772145754,32.146896157960995,37.027705848481304
-0.9550000000001715,1.6064680820315729,33.59062636684982,38.649764795475164
-0.9450000000001717,1.6601759237219516,34.992614049626944,40.22529326775113
-0.9350000000001719,1.7090417564965699,36.30873376119296,41.703773892650304
-0.9250000000001721,1.751037454823574,37.49726409191696,43.037366089536455
-0.9150000000001723,1.7843551707510112,38.5212499339419,44.183627246188344
-0.9050000000001726,1.8075057920285627,39.350524010382486,45.107843892919306
-0.8950000000001728,1.8194017565904208,39.963243600089115,45.78480806836761
-0.885000000000173,1.8194179698189736,40.34684299405113,46.199925253179764
-0.8750000000001732,1.8074260406575944,40.498354120159284,46.349599485765374
-0.8650000000001734,1.7837989737153725,40.42410156152439,46.24090245237707
-0.8550000000001736,1.7493856468148494,40.13882836214311,45.89059028685941
-0.8450000000001738,1.7054566567488547,39.66435060133769,45.32357899407225
-0.835000000000174,1.6536252179946493,39.027867938191086,44.57102262379591
-0.8250000000001743,1.595748563264698,38.260072076510106,43.668155248560815
-0.8150000000001745,1.5338165830059673,37.39319524923234,42.65205831101126
-0.8050000000001747,1.4698351768445965,36.45912819346462,41.55950104543375
-0.7950000000001749,1.4057119601517947,35.487715108784414,40.42497726155784
-0.7850000000001751,1.3431516135519392,34.50530613231672,39.279031675151245
-0.7750000000001753,1.2835673585971548,33.533620395324526,38.146938162897605
-0.7650000000001755,1.228013881195739,32.58894845613682,37.04776494857381
-0.7550000000001758,1.1771455963843271,31.681704089965947,35.9938403217576
-0.745000000000176,1.1312025327486834,30.816322513581618,34.99061757388707
-0.7350000000001762,1.0900243791560023,29.991493872334388,34.03692802204406
-0.7250000000001764,1.0530914433628085,29.200714751949995,33.125603542988685
-0.7150000000001766,1.0195894932737137,28.433133735594872,32.244441779841274
-0.7050000000001768,0.9884937797081577,27.67465726078312,31.377475506586393
-0.695000000000177,0.958666092887801,26.90926818190525,30.50649137704064
-0.6850000000001772,0.9289576217618059,26.12049217202513,29.61272320588417
-0.6750000000001775,0.8983098060390846,25.292928748774283,28.678623684494433
-0.6650000000001777,0.865845410999056,24.41374782795451,27.689600027358942
-0.6550000000001779,0.830942776423683,23.474043212624878,26.63558790723449
-0.6450000000001781,0.7932875770429862,22.469934657704506,25.512337964941562
-0.6350000000001783,0.7528983772808386,21.403322043459806,24.322302394848705
-0.6250000000001785,0.7101245792331714,20.282218750459084,23.075035671019204
-0.6150000000001787,0.6656178014211585,19.120624542043114,21.787061184929527
-0.605000000000179,0.6202800157032158,17.93793744333561,20.481200313490618
-0.5950000000001792,0.575193658967287,16.75794457163347,19.185406973765605
-0.5850000000001794,0.531540231290533,15.60746875975295,17.931193561117006
-0.5750000000001796,0.49051448511864393,14.51477687677278,16.751768469804677
-0.5650000000001798,0.4532411887977103,13.50787396323056,15.680027638051593
-0.55500000000018,0.420700689779872,12.612813173373304,14.746550908541138
-0.5450000000001802,0.39366825313531817,11.8521451388684,13.977748352461438
-0.5350000000001804,0.37267059294454163,11.243613185359855,13.394283505395617
-0.5250000000001807,0.357961338446136,10.799175312087439,13.009872314648149
-0.5150000000001809,0.34951555594966555,10.524403073373055,12.830521867696564
-0.5050000000001811,0.34704201894646586,10.418274812974687,12.854235391298007
-0.4950000000001813,0.35001077800499586,10.473349356947626,13.071173325331694
-0.4850000000001815,0.3576927833056204,10.676279184780277,13.464227936522029
-0.4750000000001817,0.36920787492286433,11.008601617811744,14.009943817744176
-0.46500000000018193,0.38357736914740637,11.447734256422326,14.679700737244838
-0.45500000000018215,0.39977769943126423,11.968097377155622,15.441069572689578
-0.44500000000018236,0.41679206333061003,12.542290810473611,16.25925611765965
-0.4350000000001826,0.43365770853863184,13.142264420107734,17.09855968705225
-0.4250000000001828,0.44950727192307943,13.740437216147319,17.92379080513333
-0.415000000000183,0.46360336506766703,14.310737251020534,18.701611176837446
-0.4050000000001832,0.47536627719973973,14.829549511801126,19.401775751251538
-0.3950000000001834,0.48439515357338625,15.276569186115546,19.998267609321882
-0.38500000000018364,0.4904832444332395,15.63556106072312,20.470319448048876
-0.37500000000018385,0.4936277879236672,15.895021923783174,20.80331009671905
-0.36500000000018407,0.4940348198855451,16.0487327836338,20.989512224379887
-0.3550000000001843,0.4921187724927637,16.09617406942672,21.028651401336788
-0.3450000000001845,0.48849624756631016,16.04276339141471,20.92822143382184
-0.3350000000001847,0.4839729626599798,15.899865969574233,20.703491298545003
-0.3250000000001849,0.4795226952820703,15.684526167054296,20.377139410048727
-0.31500000000018513,0.4762571868205823,15.418877218051163,19.978464219109114
-0.30500000000018535,0.47538645244739935,15.129205997414187,19.54214693062781
-0.29500000000018556,0.4781697490684849,14.84467926743401,19.106580584243005
-0.28500000000018577,0.4858584854100876,14.595773988938108,18.711825597139754
-0.275000000000186,0.4996334670938596,14.412492169025466,18.397299032101554
-0.2650000000001862,0.5205398754314347,14.322474678730977,18.199346331414475
-0.2550000000001864,0.5494241041809698,14.349152946511305,18.14887329430297
-0.24500000000018662,0.5868768825535859,14.510087899523926,18.269227307686563
-0.23500000000018684,0.6331869200462193,14.815639329528157,18.57450725823056
-0.22500000000018705,0.688308627876937,15.268085746883148,19.0684511109854
-0.21500000000018726,0.7518463975571494,15.861277040338667,19.744001880980157
-0.20500000000018748,0.8230566140312151,16.58085442354316,20.58359239614736
-0.1950000000001877,0.9008672510624258,17.40502033103397,21.56012444198954
-0.1850000000001879,0.9839137372358304,18.30579182392154,22.638556822452863
-0.17500000000018812,1.0705889398372008,19.25063085778679,23.777967108606337
-0.16500000000018833,1.159104654279271,20.20431808820564,24.933918999624044
-0.15500000000018854,1.2475618713286352,21.130926089043633,26.06095410792495
-0.14500000000018876,1.3340271939380286,21.995752680742285,27.11503325354005
-0.13500000000018897,1.4166129034197865,22.767092850164133,28.055774737477957
-0.12500000000018918,1.4935581409605754,23.417754091784868,28.848370164393742
-0.1150000000001894,1.5633083427336927,23.926249774640883,29.46509588549505
-0.10500000000018961,1.6245894229832707,24.27763357462493,29.886374134667278
-0.09500000000018982,1.6764723556378929,24.463961682702305,30.101368126209373
-0.08500000000019003,1.7184230082939767,24.48438692538558,30.108117795610006
-0.07500000000019025,1.750331664451702,24.344900671922215,29.913237991863983
-0.06500000000019046,1.7725169690443436,24.057746618029345,29.53121125169864
-0.055000000000190674,1.785700300372314,23.640538157419996,28.983316282579377
-0.04500000000019089,1.7909488877071902,23.11512073742639,28.296244205979537
-0.0350000000001911,1.789589209048334,22.506233777585795,27.500469349042913
-0.025000000000191314,1.783095933549208,21.840043007366273,26.628459680328547
-0.015000000000191527,1.7729653475198195,21.14263111266009,25.71283133971133
-0.00500000000019174,1.7605851641413715,20.438548553175057,24.784567803849
0.004999999999808047,1.7471142509625566,19.749532941755728,23.871432002077235
0.014999999999807834,1.7333856787748831,19.093500660487113,22.996694683307975
0.02499999999980762,1.7198444466122327,18.48389630059238,22.178281933224884
0.03499999999980741,1.7065274521318319,17.9294543632628,21.428409137285133
0.044999999999807194,1.6930882564574268,17.434386420276294,20.753721148105036
0.05499999999980698,1.6788636770395673,16.998960866277493,20.15590489803142
0.06499999999980677,1.6629740742394792,16.620398135303518,19.63268880868272
0.07499999999980655,1.6444451676097798,16.29396857560265,19.179100934476413
0.08499999999980634,1.6223369187573755,16.014158694361303,18.788831419006062
0.09499999999980613,1.5958647402402748,15.775767589897802,18.455538613352047
0.10499999999980592,1.564499982472611,15.574809638577454,18.173952930518013
0.1149999999998057,1.5280399460018654,15.4091295656869,17.940665684663685
0.12499999999980549,1.4866419686748267,15.278677181499363,17.754536495880117
0.13499999999980528,1.4408207444701886,15.185435099890439,17.61670527980931
0.14499999999980506,1.3914122679278398,15.133037094844735,17.530245842668837
0.15499999999980485,1.3395111288895094,15.126151506144993,17.499540868496716
0.16499999999980464,1.286389981566154,15.169728937470781,17.52948754504514
0.17499999999980442,1.2334107880564238,15.268224084704205,17.624656456359833
0.1849999999998042,1.1819370061380106,15.4248976998749,17.788523328082423
0.194999999999804,1.1332545204519548,15.641288123300065,18.02287555645561
0.20499999999980378,1.0885071452756203,15.916915581056472,18.327466606523636
0.21499999999980357,1.048650298292223,16.249250424382424,18.699955692830684
0.22499999999980336,1.0144242483802313,16.63394277752155,19.136132299931965
0.23499999999980314,0.9863463855631516,17.065279488741286,19.630389426840026
0.24499999999980293,0.9647203717363751,17.536808056985357,20.176379638217504
0.2549999999998027,0.949658859824986,18.042048718839776,20.767766843286495
0.2649999999998025,0.941115722818163,18.57520659218535,21.398975933366607
0.2749999999998023,0.938923394951338,19.131796217508793,22.06584266600506
0.2849999999998021,0.9428309691026202,19.70910065840017,22.766077143308756
0.29499999999980187,0.9525390879884854,20.30640534835874,23.499474607158945
0.30499999999980165,0.9677283755536756,20.924971224421093,24.267834948882278
0.31499999999980144,0.9880791265310827,21.567739929869088,25.0745845206811
0.3249999999998012,1.013281129568372,22.238793184552524,25.92412729992836
0.334999999999801,1.043033738340998,22.94261585714457,26.820983769520534
0.3449999999998008,1.0770374994474523,23.683235001813653,27.76880174382056
0.3549999999998006,1.114979660875442,24.463322725974333,28.769340963921703
0.3649999999998004,1.156516596414595,25.28335749431958,29.821540564581767
0.37499999999980016,1.2012564968744563,26.140935488252154,30.920774467320935
0.38499999999979995,1.2487455542363957,27.030311071220098,32.05838454475673
0.39499999999979973,1.298460314333282,27.942224409416216,33.22155638151668
0.4049999999997995,1.349807970578234,28.86404691268195,34.393570037108546
0.4149999999997993,1.4021352384179562,29.78024412859454,35.55442161663519
0.4249999999997991,1.4547452426508014,30.673124183704953,36.681774374304084
0.4349999999997989,1.5069207331595973,31.523811045256355,37.75216431452807
0.44499999999979867,1.5579510724862728,32.313358769518715,38.74235835246763
0.45499999999979845,1.6071599321763905,33.023907989049405,39.63074598679746
0.46499999999979824,1.6539305672601288,33.639780899007924,40.39864017961999
0.47499999999979803,1.697725925631243,34.14841672759323,41.03137069146521
0.4849999999997978,1.7381016471065336,34.541065858268986,41.51907319191695
0.4949999999997976,1.7747111141479042,34.813186041956044,41.857108438264795
0.5049999999997974,1.8073029833631276,34.96451604432584,42.04608475636695
0.5149999999997972,1.8357128721702904,34.99883722113759,42.09149988328612
0.524999999999797,1.8598519048797482,34.923467835375355,42.00306001491962
0.5349999999997967,1.8796954570636302,34.74856410074696,41.793769380054485
0.5449999999997965,1.8952755381539241,34.48632192326484,41.47890789603501
0.5549999999997963,1.90667974978422,34.15018098721545,41.075023593195404
0.5649999999997961,1.914058670769482,33.75412656088841,40.599058483202676
0.5749999999997959,1.9176419671883713,33.31216449135519,40.06770172452699
0.5849999999997957,1.9177617195794867,32.83801375372421,39.49702525569384
0.5949999999997955,1.9148796805133568,32.34502301425306,38.90240989359107
0.6049999999997953,1.9096137362474677,31.846278762695675,38.298721354682115
0.614999999999795,1.9027580350811033,31.354839000126926,37.700653555373414
0.6249999999997948,1.895291274058255,30.884004016215645,37.12312804122338
0.6349999999997946,1.8883685907043608,30.44752860017873,36.58162865609446
0.6449999999997944,1.8832943175162362,30.05968974016368,36.092361701825396
0.6549999999997942,1.8814752945800903,29.735149148558943,35.672162330974686
0.664999999999794,1.8843571385564981,29.488586600614205,35.33811269507821
0.6749999999997938,1.89334839713105,29.33412167183508,35.10688863639552
0.6849999999997936,1.9097394406994563,29.28458051783813,34.9939003144468
0.6949999999997933,1.9346239059910715,29.350693722093286,35.01232933787683
0.7049999999997931,1.9688303161330614,29.540325571475105,35.17218407769029
0.7149999999997929,2.0128701698713893,29.857831908516587,35.47949268563853
0.7249999999997927,2.0669065434867475,30.303623871643794,35.93573088443299
0.7349999999997925,2.130744482847594,30.87398254484752,36.53754373907988
0.7449999999997923,2.2038416810122836,31.561131364666764,37.27677518464269
0.7549999999997921,2.285335639271806,32.35353664389779,38.14077514216618
0.7649999999997918,2.3740820913425056,33.23637871045904,39.112919954942925
0.7749999999997916,2.4686991355857324,34.19212174860933,40.1732634667888
0.7849999999997914,2.5676122374096173,35.20111115970276,41.29923546526093
0.7949999999997912,2.6690967756577226,36.24214140898288,42.46631948699198
0.804999999999791,2.7713166906049924,37.292960279364806,43.6486677518157
0.8149999999997908,2.8723595626524903,38.33070091020033,44.81963987723271
0.8249999999997906,2.9702696814575695,39.332254561182026,45.95227653952219
0.8349999999997904,3.0630810879140316,40.27460980201617,47.01973368165393
0.8449999999997901,3.1488521454858547,41.13518554784809,47.995704670531524
0.8549999999997899,3.225702116097092,41.89217693347476,48.85484812144238
0.8649999999997897,3.291848852291118,42.52491811281728,49.573222321889354
0.8749999999997895,3.34564552273033,43.014250028027696,50.12870960768986
0.8849999999997893,3.3856136666400514,43.342869501292675,50.501402066181505
0.8949999999997891,3.410470067890024,43.49563272556122,50.673918191469134
0.9049999999997889,3.4191459603650105,43.459792836332596,50.631630080177914
0.9149999999997886,3.4107986869241906,43.2251661471777,50.36280026271606
0.9249999999997884,3.3848177078081596,42.78424056420435,49.858650984387445
0.9349999999997882,3.340828281688066,42.13225685253185,49.11340957941215
0.944999999999788,3.2786967664254982,41.267303044123125,48.124384560812764
0.9549999999997878,3.198541027273285,40.19046024307598,46.89212331363768
0.9649999999997876,3.1007478794842624,38.90602317740371,45.42068251231216
0.9749999999997874,2.9859970934843947,37.42179322728618,43.718009400922654
0.9849999999997872,2.8552887487567764,35.749410516748604,41.79639236382337
0.9949999999997869,2.7099682550383575,33.90466206275851,39.6729015277814
