Energy_eV,Cd,Cl,S
-8.995000000000001,47.483333708989655,83.16128743864004,155.78654879241014
-8.985,51.226268049704586,88.69237168325968,167.71376208819473
-8.975000000000001,54.93631422218679,93.99007573792069,179.4667897024487
-8.965,58.59539855381177,99.02590204376551,190.98569345429024
-8.955000000000002,62.18860040957762,103.78056933031297,202.2222779614341
-8.945,65.70345874521905,108.24265182684255,213.13790009960815
-8.935000000000002,69.12914551285846,112.40694172779959,223.70082161823447
-8.925,72.45563548274167,116.27278062652184,233.88352628125594
-8.915000000000003,75.67298764869285,119.84257041650915,243.6603740377364
-8.905000000000001,78.77082337083506,123.12061135383041,253.00586543183755
-8.895000000000003,81.73804672949922,126.11233708844189,261.8936594923872
-8.885000000000002,84.56281045026438,128.82393770649287,270.2963514009094
-8.875000000000004,87.23269337965938,131.26229547758496,278.18589559731174
-8.865000000000002,89.73502867441779,133.43511417674344,285.5344743909298
-8.855000000000004,92.05730913325363,135.3511068872662,292.31557274172997
-8.845000000000002,94.18759816022181,137.0201190440377,298.50502868189506
-8.835000000000004,96.11488965671101,138.45309813088699,304.08187900776056
-8.825000000000003,97.82938345719693,139.66187019926033,309.0288975422998
-8.815000000000005,99.32266926726149,140.6587357108404,313.3328106811192
-8.805000000000003,100.58783582580304,141.45594285004668,316.98425400775596
-8.795000000000005,101.61953855012818,142.06512722927093,319.9775895247331
-8.785000000000004,102.41406537348469,142.4968180663503,322.31072623832847
-8.775000000000006,102.96943620809967,142.76010169710355,323.9850752461126
-8.765000000000004,103.28555801417491,142.86250673706326,325.00572883353675
-8.755000000000006,103.36443812190763,142.81013727268171,325.381891623207
-8.745000000000005,103.21043752424922,142.6080386534393,325.12752390654657
-8.735000000000007,102.83052771350435,142.26074234434137,324.26209663969973
-8.725000000000005,102.23450290492174,141.77290815539038,322.8113156500734
-8.715000000000007,101.43509641496833,141.14996798390098,320.80765659161807
-8.705000000000005,100.44795606707589,140.39867624796327,318.2905641113708
-8.695000000000007,99.29144762317569,139.52748708173044,315.3062054436974
-8.685000000000006,97.98627488076966,138.54670366105495,311.9067230695914
-8.675000000000008,96.55492694427569,137.46837607646367,308.14899363802954
-8.665000000000006,95.02098385282099,136.30595605720438,304.09296108459597
-8.655000000000008,93.40832827156699,135.07374525502598,299.79966218018626
-8.645000000000007,91.7403212965238,133.78619558992622,295.3290966074518
-8.635000000000009,90.03900369801764,132.4571336768741,290.7381083494737
-8.625000000000007,88.32438038853913,131.0989863427692,286.0784411110717
-8.615000000000009,86.61383672716815,129.7220815737972,281.3951106346628
-8.605000000000008,84.92172222785877,128.334090449472,276.7252056093564
-8.59500000000001,83.25912227714267,126.93966248677259,272.09719134399325
-8.585000000000008,81.63382338138713,125.54029095271056,267.5307509372721
-8.57500000000001,80.05046363701311,124.13442735938165,263.0371606920519
-8.565000000000008,78.51084840686153,122.71784637980457,258.6201620393121
-8.55500000000001,77.01440194953696,121.28424436829123,254.27726216883764
-8.545000000000009,75.5587189725713,119.82603699581578,250.0013701019899
-8.53500000000001,74.14017556803374,118.33530480970049,245.7826541102384
-8.52500000000001,72.75455654748187,116.8048206890921,241.61049052173743
-8.515000000000011,71.39765576841769,115.22908144623163,237.4753640198847
-8.50500000000001,70.06580777323157,113.6052587553981,233.3705770990892
-8.495000000000012,68.75631322580021,111.9339837841184,229.29363332291098
-8.48500000000001,67.46772752925487,110.21988671500108,225.24717716610724
-8.475000000000012,66.19999178116534,108.47182753275338,221.2394034283546
-8.46500000000001,64.95439767314629,106.70277781901697,217.28389095677028
-8.455000000000013,63.73339240867953,104.92934349038988,213.3988663164658
-8.445000000000011,62.540245027251004,103.17095285718784,209.60595874533382
-8.435000000000013,61.37861008298471,101.4487694459174,205.92856219527738
-8.425000000000011,60.252036583311344,99.78442042925901,202.38996650338265
-8.415000000000013,59.163477630331386,98.19865487229669,199.0114508165803
-8.405000000000012,58.11485785965456,96.7100575638394,195.81054262025827
-8.395000000000014,57.10675073450259,95.3339414746805,192.7996317922997
-8.385000000000012,56.13820611236246,94.08152422753429,189.98509097319595
-8.375000000000014,55.20675133046907,92.95946287569052,187.36699481552358
-8.365000000000013,54.308568345874384,91.96978037541294,184.93945839257725
-8.355000000000015,53.43882788544689,91.11017170922531,182.69153883279435
-8.345000000000013,52.59214207650205,90.37463394474617,180.60857492414058
-8.335000000000015,51.7630824362091,89.7543288639364,178.6737872942866
-8.325000000000014,50.94670255503135,89.23856439761654,176.869934825854
-8.315000000000015,50.13900545043245,88.81577522042669,175.18082546769324
-8.305000000000014,49.337304278667006,88.47439419679358,173.59251117877866
-8.295000000000016,48.540440502343344,88.2035328504021,172.09405229746346
-8.285000000000014,47.748843299455196,87.99342612596654,170.67780711128813
-8.275000000000016,46.96443490120273,87.83563817839453,169.33927629808244
-8.265000000000015,46.190405475534895,87.7230648793643,168.07659722959966
-8.255000000000017,45.43089537114998,87.64979886001908,166.88982951427735
-8.245000000000015,44.69063013410429,87.61093956645873,165.7801936922731
-8.235000000000017,43.97455402461495,87.60243181045024,164.74941739826022
-8.225000000000016,43.28750137031432,87.62100226068866,163.79931022967727
-8.215000000000018,42.63393366157901,87.6642374438665,162.93163697857022
-8.205000000000016,42.017756222572835,87.73081423248149,162.14829869267095
-8.195000000000018,41.44221422627281,87.82086051703385,161.4517731059879
-8.185000000000016,40.909856159950905,87.93639558885229,160.8457201562349
-8.175000000000018,40.4225453143741,88.08178121594455,160.33563163065082
-8.165000000000017,39.981497255019065,88.26410798343196,159.92939958421465
-8.155000000000019,39.58732332808864,88.49344737672932,159.63769496615595
-8.145000000000017,39.24006598511602,88.78291633404953,159.47408108872824
-8.13500000000002,38.93921943038444,89.14852401398582,159.45482889920817
-8.125000000000018,38.683736957896045,89.60879597126718,159.59844428734488
-8.11500000000002,38.47203267758794,90.18419458918903,159.9249544082922
-8.105000000000018,38.30198894103417,90.8963731578242,160.4550248055897
-8.09500000000002,38.17098112936086,91.76731249422608,161.20898940476783
-8.085000000000019,38.075928715307306,92.81839312201683,162.20587163984706
-8.07500000000002,38.013376402390385,94.06945379841055,163.4624600476073
-8.065000000000019,37.979602815701156,95.53788058030608,164.99248025342152
-8.055000000000021,37.97074796093845,97.23776201447237,166.805882573613
-8.04500000000002,37.982945684769085,99.1791375838649,168.908245168529
-8.035000000000021,38.01244458693105,101.36735977657702,171.30028017431334
-8.02500000000002,38.055700779419766,103.80258574099209,173.97742612236078
-8.015000000000022,38.109428640428455,106.47941226472585,176.92951398787304
-8.00500000000002,38.17060092247139,109.38666691213254,180.140504589824
-7.995000000000021,38.23639653913512,112.50736736663862,183.58830891883989
-7.985000000000022,38.30410211191723,115.81885913541132,187.24471694501796
-7.975000000000022,38.3709808141496,119.2931378680164,191.0754713068726
-7.965000000000022,38.434128110740346,122.89735620460335,195.04052735530513
-7.955000000000022,38.49033770587715,126.59450647566688,199.09453863221654
-7.9450000000000225,38.536001690571624,130.34426045142123,203.1875964931356
-7.935000000000023,38.56706622497703,134.1039368417879,207.26623498919398
-7.925000000000023,38.579058253076695,137.82955778580805,211.274689257977
-7.915000000000023,38.56719036602394,141.47694859158156,215.15637047842898
-7.905000000000023,38.526541069882086,145.002831770806,218.85549649643957
-7.8950000000000236,38.452297736613914,148.36586785096955,222.31879822952598
-7.885000000000024,38.340040886073915,151.52760187160504,225.49721114525326
-7.875000000000024,38.18604248339916,154.45328549471364,228.3474606221501
-7.865000000000024,37.98754858426954,157.11255911157738,230.83346037202688
-7.855000000000024,37.74301829786853,159.4799942795007,232.92746294274488
-7.845000000000025,37.4522963830276,161.53551175701045,234.61092737090422
-7.835000000000025,37.1167049367836,163.26470155074702,235.87509662146107
-7.825000000000025,36.73904919247947,164.659076178179,236.72130122634817
-7.815000000000025,36.32354181530018,165.71628498523478,237.16102066483106
-7.8050000000000255,35.8756577560733,166.44030532799366,237.21573724641195
-7.795000000000026,35.401936574805546,166.84160690141388,236.91660780219837
-7.785000000000026,34.909750654455316,166.93726143159617,236.30395858565834
-7.775000000000026,34.40705607132041,166.75094582788614,235.42658348650608
-7.765000000000026,33.90213889099545,166.31276809083946,234.34080204401835
-7.7550000000000265,33.40336458437225,165.65883709210053,233.10921950706665
-7.745000000000027,32.91893352789499,164.8305038949004,231.79913295519606
-7.735000000000027,32.456642419490294,163.87322545225962,230.48054917495898
-7.725000000000027,32.02365070926068,162.83504023713533,229.2238215466527
-7.715000000000027,31.62625298686247,161.76469541219268,228.09697020070854
-7.705000000000028,31.269662197379606,160.7095196149683,227.1628137571853
-7.695000000000028,30.957813538666148,159.71318572477796,226.47610105484264
-7.685000000000028,30.693203578574497,158.81354529759895,226.080875763035
-7.675000000000028,30.47678216446031,158.0407333277243,226.00832560604073
-7.6650000000000285,30.3079150148063,157.41573409353308,226.27535468984271
-7.655000000000029,30.184431940048086,156.94956533634766,226.88407067033472
-7.645000000000029,30.102769528858357,156.64318221714086,227.82230222999698
-7.635000000000029,30.058208564550743,156.4881312530662,229.06516537066477
-7.625000000000029,30.045196582796258,156.46790701978972,230.57759159446198
-7.6150000000000295,30.05773626879637,156.55989095319237,232.3176306955215
-7.60500000000003,30.089812225530316,156.73769148234092,234.2402583645208
-7.59500000000003,30.135823178183074,156.9736652183604,236.3013641436387
-7.58500000000003,30.190984644349385,157.24138418254907,238.461574474405
-7.57500000000003,30.251668724003622,157.51782483603068,240.68958011897809
-7.565000000000031,30.31565268696006,157.78508853315688,242.9646842432321
-7.555000000000031,30.382255796432545,158.03151499627666,245.27836056248415
-7.545000000000031,30.45235337610895,158.25211392940946,247.6347014886319
-7.535000000000031,30.52826745842927,158.44830775050468,250.0497344783275
-7.525000000000031,30.613543417836446,158.62704365822012,252.54968121514247
-7.515000000000032,30.712630898082235,158.79938978675972,255.16832038944955
-7.505000000000032,30.830494390700796,158.97877329531136,257.9436838889591
-7.495000000000032,30.97218355072975,159.1790446981003,260.9143634363579
-7.485000000000032,31.1423955234581,159.41256101799593,264.1157275156992
-7.4750000000000325,31.345061203151637,159.68847051787728,267.5763463355746
-7.465000000000033,31.582984644708482,160.0113554492181,271.31489706936634
-7.455000000000033,31.85756014988918,160.38034946640778,275.3377759085323
-7.445000000000033,32.16858531162924,160.78879724727105,279.6375821978869
-7.435000000000033,32.51418105321177,161.22447039440493,284.1925687370211
-7.425000000000034,32.89082200210854,161.67030116916254,288.9670773960895
-7.415000000000034,33.29347293920764,162.10554913378613,293.9129066506193
-7.405000000000034,33.71582006760316,162.50727969582368,298.97149305928895
-7.395000000000034,34.15057988560141,162.85201096372748,304.07673660208104
-7.385000000000034,34.58986387067061,163.11737774537028,309.15826326157674
-7.375000000000035,35.02557422645423,163.28366874855757,314.14489878120605
-7.365000000000035,35.449804745520254,163.33511327066276,318.96812513380917
-7.355000000000035,35.8552214160537,163.26082382448485,323.5653045113089
-7.345000000000035,36.23539966108477,163.05533739516048,327.88248224385893
-7.3350000000000355,36.58509885006338,162.71873628908767,331.87661702609626
-7.325000000000036,36.900459677082274,162.25636603697882,335.51713099383
-7.315000000000036,37.179115791824486,161.67819944268794,338.78672042061163
-7.305000000000036,37.420217274148136,160.99792042130738,341.6814171303239
-7.295000000000036,37.62436970389342,160.2318174925187,344.20993838484515
-7.285000000000037,37.793498233385215,159.3975843087388,346.3924063868856
-7.275000000000037,37.930650790124844,158.51312373394762,348.25855512039857
-7.265000000000037,38.039757954439764,157.5954436128116,349.8455696505091
-7.255000000000037,38.12536890313251,156.65971772861315,351.1957191265673
-7.245000000000037,38.192382947200976,155.71856607256962,352.3539480536552
-7.235000000000038,38.24579463601957,154.78158618809135,353.3655803342783
-7.225000000000038,38.29046733670655,153.85514393551375,354.2742678332942
-7.215000000000038,38.3309459756473,152.94240956838658,355.1202819881146
-7.205000000000038,38.37131474012766,152.0436055162981,355.93920695322026
-7.1950000000000385,38.41510056574925,151.1564175140243,356.7610507583815
-7.185000000000039,38.46521878707388,150.2765120498078,357.60975230734044
-7.175000000000039,38.52395395055116,149.39810121987486,358.50303173598274
-7.165000000000039,38.592966876938945,148.51450085053438,359.45251341567075
-7.155000000000039,38.673318789070485,147.618638197177,360.46404642861376
-7.1450000000000395,38.76550459840525,146.70347989245403,361.53815589501954
-7.13500000000004,38.869489915198145,145.7623668003024,362.67057691195583
-7.12500000000004,38.98474944611005,144.78925756260008,363.8528460222019
-7.11500000000004,39.11030749055479,143.77889465082012,365.0729471456922
-7.10500000000004,39.24478357904628,142.72691401654873,366.3160242174017
-7.095000000000041,39.386447397536585,141.6299212284125,367.5651774050908
-7.085000000000041,39.53328675365956,140.48555356487424,368.8023522522006
-7.075000000000041,39.683090525829556,139.2925401313089,370.0093128357204
-7.065000000000041,39.833545672121474,138.05076261805024,371.1686651547602
-7.0550000000000415,39.98234408552779,136.76131006450936,372.26487142749164
-7.045000000000042,40.127292107257496,135.4265140666027,373.2851763018002
-7.035000000000042,40.26641355509961,134.04994783838774,374.2203578434004
-7.025000000000042,40.398036704718564,132.63637413732087,375.0652230581952
-7.015000000000042,40.52085698656552,131.1916330165819,375.8187901087763
-7.0050000000000425,40.633970076530744,129.72246947421684,376.48413450221
-6.995000000000043,40.736874069414306,128.23631143365074,377.06791873432303
-6.985000000000043,40.82944378668526,126.74101790868696,377.5796667722641
-6.975000000000043,40.911884138526304,125.24462360458116,378.0308786044735
-6.965000000000043,40.9846720612671,123.75510806074556,378.4340993596767
-6.955000000000044,41.048497345998896,122.28021409016013,378.80205821865627
-6.945000000000044,41.10421147663145,120.82733207108261,379.14697394609396
-6.935000000000044,41.15279062210601,119.40345492607888,379.4800893926725
-6.925000000000044,41.19531476339375,118.01519545198029,379.81145289809047
-6.9150000000000444,41.23296042640465,116.66884547849628,380.14991828206234
-6.905000000000045,41.267000575941495,115.37044748244334,380.5032956201064
-6.895000000000045,41.2988027467969,114.12584558592587,380.8785596699164
-6.885000000000045,41.32981601952757,112.94068525039503,381.28201645379363
-6.875000000000045,41.36153917055585,111.82033929216067,381.7193423915202
-6.8650000000000455,41.39546597985496,110.76975085696007,382.19544199288185
-6.855000000000046,41.43300860794438,109.79319959262557,382.71411358909467
-6.845000000000046,41.47540522572889,108.89401282889794,383.2775597797199
-6.835000000000046,41.523622668284005,108.07425644006997,383.88582132467224
-6.825000000000046,41.57826786248863,107.33444797651974,384.53624214732673
-6.815000000000047,41.63952250600619,106.67333616358322,385.22308331816447
-6.805000000000047,41.70711371448117,106.08778559298963,385.93739309480344
-6.795000000000047,41.78032931701349,105.572794092028,386.6672097512324
-6.785000000000047,41.85808078550578,105.12165453205967,387.3981288704677
-6.775000000000047,41.939010338206735,104.72625507576456,388.11421429824213
-6.765000000000048,42.02163258937342,104.377494665975,388.79918050018216
-6.755000000000048,42.10449619144047,104.06577636787767,389.4377317543389
-6.745000000000048,42.1863479757949,103.78153189544791,390.0169169275685
-6.735000000000048,42.2662815493148,103.5157273943958,390.52735140372556
-6.7250000000000485,42.343854169364924,103.26030352614751,390.9641708503184
-6.715000000000049,42.41915966147732,103.00851144350173,391.32761269951834
-6.705000000000049,42.492850539798056,102.75511900995326,391.6231657413842
-6.695000000000049,42.56610855064174,102.4964767778819,391.8612796759934
-6.685000000000049,42.64056875353041,102.23044881802095,392.05667777071073
-6.67500000000005,42.71820722832398,101.95622758892375,392.22736016222495
-6.66500000000005,42.80120596678979,101.67406306842066,392.39341724328915
-6.65500000000005,42.89181011407499,101.38494322328448,392.5757881922669
-6.64500000000005,42.99219236123675,101.09026500094919,392.7950974177742
-6.63500000000005,43.10433708742502,100.79153238693573,393.07068215622576
-6.625000000000051,43.22995315432086,100.49011121353169,393.41989047974045
-6.615000000000051,43.37041957614889,100.18706031347494,393.85768515459034
-6.605000000000051,43.52676324439176,99.88304661558024,394.3965410275712
-6.595000000000051,43.69966313932689,99.57833941310419,395.04657841211485
-6.5850000000000515,43.88947164688672,99.27286788251192,395.8158386397332
-6.575000000000052,44.09624125786935,98.96631744348126,396.7105859105248
-6.565000000000052,44.31974443005405,98.65823587673593,397.7355154749744
-6.555000000000052,44.55947589151394,98.34811993358716,398.8937633508753
-6.545000000000052,44.814630043185026,98.03545757347482,400.18664592081143
-6.5350000000000525,45.0840509985124,97.7197094106483,401.61310492780206
-6.525000000000053,45.36615855334063,97.40022429436559,403.16888840252113
-6.515000000000053,45.658859208679225,97.07609657058848,404.8455532263931
-6.505000000000053,45.95945639258808,96.7459845953251,406.62942218777005
-6.495000000000053,46.26457740738923,96.40791961180827,408.5006600158434
-6.485000000000054,46.57013569532931,96.05913957391382,410.4326432504888
-6.475000000000054,46.87134538121527,95.6959828471378,412.39178488191067
-6.465000000000054,47.16280068676399,95.31387162175507,414.33793666726854
-6.455000000000054,47.43862608386925,94.90740480929479,416.22543345131487
-6.4450000000000545,47.69269469742038,94.47056640244057,418.0047712353423
-6.435000000000055,47.9189035067555,93.99703960033695,419.62483293214547
-6.425000000000055,48.11148551402981,93.4806016246169,421.0355026242823
-6.415000000000055,48.26533243592292,92.9155613031271,422.19045047228354
-6.405000000000055,48.376297653714154,92.29719312185017,423.04983451897726
-6.3950000000000555,48.44144882565376,91.62211891354684,423.58265823114317
-6.385000000000056,48.45924298544193,90.88859225314883,423.7685459828278
-6.375000000000056,48.42960388225085,90.09665066275676,423.598751190845
-6.365000000000056,48.35389102993523,89.2481157148955,423.076287985268
-6.355000000000056,48.23476128240943,88.34643914602896,422.21516836598767
-6.345000000000057,48.07593532645342,87.39641174980068,421.03882173048845
-6.335000000000057,47.88189179141389,86.40376854889979,419.57786056833856
-6.325000000000057,47.65751935760959,85.37473619184337,417.8674238547345
-6.315000000000057,47.407761272609605,84.31557489312411,415.94436940899396
-6.3050000000000574,47.13728651591641,83.23216658407338,413.84459302794914
-6.295000000000058,46.85021752400105,82.12969333214352,411.6007248618426
-6.285000000000058,46.54993651582842,81.01243661234321,409.240396268308
-6.275000000000058,46.23898215603294,79.88371065441956,406.78519144280335
-6.265000000000058,45.919037003001755,78.7459244126162,404.25030868498675
-6.2550000000000585,45.590995472508574,77.60074947536704,401.6448687778511
-6.245000000000059,45.255093345719175,76.44935797089158,398.9727346434986
-6.235000000000059,44.91107427139544,75.2926871056112,396.23365684643994
-6.225000000000059,44.558366871173355,74.13168632572544,393.4245394971945
-6.215000000000059,44.19624799807016,72.96750906616336,390.54063192161874
-6.20500000000006,43.82397290936523,71.80162245806537,387.57648971431973
-6.19500000000006,43.44086062825317,70.6358232050852,384.5266071501921
-6.18500000000006,43.04633133084942,69.47216365015466,381.385691404876
-6.17500000000006,42.63990087226304,68.31280633883799,378.1486166681085
-6.16500000000006,42.22114434876443,67.15983601306633,374.81015280012275
-6.155000000000061,41.789644972070214,66.01506350374954,371.3646006987434
-6.145000000000061,41.34494600936492,64.87985587898268,367.80548032502793
-6.135000000000061,40.88652207916629,63.75502180458602,364.12540645665194
-6.125000000000061,40.413782078654116,62.64077153279172,360.316254422655
-6.1150000000000615,39.926110184703525,61.536758948488284,356.3696690435522
-6.105000000000062,39.422944663409496,60.44220060739113,352.2779124676698
-6.095000000000062,38.903887651100256,59.3560555593002,348.0349890552468
-6.085000000000062,38.3688335644176,58.27724147765194,343.6379359967417
-6.075000000000062,37.81810008850973,57.20485819036409,339.0881335763339
-6.065000000000063,37.25254422649772,56.13838947292204,334.39247328305896
-6.055000000000063,36.673646790842824,55.07785765009497,329.56422704205085
-6.045000000000063,36.083551779392124,54.02391236522226,324.62348567604175
-6.035000000000063,35.48505183543143,52.97784366675242,319.597075872362
-6.025000000000063,34.88151678113411,51.94151902198122,314.51791713730955
-6.015000000000064,34.276768287297294,50.91725272849847,309.42383711760374
-6.005000000000064,33.67490936652383,49.90762339809329,304.3559187050815
-5.995000000000064,33.080121932575395,48.91526001640874,299.35649957978615
-5.985000000000064,32.4964487203733,47.942619214233375,294.4669796297057
-5.9750000000000645,31.927577195175772,46.99177589677089,289.7256110516919
-5.965000000000065,31.37664270252705,46.06424666763546,285.16544876455976
-5.955000000000065,30.846066215594686,45.16086117465852,280.8126256437382
-5.945000000000065,30.337438944694785,44.28169130082946,276.68508999981043
-5.935000000000065,29.85146216724308,43.426042690616455,272.7919046155677
-5.9250000000000655,29.387946296212327,42.592507964877484,269.13316100269765
-5.915000000000066,28.945868767612705,41.779076470338794,265.7005129939963
-5.905000000000066,28.523486064188024,40.98329167472053,262.47828395790657
-5.895000000000066,28.11849131507169,40.20244435441872,259.4450552684251
-5.885000000000066,27.72820559280209,39.43378745956288,256.57560346999986
-5.875000000000067,27.349788431862223,38.674756929026636,253.84302293464626
-5.865000000000067,26.980451387461372,37.923181794623055,251.2208525260955
-5.855000000000067,26.61765782118396,37.17746679596898,248.68502118710262
-5.845000000000067,26.259292713306113,36.43673164779441,246.21543996522018
-5.8350000000000675,25.90378828111932,35.700893301031584,243.79709709436622
-5.825000000000068,25.5501945461221,34.97068118189823,241.42055706648176
-5.815000000000068,25.198188604695375,34.247580466597796,239.0818210273627
-5.805000000000068,24.848021896628882,33.53370468894147,236.7815693317542
-5.795000000000068,24.500410730212792,32.83160584385361,234.52387118474235
-5.7850000000000685,24.1563810662429,32.14403686517603,232.31450360635208
-5.775000000000069,23.817083378868453,31.473687014110375,230.15906520197214
-5.765000000000069,23.48359663690147,30.822914429649856,228.06109331947397
-5.755000000000069,23.15674158484744,30.193501172838264,226.02039231100028
-5.745000000000069,22.836922311304303,29.586454198377634,224.03175506890807
-5.73500000000007,22.524011662623057,29.00187091222287,222.0842125115366
-5.72500000000007,22.217290815695378,28.438880889303437,220.1608822670192
-5.71500000000007,21.91544697095207,27.89566689004319,218.23941694179487
-5.70500000000007,21.61662654397739,27.36955972367419,216.2929837779567
-5.6950000000000705,21.31853532891191,26.857193985600084,214.29165057223764
-5.685000000000071,21.018572661171437,26.354706280459038,212.20401493058677
-5.675000000000071,20.71398414616396,25.857954892147536,209.9988996135089
-5.665000000000071,20.402017230196204,25.36274015029828,207.6469464197208
-5.655000000000071,20.080065598697967,24.865007642223787,205.12197149549107
-5.6450000000000715,19.745791619548783,24.361021187954705,202.40198980997582
-5.635000000000072,19.39722013295822,23.84749814256813,199.46986767265722
-5.625000000000072,19.032801093518685,23.321705082574255,196.31361121550927
-5.615000000000072,18.65144224604679,22.78151640271433,192.9263386116565
-5.605000000000072,18.252515708098244,22.22544124493133,189.30600975919342
-5.595000000000073,17.835843833474502,21.652625343436657,185.45499751736148
-5.585000000000073,17.401670088996834,21.06283401406118,181.37958055001525
-5.575000000000073,16.950620135976447,20.45642113336901,177.0894228801084
-5.565000000000073,16.48365722318875,19.83428715961515,172.59708410408507
-5.555000000000073,16.002034737482845,19.197827623979222,167.91758169486963
-5.545000000000074,15.507247619347432,18.54887247929861,163.06800694593716
-5.535000000000074,15.000983512827704,17.88961640696045,158.0671814695797
-5.525000000000074,14.485074033758572,17.22254058111779,152.9353327927737
-5.515000000000074,13.961446358951585,16.550327224237503,147.69376522009983
-5.5050000000000745,13.432075362415782,15.875769233795218,142.36450467644744
-5.495000000000075,12.898936654641645,15.201677924175854,136.96990237388076
-5.485000000000075,12.363961057780731,14.530792335068018,131.53219071086772
-5.475000000000075,11.828991264402768,13.865693586047247,126.07299500055072
-5.465000000000075,11.295741707843325,13.208727520403592,120.61281588925243
-5.455000000000076,10.765763047942958,12.561938566013177,115.17050909907135
-5.445000000000076,10.240413140983822,11.927017521197252,109.76280049817164
-5.435000000000076,9.720836846244689,11.305265932001316,104.40388400353883
-5.425000000000076,9.207957383546857,10.69757980963626,99.10515545563547
-5.415000000000076,8.70248200902134,10.104455452468002,93.8751351423926
-5.405000000000077,8.204924331925445,9.526019810112022,88.7196231574166
-5.395000000000077,7.715644523357601,8.962086883122897,83.64211424295826
-5.385000000000077,7.234906950192054,8.412239914856233,78.64447265240626
-5.375000000000077,6.762952532996579,7.875936607739049,73.72783510124906
-5.3650000000000775,6.300080652165778,7.352631512250349,68.89367499284052
-5.355000000000078,5.846733103569642,6.84190653035378,64.14492896946997
-5.345000000000078,5.403570874550686,6.343597723615062,59.48706303474541
-5.335000000000078,4.971533779583844,5.8579049279154765,54.928945027291874
-5.325000000000078,4.551873549724132,5.385470561793656,50.48339653970307
-5.3150000000000786,4.146152911813183,4.927415768331245,46.16732157270422
-5.305000000000079,3.7562064006060525,4.485325648161761,42.00134966100937
-5.295000000000079,3.38406277972468,4.061180497136275,38.00898361387515
-5.285000000000079,3.031833492093049,3.6572360420802443,34.215299972615085
-5.275000000000079,2.7015759064692157,3.2758618610647474,30.645306194543704
-5.26500000000008,2.3951436607019607,2.91935260307181,27.322104763376704
-5.25500000000008,2.114038605264429,2.589730485234173,24.26504433847832
-5.24500000000008,1.8592793787143234,2.288559251783531,21.488047227033288
-5.23500000000008,1.6313003848425536,2.0167890397377484,18.998289203293204
-5.2250000000000805,1.4298920200146714,1.7746484739775241,16.795373339554722
-5.215000000000081,1.2541887747020828,1.5615952080739584,14.87108821317576
-5.205000000000081,1.10270683391886,1.3763297093807958,13.209778996967254
-5.195000000000081,0.9734276513919919,1.2168701982932861,11.789295231434474
-5.185000000000081,0.863919303779929,1.0806801754027557,10.582419472612814
-5.1750000000000815,0.7714837979957214,0.9648347052225603,9.55863363921579
-5.165000000000082,0.6933163106041123,0.866208176858229,8.6860501191857
-5.155000000000082,0.6266617889477183,0.7816649680465161,7.933325486971707
-5.145000000000082,0.5689554272673666,0.7082353366131495,7.27138624364899
-5.135000000000082,0.5179360298336564,0.6432617018458587,6.674825880238719
-5.125000000000083,0.47172480258335514,0.5845047714577957,6.122876124390451
-5.115000000000083,0.4288661843192647,0.5302040789724943,5.599906327530844
-5.105000000000083,0.3883314133921705,0.479092728803457,5.095456882672185
-5.095000000000083,0.34948913978559976,0.4303708546155435,4.60385901272584
-5.0850000000000835,0.31205015098986477,0.3836459635686432,4.123529137595883
-5.075000000000084,0.27599494381081424,0.33885063684375316,3.656048049134521
-5.065000000000084,0.24149336932598658,0.2961488729314993,3.2051421579289947
-5.055000000000084,0.2088249896954099,0.2558417894408245,2.7756770714822814
-5.045000000000084,0.17830732872321733,0.21828170622443804,2.372755399450809
-5.0350000000000845,0.15023717304203293,0.18380119292095826,2.000984792929898
-5.025000000000085,0.12484781956307545,0.15266089593597237,1.6639531111510115
-5.015000000000085,0.10228298013948431,0.12501725913133624,1.3639193583568237
-5.005000000000085,0.08258619831736538,0.10090893941398717,1.1017049678682418
-4.995000000000085,0.0657032709289133,0.08025900485201687,0.8767523290446905
-4.985000000000086,0.051494368949707985,0.06288898109322151,0.6873071064441376
-4.975000000000086,0.03975229922324849,0.04854046343404765,0.5306776784091285
-4.965000000000086,0.030223554565984214,0.036900232563534544,0.4035278053379646
-4.955000000000086,0.022629335500305825,0.02762544432212927,0.30216574365048626
-4.945000000000086,0.01668444890531346,0.020366331415313608,0.22280256725712488
-4.935000000000087,0.012112762948488818,0.0147847923428094,0.16176267756017895
-4.925000000000087,0.008658615753688799,0.010568116267870431,0.11563895204190977
-4.915000000000087,0.0060941645603987335,0.007437811729609653,0.08139273980125757
-4.905000000000087,0.004223086321649508,0.005154026424625239,0.05640448124989407
-4.8950000000000875,0.002881295312094842,0.0035163584009555607,0.038484051132090295
-4.885000000000088,0.0019354474965932026,0.0023619886613697283,0.02585125396797952
-4.875000000000088,0.0012799883039676491,0.0015620514902644957,0.017096679799928752
-4.865000000000088,0.0008334083594912313,0.0010170483775795518,0.011131864606240898
-4.855000000000088,0.0005342371012231229,0.0006519486527024458,0.007135878011166304
-4.845000000000089,0.0003371571125371172,0.0004114415881677502,0.004503480156235089
-4.835000000000089,0.0002094840406797122,0.0002556371996753597,0.002798136169842816
-4.825000000000089,0.0001281411249413151,0.0001563721716014396,0.0017116224073971025
-4.815000000000089,7.71692066909381e-05,9.41701481508425e-05,0.001030776833364046
-4.805000000000089,4.575268932285889e-05,5.583216754664136e-05,0.0006111364064844584
-4.79500000000009,2.670580431217913e-05,3.258910646407461e-05,0.00035672036313277037
-4.78500000000009,1.5346545835816577e-05,1.8727361138347046e-05,0.00020499035624309562
-4.77500000000009,8.682227689252971e-06,1.0594889885242172e-05,0.00011597233120569226
-4.76500000000009,4.835784592218952e-06,5.901082628887715e-06,6.459374948331979e-05
-4.7550000000000905,2.651659350908811e-06,3.235802921639268e-06,3.5419427411819215e-05
-4.745000000000091,1.4314735778678434e-06,1.7468167136161086e-06,1.9120856462444588e-05
-4.735000000000091,7.60787935369472e-07,9.283833844014707e-07,1.0162200927120767e-05
-4.725000000000091,3.980690928889667e-07,4.857602751072568e-07,5.317196874115832e-06
-4.715000000000091,2.0505377725631568e-07,2.5022525935338256e-07,2.739000739702681e-06
-4.7050000000000916,1.0398997909356294e-07,1.2689798817655122e-07,1.389043798972254e-06
-4.695000000000092,5.1919386961379484e-08,6.335672217949733e-08,6.935121308908816e-07
-4.685000000000092,2.5520073795137733e-08,3.114189172573884e-08,3.4088388959784813e-07
-4.675000000000092,1.2349477047109253e-08,1.5069941572417262e-08,1.6495791276788604e-07
-4.665000000000092,5.883414598301209e-09,7.179470328343063e-09,7.858760730705248e-08
-4.655000000000093,2.759462932698345e-09,3.3673439314886526e-09,3.685947951965687e-08
-4.645000000000093,1.2741890945308603e-09,1.5548795946846836e-09,1.701995995778939e-08
-4.635000000000093,5.792384707812494e-10,7.068385935206279e-10,7.737168614763822e-09
-4.625000000000093,2.5923587265861027e-10,3.1634278561723164e-10,3.46273910570486e-09
-4.6150000000000935,1.1422126772671627e-10,1.3938299647710967e-10,1.5257088210054964e-09
-4.605000000000094,4.954650503569446e-11,6.046107069468286e-11,6.618166858068778e-10
-4.595000000000094,2.1158907546750562e-11,2.581998822472446e-11,2.826297881808037e-10
-4.585000000000094,8.8958534448756e-12,1.0855514475663027e-11,1.188262291473305e-10
-4.575000000000094,3.682104907159381e-12,4.493233034179335e-12,4.91836614811781e-11
-4.5650000000000945,1.5004407609884085e-12,1.8309717102295245e-12,2.0042115234333206e-11
-4.555000000000095,6.019434666763678e-13,7.345451268270334e-13,8.040450971282114e-12
-4.545000000000095,2.3774243727082184e-13,2.9011453268695934e-13,3.175641107091795e-12
-4.535000000000095,9.244253985748248e-14,1.1280663399209484e-13,1.2347998688762683e-12
-4.525000000000095,3.5387605720740213e-14,4.318311326600196e-14,4.726894247937647e-13
-4.515000000000096,1.3336585140316505e-14,1.627449082839537e-14,1.7814324083931764e-13
-4.505000000000096,4.948257079029152e-15,6.038304662380217e-15,6.609627160037148e-14
-4.495000000000096,1.807482153139454e-15,2.205650942338881e-15,2.414341646256652e-14
-4.485000000000096,6.499948729466283e-16,7.931817191843809e-16,8.682297028936917e-15
-4.4750000000000965,2.301229824505803e-16,2.808165882509625e-16,3.0738643813615233e-15
-4.465000000000097,8.020920400388891e-17,9.787842461959903e-17,1.0713932730032598e-15
-4.455000000000097,2.7523430827720363e-17,3.358654509491891e-17,3.676438261158954e-16
-4.445000000000097,9.298118554548276e-18,1.1346393546633217e-17,1.2419948310457474e-16
-4.435000000000097,3.092443256517058e-18,3.773675070388789e-18,4.1307265746743744e-17
-4.4250000000000975,1.0125641537717426e-18,1.2356210884814923e-18,1.3525310934921873e-17
-4.415000000000098,3.264055291223215e-19,3.9830913779322746e-19,4.35995710142091e-18
-4.405000000000098,1.0358732399155148e-19,1.264064913535482e-19,1.3836661717061325e-18
-4.395000000000098,3.236457213070239e-20,3.949413739754977e-20,4.3230930095818075e-19
-4.385000000000098,9.955137771104902e-21,1.214814697046936e-20,1.329756078246621e-19
-4.375000000000099,3.0146633996848203e-21,3.6787611465799545e-21,4.026832246813822e-20
-4.365000000000099,8.987616455530565e-22,1.0967491169025916e-21,1.2005195595121669e-20
-4.355000000000099,2.6379367724459624e-22,3.2190457166353885e-22,3.52362020325815e-21
-4.345000000000099,7.622516653643161e-23,9.301674641575437e-23,1.0181765522854483e-21
-4.335000000000099,2.1684356098135733e-23,2.6461185247843668e-23,2.8964847089495353e-22
-4.3250000000001,6.073077566845084e-24,7.410910879122755e-24,8.112104518719307e-23
-4.3150000000001,1.6745004719831206e-24,2.043374817452489e-24,2.2367115677405372e-23
-4.3050000000001,4.545439370013887e-25,5.5467505074592065e-25,6.07156402138039e-24
-4.2950000000001,1.2147323931438961e-25,1.482324802837522e-25,1.6225770257836812e-24
-4.2850000000001005,3.195946534701063e-26,3.899978994217208e-26,4.268980931224376e-25
-4.275000000000101,8.278135798491015e-27,1.0101719592131773e-26,1.1057507841984758e-25
-4.265000000000101,2.1109586988707302e-27,2.57598007153289e-27,2.8197100090114667e-26
-4.255000000000101,5.29957539380987e-28,6.467014541420497e-28,7.07890011750449e-27
-4.245000000000101,1.3098349134577761e-28,1.5983773798244663e-28,1.7496100788830826e-27
-4.235000000000102,3.1871771148452604e-29,3.889277765844572e-29,4.2572671914882095e-28
-4.225000000000102,7.635016555947891e-30,9.316928135081556e-30,1.0198462250107525e-28
-4.215000000000102,1.8006442421159066e-30,2.1973066957559134e-30,2.4052079251627584e-29
-4.205000000000102,4.18080583817555e-31,5.10179215138113e-31,5.584505312243055e-30
-4.195000000000102,9.556662079849905e-32,1.1661891386365851e-31,1.2765297461305542e-30
-4.185000000000103,2.1506345052770983e-32,2.6243960289394745e-32,2.872706909697213e-31
-4.175000000000103,4.764761180806466e-33,5.8143865408350456e-33,6.364522811095974e-32
-4.165000000000103,1.0392734076209459e-33,1.2682141001850848e-33,1.388207941337303e-32
-4.155000000000103,2.231683696712449e-34,2.723299480740414e-34,2.9809682491730298e-33
-4.1450000000001035,4.717909602281349e-35,5.757214066198435e-35,6.301940883153258e-34
-4.135000000000104,9.819304748909028e-36,1.1982391393709801e-35,1.3116122015923315e-34
-4.125000000000104,2.0119909332961618e-36,2.455210769515125e-36,2.6875139108396617e-35
-4.115000000000104,4.058688179694983e-37,4.952772830170417e-37,5.42138392118615e-36
-4.105000000000104,8.060582889498489e-38,9.836215309591858e-38,1.0766743553171329e-36
-4.095000000000105,1.5767535718839953e-38,1.9239424343875196e-38,2.1051867845708506e-37
-4.085000000000105,3.077760045888521e-39,3.7471758973622045e-39,4.0572612357571475e-38
-4.075000000000105,8.192451138461033e-40,9.522994288989194e-40,7.967448733267538e-39
-4.065000000000105,1.4366455758129745e-39,1.4951850741276888e-39,3.003172033309611e-39
-4.055000000000105,7.139275478603714e-39,7.330594679893742e-39,8.674415708891226e-39
-4.045000000000106,3.7541296891431617e-38,3.852792630670112e-38,4.4395828994997685e-38
-4.035000000000106,1.9484870032429072e-37,1.999660891394073e-37,2.302080449938175e-37
-4.025000000000106,9.957225315806105e-37,1.0218729807743717e-36,1.1763789679396434e-36
-4.015000000000106,5.009502788976784e-36,5.141066191126736e-36,5.918382870218089e-36
-4.0050000000001065,2.481219037944291e-35,2.54638271245411e-35,2.9313894632986996e-35
-3.9950000000001067,1.2099007253133022e-34,1.241676064682472e-34,1.4294144043517917e-34
-3.985000000000107,5.808293025203032e-34,5.960834864516707e-34,6.8620983034847016e-34
-3.975000000000107,2.745120720889714e-33,2.8172151834258313e-33,3.2431711278914936e-33
-3.9650000000001073,1.277287101392052e-32,1.3108321933725304e-32,1.509026768020021e-32
-3.9550000000001075,5.850995360656334e-32,6.00465868140719e-32,6.912548172752589e-32
-3.9450000000001078,2.6386703055061533e-31,2.70796908571734e-31,3.117407291333098e-31
-3.935000000000108,1.1715333453256078e-30,1.2023010511808615e-30,1.3840859864711712e-30
-3.925000000000108,5.120806056545697e-30,5.255292586630979e-30,6.049879784136885e-30
-3.9150000000001084,2.2036171819997452e-29,2.261490263928003e-29,2.603421979705099e-29
-3.9050000000001086,9.335726516115215e-29,9.580908515036497e-29,1.102951810652192e-28
-3.895000000000109,3.89380537652696e-28,3.9960674751443593e-28,4.600262960772089e-28
-3.885000000000109,1.5988749883403402e-27,1.640865867680726e-27,1.8889607149273607e-27
-3.8750000000001092,6.463517452837984e-27,6.633267297865596e-27,7.63620085236756e-27
-3.8650000000001095,2.5723940217912145e-26,2.6399522035027486e-26,3.039106425476419e-26
-3.8550000000001097,1.0079064075358637e-25,1.0343768174562183e-25,1.1907720254072851e-25
-3.84500000000011,3.8879177560138613e-25,3.9900252294639603e-25,4.593307142836469e-25
-3.83500000000011,1.4764817437195779e-24,1.5152582379574695e-24,1.744361523436628e-24
-3.8250000000001103,5.520180036672494e-24,5.665155232149767e-24,6.521712645412404e-24
-3.8150000000001105,2.0318542498805374e-23,2.0852163621943914e-23,2.4004959018730062e-23
-3.8050000000001107,7.362850967479547e-23,7.556219798135668e-23,8.698701481907385e-23
-3.795000000000111,2.626719009061768e-22,2.695703915265487e-22,3.103287658419586e-22
-3.785000000000111,9.225615977546382e-22,9.467906169570836e-22,1.0899430090537293e-21
-3.7750000000001114,3.1900043663617993e-21,3.273782704057067e-21,3.7687705263040606e-21
-3.7650000000001116,1.0859287493713499e-20,1.1144482418477506e-20,1.282950051093339e-20
-3.755000000000112,3.6393643229344675e-20,3.734944096060125e-20,4.299658377671254e-20
-3.745000000000112,1.2007812132725875e-19,1.2323170491628464e-19,1.4186403300906538e-19
-3.7350000000001122,3.900464995810156e-19,4.0029019949659083e-19,4.608130847944233e-19
-3.7250000000001124,1.2473347850370355e-18,1.2800932465597349e-18,1.4736401707402629e-18
-3.7150000000001127,3.927026501449043e-18,4.0301610795074634e-18,4.639511441285714e-18
-3.705000000000113,1.2171911316164952e-17,1.2491579375395378e-17,1.4380275208112306e-17
-3.695000000000113,3.7142221536562153e-17,3.8117679013639486e-17,4.3880977603109495e-17
-3.6850000000001133,1.115812242205527e-16,1.1451165582379853e-16,1.318255344455791e-16
-3.6750000000001135,3.300110770127383e-16,3.3867808080303833e-16,3.89885367757815e-16
-3.6650000000001137,9.60904135909274e-16,9.861401367843454e-16,1.1352420840812795e-15
-3.655000000000114,2.7545189078514326e-15,2.8268601949684727e-15,3.2542744621403764e-15
-3.645000000000114,7.773661101316246e-15,7.977818949825994e-15,9.18404545065112e-15
-3.6350000000001144,2.1598301502776084e-14,2.2165532663244864e-14,2.5516906450319007e-14
-3.6250000000001146,5.90782669285385e-14,6.062982570716098e-14,6.979690576329907e-14
-3.615000000000115,1.590926242952699e-13,1.63270836931997e-13,1.8795698522010754e-13
-3.605000000000115,4.217804999779375e-13,4.328576234760765e-13,4.983046316135128e-13
-3.595000000000115,1.1008727006634393e-12,1.1297846658633736e-12,1.3006053350790748e-12
-3.5850000000001154,2.828797515111022e-12,2.9030895722916928e-12,3.3420296119949107e-12
-3.5750000000001156,7.1561721168790515e-12,7.344113022512231e-12,8.454525004054442e-12
-3.565000000000116,1.7822714529791662e-11,1.8290788410927604e-11,2.105631121511655e-11
-3.555000000000116,4.369996454267477e-11,4.484764679367115e-11,5.162850271300972e-11
-3.5450000000001163,1.0548785979357034e-10,1.0825826370408192e-10,1.2462665360894872e-10
-3.5350000000001165,2.506905967887092e-10,2.5727442804901276e-10,2.9617371005024285e-10
-3.5250000000001167,5.865266880561534e-10,6.019305093559056e-10,6.929409872091283e-10
-3.515000000000117,1.350988612393858e-09,1.386469333641308e-09,1.5961002819939155e-09
-3.505000000000117,3.0635839224483193e-09,3.1440421766118136e-09,3.619414189980799e-09
-3.4950000000001173,6.839463980743208e-09,7.019087408316199e-09,8.080357783755872e-09
-3.4850000000001176,1.5032407980761175e-08,1.542720110319799e-08,1.7759760499341977e-08
-3.4750000000001178,3.2527392996513546e-08,3.338165368328294e-08,3.8428890032354836e-08
-3.465000000000118,6.929217471247919e-08,7.111198254172832e-08,8.18639727739153e-08
-3.455000000000118,1.4532267359323672e-07,1.4913925854277e-07,1.716888357317118e-07
-3.4450000000001184,3.0005222054384714e-07,3.0793244648043916e-07,3.5449130359625985e-07
-3.4350000000001186,6.099224531726114e-07,6.25940766438893e-07,7.205820537223415e-07
-3.425000000000119,1.2205814013864145e-06,1.2526374014186076e-06,1.4420345574021342e-06
-3.415000000000119,2.4047685037085533e-06,2.4679247603909207e-06,2.841072519770845e-06
-3.4050000000001193,4.664383654363491e-06,4.786884200420776e-06,5.510658066887977e-06
-3.3950000000001195,8.906966003131535e-06,9.14088978142712e-06,1.052299072185386e-05
-3.3850000000001197,1.6744799888160168e-05,1.7184569842181285e-05,1.9782883609918478e-05
-3.37500000000012,3.099166343980621e-05,3.180560223303675e-05,3.661464452845303e-05
-3.36500000000012,5.6470901586449744e-05,5.7954010907752696e-05,6.671677302253412e-05
-3.3550000000001203,0.00010130238108789898,0.00010396292278409294,0.00011968243935649987
-3.3450000000001205,0.000178908064782496,0.00018360681972230103,0.0002113689944080618
-3.3350000000001208,0.00031106833795646556,0.00031923814417750035,0.0003675089338567713
-3.325000000000121,0.0005324731238144715,0.0005464579627066744,0.0006290869752890222
-3.315000000000121,0.0008973379290862851,0.0009209058122354567,0.0010601569418005655
-3.3050000000001214,0.0014887829252533044,0.0015278851877628822,0.0017589234192898681
-3.2950000000001216,0.002431781037925202,0.00249565184518005,0.0028730407537215503
-3.285000000000122,0.003910535034961722,0.0040132475553220975,0.004620146049401749
-3.275000000000122,0.006191097340699965,0.006353714510000415,0.007314588633334474
-3.2650000000001222,0.009649842197798249,0.009903316184229608,0.01140107806425878
-3.2550000000001225,0.014807974422241944,0.015196954021805712,0.017495471404104117
-3.2450000000001227,0.02237155313159061,0.022959245078305306,0.026432088379958467
-3.235000000000123,0.03327548283652987,0.03414967307551176,0.03931573369561878
-3.225000000000123,0.04872857814771256,0.05000884420079417,0.057575019417036126
-3.2150000000001233,0.070255204028318,0.07210123305050392,0.08301169065279482
-3.2050000000001235,0.09972727543602831,0.10234804161290587,0.11783863569460994
-3.1950000000001237,0.1393788076644601,0.14304216074164028,0.16469739042777604
-3.185000000000124,0.19179407313059793,0.19683605930870826,0.22664461781605927
-3.175000000000124,0.2598601403299875,0.2666931401441358,0.3070967271862714
-3.1650000000001244,0.34667556033421815,0.35579411888037077,0.40972298320365363
-3.1550000000001246,0.45540957733468396,0.4673926627684711,0.5382805545792322
-3.145000000000125,0.5891106647419151,0.6046190685656172,0.6963901919141189
-3.135000000000125,0.750469359083178,0.7702370913382905,0.8872585177221762
-3.1250000000001252,0.9415478685988498,0.9663667363110007,1.1133617673223246
-3.1150000000001254,1.1634969775175303,1.1941940777171223,1.3761152916193964
-3.1050000000001257,1.4162882027995385,1.4536967935192844,1.6755618590633077
-3.095000000000126,1.6984946008495942,1.7434196791301915,2.0101181302290527
-3.085000000000126,2.007155640474305,2.06033646241535,2.3764209361814634
-3.0750000000001263,2.3377589527138984,2.3998315526151526,2.7693117529820133
-3.0650000000001265,2.684363848494471,2.755827210784779,3.1819882244630406
-3.0550000000001267,3.0398783395397304,3.121068111198186,3.6063358548435382
-3.045000000000127,3.39648401001965,3.4875574045393254,4.033432285282329
-3.035000000000127,3.7461833981988666,3.8471181812099533,4.4541932026758095
-3.0250000000001274,4.081425237549746,4.192034419714032,4.86010610961336
-3.0150000000001276,4.395747036084305,4.515709235527424,5.243979565532344
-3.005000000000128,4.684364983165503,4.813268541984894,5.600624594961411
-2.995000000000128,4.944640335941353,5.0820374276750355,5.927384442076358
-2.985000000000128,5.17636035683227,5.321825775095769,6.224440018818715
-2.9750000000001284,5.381790156112922,5.534978483556744,6.494840733296792
-2.9650000000001286,5.5654774718124855,5.726172086882581,6.744241490674
-2.955000000000129,5.733822165373864,5.901970146763938,6.980362492779272
-2.945000000000129,5.894451826198611,6.070180233158395,7.212223944935888
-2.9350000000001293,6.055469971034832,6.239081056942862,7.449237609169071
-2.9250000000001295,6.224660063777364,6.416605457324651,7.7002567096912085
-2.9150000000001297,6.408734368382117,6.609570797915026,7.972691889978837
-2.90500000000013,6.612710578029486,6.823041968372334,8.271792695962121
-2.89500000000013,6.839482188392897,7.059894612265178,8.6001726309172
-2.8850000000001303,7.089623334458081,7.320620127696417,8.957624455871015
-2.8750000000001306,7.361439132575219,7.603383383538015,9.341235828841334
-2.8650000000001308,7.651242846010262,7.904313483268114,9.745778972795978
-2.855000000000131,7.953815607326732,8.217981603680236,10.164316966470242
-2.845000000000131,8.262986301286558,8.538001352040913,10.588947518859877
-2.8350000000001314,8.572260508810663,8.857678245412366,11.011595106452399
-2.8250000000001316,8.875428545535593,9.170636228017838,11.42476457808674
-2.815000000000132,9.167092509153804,9.47135946671485,11.822182365914296
-2.805000000000132,9.443068597465055,9.75560463032576,12.19927240511091
-2.7950000000001323,9.700640772744407,10.020659353771757,12.553438990851836
-2.7850000000001325,9.938661945228702,10.265443318643335,12.88415410035268
-2.7750000000001327,10.157516375820471,10.490466401175835,13.192868611724517
-2.765000000000133,10.358969833698778,10.697671464151705,13.48278271724487
-2.755000000000133,10.545941043288,10.890196436183235,13.758519250198322
-2.7450000000001333,10.72222901782498,11.072091252850129,14.025744541701675
-2.7350000000001335,10.892226853934485,11.248020936577905,14.290775922446837
-2.7250000000001338,11.06064502195809,11.422978214583411,14.560205121550034
-2.715000000000134,11.232258096436539,11.602019669855164,14.840555128678826
-2.705000000000134,11.411680233641047,11.790030570045797,15.137977150159282
-2.6950000000001344,11.603168212705729,11.991516970908688,15.45798626420791
-2.6850000000001346,11.810447615179534,12.21042056439077,15.805230639128082
-2.675000000000135,12.036558054794295,12.449952346039844,16.183290076925072
-2.665000000000135,12.283716800459938,12.712444970344963,16.594504465326782
-2.6550000000001353,12.553205465973981,12.999229367229367,17.039839813715417
-2.6450000000001355,12.845290004637096,13.310547048142046,17.518806656468655
-2.6350000000001357,13.159188251429914,13.645513653999673,18.02945032875488
-2.625000000000136,13.493100157693187,14.002150085921777,18.568432925115125
-2.615000000000136,13.844312724260558,14.377494052896328,19.131221456650756
-2.6050000000001363,14.209384367462778,14.767797003901254,19.712385820484787
-2.5950000000001365,14.584402886682264,15.168800097914973,20.305994957527798
-2.5850000000001367,14.965299001065404,15.576069873146729,20.906082394065976
-2.575000000000137,15.34818577845969,15.985361927582888,21.507136345457383
-2.565000000000137,15.729685502778123,16.3929716525103,22.104557944218016
-2.5550000000001374,16.107201590401214,16.79602694040076,22.6950266688266
-2.5450000000001376,16.479095303755265,17.192680102561592,23.276716347492254
-2.535000000000138,16.8447354458878,17.582165201733467,23.849318402686997
-2.525000000000138,17.204403102654698,17.96470171955075,24.413849961442523
-2.5150000000001382,17.559051041707278,18.34124404492752,24.972250426585255
-2.5050000000001384,17.909936171927058,18.713096144066,25.5267975539496
-2.4950000000001387,18.258160905751772,19.081429206383945,26.079399211505887
-2.485000000000139,18.604172978341854,19.446754554507688,26.63083637211013
-2.475000000000139,18.9472814882449,19.808412792588292,27.18004396481374
-2.4650000000001393,19.28524868254825,20.164142042925402,27.723517649652916
-2.4550000000001395,19.614012242766723,20.509783108621228,28.254926359855332
-2.4450000000001397,19.92758224366414,20.83916824406519,28.76499370689549
-2.43500000000014,20.21814183480018,21.144224262360897,29.2416880538925
-2.42500000000014,20.476362626660844,21.415301638898057,29.67073368460448
-2.4150000000001404,20.69192641473866,21.641720841327878,30.036426578942955
-2.4050000000001406,20.854225805001246,21.812506977420224,30.322710217667403
-2.395000000000141,20.953198874584402,21.917265446530514,30.51444160662134
-2.385000000000141,20.980238366116282,21.947135831646765,30.598756994832698
-2.375000000000141,20.92910506038328,21.895749824586986,30.56643191232213
-2.3650000000001414,20.796768773309395,21.760112461182157,30.413122302888162
-2.3550000000001416,20.584099658424766,21.54132517806702,30.140373638627533
-2.345000000000142,20.2963378077578,21.245074863087076,29.756293746670508
-2.335000000000142,19.943280924612765,20.88182556593932,29.275803098488502
-2.3250000000001423,19.539148062068577,20.466668827284362,28.720403402676375
-2.3150000000001425,19.102101442272915,20.0188139913433,28.11744058342363
-2.3050000000001427,18.653436792386287,19.560729901885995,27.49887965435149
-2.295000000000143,18.216483233562133,19.11698169294723,26.899653494229042
-2.285000000000143,17.815283591122018,18.71283785214223,26.355690922452734
-2.2750000000001434,17.473151640805526,18.372749740768203,25.90176686719711
-2.2650000000001436,17.211220805122085,18.11882463825627,25.569343795852525
-2.255000000000144,17.047106187526783,17.969420991825924,25.384584544291375
-2.245000000000144,16.993796639574462,17.93798885022216,25.366709292263206
-2.235000000000144,17.058875357729267,18.03225899298269,25.526842891562406
-2.2250000000001444,17.244137629784518,18.253852461251068,25.867454848485465
-2.2150000000001446,17.545635875888145,18.59834134128226,26.382437385903906
-2.205000000000145,17.954139558983325,19.055746545483224,27.057803720120177
-2.195000000000145,18.45595618721083,19.611414631358347,27.872926829415285
-2.1850000000001453,19.03402481819062,20.247179048994564,28.802186524826155
-2.1750000000001455,19.669169684917456,20.942686360812345,29.816856367022563
-2.1650000000001457,20.341391707483375,21.67675799626286,30.887046445282387
-2.155000000000146,21.031080604428947,22.428663866127668,31.983524770313675
-2.145000000000146,21.72004878477332,23.17920423741075,33.07926731818276
-2.1350000000001463,22.392317002062377,23.911527210452086,34.15062998566195
-2.1250000000001465,23.0346163848679,24.611646101938295,35.17808819924599
-2.1150000000001468,23.636606889879403,25.268658627833418,36.14654406700469
-2.105000000000147,24.19084371084027,25.874702943136455,37.045249505140234
-2.095000000000147,24.692546978104925,26.424710375347196,37.867430858139926
-2.0850000000001474,25.13924393578735,26.916028736376852,38.609722486252856
-2.0750000000001476,25.530356074627928,27.34799285017031,39.27152243178743
-2.065000000000148,25.86679734709342,27.721511470926202,39.854373773594055
-2.055000000000148,26.150635688943126,28.038724417779324,40.36145368432247
-2.0450000000001483,26.38485139560954,28.302763554130348,40.79722272458319
-2.0350000000001485,26.573205405181323,28.517629384008057,41.16725414433428
-2.0250000000001487,26.720210919036326,28.688174397471506,41.47823123994975
-2.015000000000149,26.831185193385394,28.820167115481404,41.73807370149122
-2.005000000000149,26.912346224217337,28.920398539985875,41.95613393066817
-1.9950000000001493,26.970912211408436,28.99678614085485,42.14339300657284
-1.9850000000001495,27.01516033421206,29.058429721384165,42.31258385233954
-1.9750000000001497,27.0544052664955,29.115578155343286,42.47817594608791
-1.96500000000015,27.09886645065631,29.179475426003016,42.656170729372576
-1.9550000000001502,27.15940563179139,29.26206774371588,42.86367828869586
-1.9450000000001504,27.247131501365406,29.37556969884346,43.11827205782834
-1.9350000000001506,27.372885248408128,29.531905130268168,43.43714691411364
-1.9250000000001508,27.546637853522558,29.742056124032956,43.83613442289922
-1.915000000000151,27.77684535400014,30.015369542315096,44.328654120615866
-1.9050000000001512,28.069820205753093,30.358882824895968,44.92469852279359
-1.8950000000001515,28.429183486347437,30.776737658278343,45.629959133205816
-1.8850000000001517,28.855462565912255,31.26974994235093,46.445198899044186
-1.8750000000001519,29.345891175088383,31.8351963912998,47.36596218250292
-1.865000000000152,29.89445354524543,32.466862068911865,48.382686743414396
-1.8550000000001523,30.49219253119968,33.155370229290064,49.481245451444394
-1.8450000000001525,31.127775413484365,33.8887881361785,50.64390206620945
-1.8350000000001527,31.788283307229708,34.653473075038185,51.85062027617337
-1.825000000000153,32.46016413608379,35.435095068903266,53.08062373254424
-1.8150000000001532,33.13026830790377,36.219750388050315,54.31407235442124
-1.8050000000001534,33.786873377006046,36.99506580450709,55.53370105601582
-1.7950000000001536,34.420600954647526,37.751189695095896,56.72626396756158
-1.7850000000001538,35.025136546275874,38.481573260992725,57.88364087647524
-1.775000000000154,35.5976801405499,39.18346265854519,59.00349161737333
-1.7650000000001542,36.13908036186323,39.85804885231099,60.089385313157884
-1.7550000000001544,36.65363507312928,40.51025373273924,61.15038029148846
-1.7450000000001546,37.14857327669737,41.14816522883236,62.20008216070556
-1.7350000000001549,37.63326377464467,41.78216746300404,63.255256959119095
-1.725000000000155,38.11822239783976,42.42384138199894,64.33411905282553
-1.7150000000001553,38.61400932817059,43.08473418103658,65.45444592542768
-1.7050000000001555,39.130119417304,43.775110234997754,66.63169147136583
-1.6950000000001557,39.67397044050716,44.50280079961242,67.8772740814241
-1.685000000000156,40.25008659737637,45.272263729516126,69.19720481015503
-1.6750000000001561,40.859557658955936,46.08394786216301,70.59119433184425
-1.6650000000001564,41.49982906733309,46.9340303325008,72.05233646139915
-1.6550000000001566,42.16484690096015,47.81456065570491,73.56741334765111
-1.6450000000001568,42.8455466000455,48.71400572444531,75.11780718853967
-1.635000000000157,43.530639083870305,49.61814869039211,76.68094113369932
-1.6250000000001572,44.20761624239024,50.51125656498624,78.23211475962948
-1.6150000000001574,44.86387366988316,51.37740107843844,79.74655440039164
-1.6050000000001576,45.48783536358447,52.201799260093345,81.20147236633245
-1.5950000000001578,46.06996527118984,52.97203753441987,82.57792654811722
-1.585000000000158,46.60356472862641,53.67905713800837,83.86229501032204
-1.5750000000001583,47.085281686888955,54.3178082325304,85.04722715433395
-1.5650000000001585,47.51529387716691,54.88752160837913,86.13199823909228
-1.5550000000001587,47.89716874644041,55.39159462706883,87.12226856901478
-1.545000000000159,48.23744221165939,55.837135043854765,88.02932157377622
-1.5350000000001591,48.54499015732711,56.23424547415175,88.86891521201167
-1.5250000000001593,48.83028633574609,56.59515656276893,89.65991934196865
-1.5150000000001596,49.104645093781336,56.93332471252836,90.42292221937194
-1.5050000000001598,49.37953686449916,57.2625998770359,91.17897116396489
-1.49500000000016,49.666040991721545,57.596542956056005,91.94856976262021
-1.4850000000001602,49.97446879314465,57.94793601087277,92.75099513049561
-1.4750000000001604,50.31415576842227,58.3284888148644,93.60393482099897
-1.4650000000001606,50.69339169875687,58.74870950102836,94.52338560937753
-1.4550000000001608,51.11943627933748,59.21788152879705,95.52371553394605
-1.445000000000161,51.59855915547705,59.74407788636219,96.61777266028196
-1.4350000000001613,52.136047579524316,60.33414744964352,97.81693076490347
-1.4250000000001615,52.73614061237976,60.993625800426635,99.13099045739023
-1.4150000000001617,53.401872042985076,61.72654916643586,100.56789719477237
-1.405000000000162,54.134829984893,62.53517965154657,102.13328591467463
-1.395000000000162,54.93486430003047,63.41967656626649,103.82990604994608
-1.3850000000001623,55.79978935901387,64.37776747325289,105.65701252962278
-1.3750000000001625,56.72513658869357,65.40448049241931,107.60982310516829
-1.3650000000001627,57.70400819828086,66.49199578442523,109.67913876364528
-1.355000000000163,58.72707174229142,67.62966051529806,111.85120443457768
-1.3450000000001632,59.782717529777756,68.80419124117421,114.10785664105123
-1.3350000000001634,60.85738079574271,70.00006460607884,116.42696946485357
-1.3250000000001636,61.93601142204726,71.2000754868733,118.78317632962623
-1.3150000000001638,63.00265853076288,72.38602435305214,121.14881746147398
-1.305000000000164,64.04112706639276,73.53948441299967,123.49504422694494
-1.2950000000001642,65.03565893744118,74.64259445304441,125.79300247033346
-1.2850000000001645,65.97159181227754,75.67882433327168,128.01501630988716
-1.2750000000001647,66.8359530639684,76.63366538502818,130.13569942806257
-1.2650000000001649,67.61795328150374,77.49520581538033,132.1329303619599
-1.255000000000165,68.30935207937159,78.2545603356408,133.98863985455537
-1.2450000000001653,68.90467794597576,78.90613284038155,135.68937104885308
-1.2350000000001655,69.40129331755304,79.44770089597544,137.2265871400632
-1.2250000000001657,69.79930596021488,79.88032124188203,138.59671646988204
-1.215000000000166,70.10133809211045,80.20806666428486,139.80094228212607
-1.2050000000001662,70.31217519861002,80.43761632773813,140.84476313438677
-1.1950000000001664,70.43832644427299,80.57773322417412,141.73736894368108
-1.1850000000001666,70.48753676401815,80.63867249005915,142.49089449429155
-1.1750000000001668,70.46829565087113,80.63157122020756,143.11962398372333
-1.165000000000167,70.38938795229984,80.56787233616565,143.63922391436392
-1.1550000000001672,70.25952672898647,80.45883079937401,144.06607531192867
-1.1450000000001674,70.087097351379,80.31513967701602,144.41675942134054
-1.1350000000001677,69.88002649114654,80.14669715650865,144.70772526752276
-1.1250000000001679,69.64577150660433,79.96251565487367,144.9551363305896
-1.115000000000168,69.39140766295165,79.77075369104887,145.17486209819089
-1.1050000000001683,69.12377566490143,79.57883357302988,145.38255399627963
-1.0950000000001685,68.84964277310272,79.39359629904773,145.59372915757524
-1.0850000000001687,68.57582909589912,79.22144154301652,145.8237830008972
-1.075000000000169,68.30925697143881,79.06840592760021,146.0878635712532
-1.0650000000001691,68.05689472635777,78.9401461080776,146.40056523443087
-1.0550000000001694,67.8255842859259,78.84181215530437,146.7754324360485
-1.0450000000001696,67.62176203753113,78.77781798713713,147.22430005070774
-1.0350000000001698,67.45110068690427,78.75153546396757,147.75652916765478
-1.02500000000017,67.31811365889436,78.76495392789388,148.37822059843631
-1.0150000000001702,67.22577087801433,78.8183551230212,149.09149939444544
-1.0050000000001704,67.17517476999885,78.91005367102869,149.89396109856654
-0.9950000000001706,67.16533860796439,79.03624613735043,150.77835566746168
-0.9850000000001709,67.19309751654353,79.19099898021138,151.73256131744145
-0.9750000000001711,67.25316782549008,79.36638985191465,152.73987240662714
-0.9650000000001713,67.33835544253121,79.55280051379162,153.7795973847871
-0.9550000000001715,67.43990055123504,79.73934534424622,154.8279384710399
-0.9450000000001717,67.54793559254966,79.91440859116415,155.8591062153073
-0.9350000000001719,67.65202668041992,80.06625672034511,156.84660992970964
-0.9250000000001721,67.74176509259527,80.18368913695036,157.76465816908785
-0.9150000000001723,67.80737451067328,80.25669029801026,158.58960017326172
-0.9050000000001726,67.8403003178872,80.27704765604028,159.30133753202617
-0.8950000000001728,67.83374869941593,80.23890199552774,159.88463396375232
-0.885000000000173,67.7831451023541,80.13919899842504,160.33024972989006
-0.8750000000001732,67.68648383802353,79.978013307901,160.63582673217613
-0.8650000000001734,67.54454368233482,79.75871945145894,160.80645257850327
-0.8550000000001736,67.36094889207224,79.48798852143099,160.85483908386482
-0.8450000000001738,67.14206170076498,79.17559627381678,160.8010647598951
-0.835000000000174,66.89670138617433,78.83403777530414,160.67185290464337
-0.8250000000001743,66.6356962377437,78.47795585616855,160.49938663682676
-0.8150000000001745,66.3712874829487,78.12340473676639,160.31969779117912
-0.8050000000001747,66.1164172638032,77.78698502053061,160.17070477063254
-0.7950000000001749,65.88394458699759,77.4849000999281,160.09001102813428
-0.7850000000001751,65.68584223273658,77.23199505944945,160.11260625786804
-0.7750000000001753,65.53243252089985,77.0408456807042,160.26863237755606
-0.7650000000001755,65.4317196479509,76.92096588608987,160.58138272570582
-0.7550000000001758,65.38887066579497,76.87819627353991,161.06569380649142
-0.745000000000176,65.40588638254664,76.91432443962984,161.72686438430117
-0.7350000000001762,65.48148847426323,77.02697048669647,162.56019856401562
-0.7250000000001764,65.61123138151162,77.20975006863806,163.55122111154634
-0.7150000000001766,65.7878289409522,77.45270464705014,164.6765593097029
-0.7050000000001768,66.00166809759904,77.74296663368588,165.90543141734287
-0.695000000000177,66.24146725692253,78.06560805767235,167.20163266355382
-0.6850000000001772,66.49502631594326,78.40460724362248,168.52587044269023
-0.6750000000001775,66.75001008284475,78.74386006235406,169.8382746273828
-0.6650000000001777,66.9947069515887,79.06816121506921,171.10089879215872
-0.6550000000001779,67.21870999269395,79.36408652519543,172.28003400193495
-0.6450000000001781,67.41347713234669,79.62071838249459,173.3481773125839
-0.6350000000001783,67.57273947834085,79.83017177243862,174.28552944312872
-0.6250000000001785,67.692740562798,79.98789585737649,175.0809363920023
-0.6150000000001787,67.77230278262635,80.09274393583452,175.73223382267935
-0.605000000000179,67.8127293457133,80.14682110323109,176.24599671773217
-0.5950000000001792,67.81755969493389,80.15513282486518,176.63673661617594
-0.5850000000001794,67.79220328777328,80.12506821883431,176.92562219980863
-0.5750000000001796,67.74348082782207,80.06575899148197,177.13882466192274
-0.5650000000001798,67.67910400761896,79.98735896805104,177.30560675079778
-0.55500000000018,67.6071251548793,79.90029056495645,177.45628393663867
-0.5450000000001802,67.53538750164309,79.81450394621825,177.6201884972453
-0.5350000000001804,67.47100557377254,79.73879244106996,177.82376320427664
-0.5250000000001807,67.41990359992369,79.68020426528994,178.0889012925675
-0.5150000000001809,67.38643772770607,79.64358561146355,178.4316338291051
-0.5050000000001811,67.37312482408278,79.63128349595743,178.86124461654418
-0.4950000000001813,67.3804962275333,79.64302808833264,179.3798665677226
-0.4850000000001815,67.40708857747002,79.67600347746847,179.98258260395428
-0.4750000000001817,67.44957558669286,79.72510315271185,180.65801969116131
-0.46500000000018193,67.50303455221791,79.78335254090015,181.38938853264747
-0.45500000000018215,67.56133018772395,79.84246683833756,182.15588636393946
-0.44500000000018236,67.6175871136688,79.89349957425542,182.93434952715694
-0.4350000000001826,67.66471247960833,79.92752748571681,183.70101957446963
-0.4250000000001828,67.69592324538768,79.93631195236394,184.4332748577455
-0.415000000000183,67.70522998913022,79.91287766577568,185.1111814051326
-0.4050000000001832,67.68783169403163,79.85195602098224,185.7187335408835
-0.3950000000001834,67.64038409478816,79.75025374962081,186.24468561574912
-0.38500000000018364,67.56111734387098,79.60652551788792,186.68291889779815
-0.37500000000018385,67.44979567492311,79.42145070856661,187.0323378006006
-0.36500000000018407,67.30753038065957,79.19733687179125,187.29634142114503
-0.3550000000001843,67.13647532028331,78.93769250888593,187.48196328201547
-0.3450000000001845,66.93944876432217,78.64672715903824,187.5988078140486
-0.3350000000001847,66.71953441839122,78.32884489494386,187.65793119557912
-0.3250000000001849,66.47971638249851,77.9881968878469,187.67081344989685
-0.31500000000018513,66.22259703602663,77.62834942337385,187.64854769409402
-0.30500000000018535,65.95023397757463,77.25210666332735,187.60133366052236
-0.29500000000018556,65.66411390120433,76.86150477684704,187.53831145200866
-0.28500000000018577,65.36526026524076,76.4579689444276,187.46771548157977
-0.275000000000186,65.05445093513583,76.04260077911366,187.39727628241792
-0.2650000000001862,64.732504820502,75.61654444747624,187.33475764347068
-0.2550000000001864,64.40058556428987,75.18136811600736,187.2884949147974
-0.24500000000018662,64.06046734020356,74.7393950965625,187.26780103062833
-0.23500000000018684,63.71471330108991,74.29392659675305,187.2831298883611
-0.22500000000018705,63.36673038232136,73.84931416607438,187.34592851499332
-0.21500000000018726,63.02068295750445,73.41086228095875,187.46816304763837
-0.20500000000018748,62.68126932058825,72.98456658012807,187.6615599696512
-0.1950000000001877,62.35338575514744,72.57671718351732,187.93665376650574
-0.1850000000001879,62.04171980863905,72.19341566452033,188.3017668419825
-0.17500000000018812,61.75032474995254,71.84006578028841,188.7620614753652
-0.16500000000018833,61.482229581390385,71.52090046420471,189.3187948040508
-0.15500000000018854,61.239133255238286,71.23860082942657,189.96887830741653
-0.14500000000018876,61.02121908331842,70.99404848186255,190.70479866106234
-0.13500000000018897,60.82710797846769,70.78623293412173,191.5149052078167
-0.12500000000018918,60.653950038725135,70.61231466602152,192.3840196216391
-0.1150000000001894,60.49763611750223,70.4678247828123,193.29428376407344
-0.10500000000018961,60.35309706180871,70.34696715460787,194.2261380753312
-0.09500000000018982,60.21465007444603,70.24298027920005,195.15931765172405
-0.08500000000019003,60.076349929122046,70.14851456998889,196.07376545825
-0.07500000000019025,59.93230720196588,70.05598577599218,196.95038787791708
-0.06500000000019046,59.77694500146496,69.95787522798568,197.7716109818735
-0.055000000000190674,59.60517797490722,69.84696038308991,198.52172986721652
-0.04500000000019089,59.41251049079376,69.71647234233447,199.18707224220253
-0.0350000000001911,59.19506282016532,69.56018852109906,199.75601703088157
-0.025000000000191314,58.949543269614495,69.37247690510603,200.2189173715849
-0.015000000000191527,58.67318956847477,69.1483125052006,200.56797560941322
-0.00500000000019174,58.36370406105479,68.88328666762538,200.7971082233958
0.004999999999808047,58.0192046934281,68.57362638594168,200.90182465998464
0.014999999999807834,57.63820819043944,68.21623474045155,200.8791295408172
0.02499999999980762,57.21965428970314,67.80875634790158,200.72744587336214
0.03499999999980741,56.762971679249716,67.34966455635033,200.44654981395155
0.044999999999807194,56.26817860013805,66.8383612344736,200.03750597820215
0.05499999999980698,55.73600498689526,66.2752762549681,199.50259574447563
0.06499999999980677,55.168019301045874,65.66195263704645,198.8452378992574
0.07499999999980655,54.56674225578941,65.00110481963102,198.06990911182314
0.08499999999980634,53.93573138151167,64.2966412511988,197.18207863215463
0.09499999999980613,53.27962434864876,63.55364756505051,196.1881749803576
0.10499999999980592,52.604134280124114,62.77833193950842,195.09560049810392
0.1149999999998057,51.91599585510735,61.9779386115173,193.9128016340635
0.12499999999980549,51.222865711259864,61.160637860179634,192.64938909019597
0.13499999999980528,50.533183587778,60.33540044190103,191.31628414088902
0.14499999999980506,49.85600133704183,59.511861375394844,189.92584849230622
0.15499999999980485,49.20078545750409,58.70017276909431,188.49193886725791
0.16499999999980464,48.577195845565214,57.910839324203785,187.0298183511254
0.17499999999980442,47.994840186671766,57.154524937256944,185.55585827751833
0.1849999999998042,47.46300119417927,56.44181626455371,184.0869796441566
0.194999999999804,46.99033404825342,55.78293067673572,182.6398122306017
0.20499999999980378,46.584534730669745,55.187362487379396,181.2295906524334
0.21499999999980357,46.25198661133507,54.66347243805207,179.86885477993835
0.22499999999980336,45.997401860826834,54.218039800829374,178.56607030411988
0.23499999999980314,45.82348444550523,53.855811760828495,177.32432550921658
0.24499999999980293,45.73065040867504,53.57909796456654,176.14028431833555
0.2549999999998027,45.716846446005476,53.38746614644256,175.00357674939625
0.2649999999998025,45.777507324160354,53.27759495364268,173.89678227023336
0.2749999999998023,45.905685126769825,53.24333093964277,172.79610926975124
0.2849999999998021,46.09236847572195,53.275978169072445,171.67279935280516
0.29499999999980187,46.32698898374181,53.36482266586937,170.49519681859056
0.30499999999980165,46.598087797705425,53.497863336542025,169.23133293501348
0.31499999999980144,46.89409076555121,53.662690481244375,167.85179440581618
0.3249999999998012,47.20412055471272,53.84742753020167,166.33258825550428
0.334999999999801,47.51876179996776,54.04163583006614,164.65769133695758
0.3449999999998008,47.83069395302558,54.23707957937079,162.82098775437174
0.3549999999998006,48.135117273177315,54.42825990483153,160.8273522857845
0.3649999999998004,48.429919722846044,54.61265280257035,158.69272718028847
0.37499999999980016,48.71556380253323,54.790622125899645,156.44315294215585
0.38499999999979995,48.99470827980565,54.965020923363184,154.1128363246433
0.39499999999979973,49.271614995561634,55.14053597076567,151.74145418687033
0.4049999999997995,49.5514199518115,55.3228648765845,149.37098403579608
0.4149999999997993,49.839365952757255,55.517837156871074,147.04240784566676
0.4249999999997991,50.14009805577857,55.73059652684244,144.79264701141744
0.4349999999997989,50.45711206394522,55.96495021977177,142.65205129729162
0.44499999999979867,50.79242174184586,56.222964049895275,140.64268831834417
0.45499999999979845,51.14647604896738,56.504843321806106,138.77757331948953
0.46499999999979824,51.518318756012604,56.80909552318481,137.0608569425043
0.47499999999979803,51.90594537866087,57.13292784359078,135.48886838197961
0.4849999999997978,52.30678223057612,57.47279751251866,134.05180926788685
0.4949999999997976,52.71819420105481,57.82501103336821,132.73582316931476
0.5049999999997974,53.13792436923692,58.186262815322664,131.52513529645194
0.5149999999997972,53.56438028343725,58.55401516574127,130.40396938224717
0.524999999999797,53.996706885758684,58.926648249217656,129.35800044240304
0.5349999999997967,54.43462091289787,59.30334639978365,128.37518449987698
0.5449999999997965,54.87802104950897,59.68373050143368,127.44590699382576
0.5549999999997963,55.32642643353555,60.067288731810706,126.56249613296163
0.5649999999997961,55.77832778651166,60.45269367407515,125.71824163156502
0.5749999999997959,56.23055587048696,60.83711751864227,124.90613073061161
0.5849999999997957,56.67777808646288,61.215665329512774,124.11755320918715
0.5949999999997955,57.11222466663269,61.581037752169706,123.34123068291606
0.6049999999997953,57.52372196673346,61.92350995033878,122.56259313703737
0.614999999999795,57.900074670990236,62.2312759681298,121.76376227869412
0.6249999999997948,58.227795708881615,62.49116186699831,120.92421578295622
0.6349999999997946,58.493137815077,62.68966277834184,120.02211047086472
0.6449999999997944,58.683339737686296,62.814214720666406,119.03614874062868
0.6549999999997942,58.787968471408774,62.854577477422964,117.94779354643077
0.664999999999794,58.80022073873535,62.80418458112005,116.74358312485344
0.6749999999997938,58.718044667145506,62.66131315710862,115.4172742344359
0.6849999999997936,58.544956488300336,62.42994040926476,113.9715542134173
0.6949999999997933,58.29045522259894,62.1201829017251,112.41910531742485
0.7049999999997931,57.96997694014952,61.74825550154136,110.78287299266056
0.7149999999997929,57.604374255215255,61.335933501653024,109.09547326473252
0.7249999999997927,57.218950674879274,60.90954811014392,107.3977620154946
0.7349999999997925,56.84211811211441,60.49858662367521,105.73666953056454
0.7449999999997923,56.50377524955306,60.13399986087135,104.16246814879466
0.7549999999997921,56.23352212746588,59.846338255240454,102.72568306861494
0.7649999999997918,56.058831820647136,59.66384383920369,101.47387404437686
0.7749999999997916,56.00329458132197,59.61061948431701,100.44851018568414
0.7849999999997914,56.08503585910011,59.7049818716536,99.68213565804598
0.7949999999997912,56.315390322566905,59.95808413624543,99.19598688271775
0.804999999999791,56.69789255498653,60.37287134836198,98.9981784421849
0.8149999999997908,57.2276240768728,60.943409756609114,99.08253119791434
0.8249999999997906,57.890937464305765,61.6546108568434,99.42807644185223
0.8349999999997904,58.66556231397069,62.482354648832896,99.99923662573428
0.8449999999997901,59.52108456672088,63.39400279171765,100.74665690896853
0.8549999999997899,60.419779645282944,64.34928109989646,101.6086416380621
0.8649999999997897,61.31777023543256,65.30150107838146,102.5131343892333
0.8749999999997895,62.166470720944695,66.19908125548068,103.38016772240672
0.8849999999997893,62.91427193402159,66.98732051084666,104.12469797832233
0.8949999999997891,63.50841196126097,67.61036732406387,104.65973048468588
0.9049999999997889,63.89697139881015,68.01332101689437,104.89963110235755
0.9149999999997886,64.03092488218752,68.14439385421875,104.7635111766449
0.9249999999997884,63.86617509141758,67.95705651920655,104.17856491809513
0.9349999999997882,63.36549088320611,67.41208419325743,103.08323144924165
0.944999999999788,62.50026793898811,66.47941655322981,101.4300488936263
0.9549999999997878,61.25202879680836,65.13974301002781,99.18806602674505
0.9649999999997876,59.61358020067952,63.38572541253678,96.34467975464707
0.9749999999997874,57.58975061098193,61.222775597836225,92.90677612589492
0.9849999999997872,55.19764098595469,58.66931618630859,88.90107102217361
0.9949999999997869,52.466338984137366,55.75647136653695,84.37357609770541
