Energy_eV,Cl,Hg,S
-8.995000000000001,5.650669279587114,33.37995158119914,44.94661253622016
-8.985,6.0425699643543505,35.60774428131764,47.97151401101161
-8.975000000000001,6.406562422159938,37.6668484148231,50.7774759981189
-8.965,6.738745543701329,39.542778129287214,53.34669443260583
-8.955000000000002,7.036763485342661,41.23150372791815,55.67532754249069
-8.945,7.299855651090202,42.7389640768672,57.77264030889921
-8.935000000000002,7.528789873709348,44.07971023596108,59.65896701301549
-8.925,7.725684770306537,45.274805531680805,61.36268455550551
-8.915000000000003,7.893736720710622,46.349184167151385,62.91649469347483
-8.905000000000001,8.03687491983601,47.32872563791709,64.35338612293906
-8.895000000000003,8.159373800157987,48.23732960482351,65.70267917880253
-8.885000000000002,8.265455343036995,49.09427286776375,66.98654382319424
-8.875000000000004,8.358914178025438,49.91209774525567,68.21732795908191
-8.865000000000002,8.44279593404082,50.69522388925431,69.3959451860916
-8.855000000000004,8.519154316144181,51.439400366414205,70.51145981485693
-8.845000000000002,8.58890530871249,52.132030381322785,71.54188530203385
-8.835000000000004,8.651788399775455,52.75331654751803,72.45609375311956
-8.825000000000003,8.706435562733837,53.278098909483155,73.21663116814378
-8.815000000000005,8.750539768957022,53.67819839443078,73.78315569740597
-8.805000000000003,8.781106874850796,53.925040362076786,74.11617103764405
-8.795000000000005,8.794768564422247,53.99231921750644,74.18071709730366
-8.785000000000004,8.788130172848696,53.85847570359401,73.94970409548637
-8.775000000000006,8.758125934457846,53.508790861459346,73.40662954867742
-8.765000000000004,8.702355435670436,52.936949766621034,72.54749231331309
-8.755000000000006,8.619378434096964,52.14598730618038,71.38180408074845
-8.745000000000005,8.508950085173064,51.148589847258044,69.93268569298999
-8.735000000000007,8.372184190662434,49.966783132886206,68.23611309663929
-8.725000000000005,8.211637522269225,48.63108171713144,66.33943727921553
-8.715000000000007,8.031312887082878,47.17920434370138,64.29933877079975
-8.705000000000005,7.836581969970645,45.65447120608747,62.179388687305384
-8.695000000000007,7.63403104963699,44.10399427625153,60.04737730229246
-8.685000000000006,7.4312337483854165,42.57675483494631,57.97254379741705
-8.675000000000008,7.236455648094845,41.121638934516085,56.022805675972506
-8.665000000000006,7.058296646166663,39.78547856663072,54.262052741675056
-8.655000000000008,6.9052790508946575,38.61113007831701,52.74754702458129
-8.645000000000007,6.785393091714716,37.6356163525424,51.52746239260678
-8.635000000000009,6.705616792373368,36.88836710228873,50.638607688356906
-8.625000000000007,6.671433558998763,36.389610683939814,50.104402444912076
-8.615000000000009,6.686377408557986,36.14899636412826,49.93320776670525
-8.605000000000008,6.751641177294667,36.164550935754505,50.117147067898664
-8.59500000000001,6.86578583571611,36.422090007492734,50.63157123964534
-8.585000000000008,7.024587878927307,36.895204928402315,51.43532084483837
-8.57500000000001,7.2210557868829,37.54592620622799,52.471907810549084
-8.565000000000008,7.445635575647451,38.326122039274786,53.67167944335303
-8.55500000000001,7.686610130918108,39.1796289891739,54.954942765659275
-8.545000000000009,7.93067879186347,40.04503768358769,56.2359268825787
-8.53500000000001,8.163684660909837,40.858979656006454,57.42735908066909
-8.52500000000001,8.371439844885735,41.55969343042033,58.445342188492106
-8.515000000000011,8.540585759950737,42.09059975620494,59.21416109893745
-8.50500000000001,8.659418807588471,42.403596145969594,59.67062647931037
-8.495000000000012,8.718612418458703,42.46179425782775,59.76758918760485
-8.48500000000001,8.711774905505044,42.24146998191721,59.47632860195315
-8.475000000000012,8.63579790387761,41.73307012888322,58.78762400664817
-8.46500000000001,8.490970542538124,40.9412119486098,57.71144683891485
-8.455000000000013,8.280857310031362,39.883710207243126,56.275346076528905
-8.445000000000011,8.01195994241477,38.5897583764176,54.52172181170978
-8.435000000000013,7.69320280104461,37.097464142164014,52.50427779632132
-8.425000000000011,7.335294898092416,35.45098653714128,50.2840017087737
-8.415000000000013,6.950028612588946,33.69753842383566,47.92503736268611
-8.405000000000012,6.549574893432117,31.884504322872907,45.490787688098905
-8.395000000000014,6.145828055742596,30.056884377002312,43.04052827161608
-8.385000000000012,5.749841663273893,28.25521829878923,40.626729630997886
-8.375000000000014,5.371382502273676,26.51407771333958,38.29319502479302
-8.365000000000013,5.018614509580043,24.861150528228816,36.074031777423976
-8.355000000000015,4.697910754580648,23.316884527577926,33.993397872414
-8.345000000000013,4.413780758669708,21.89461459924543,32.06590857323985
-8.335000000000015,4.168893492739111,20.60107142113224,30.297552990538634
-8.325000000000014,3.9641735544750096,19.437159023445446,28.68695738648247
-8.315000000000015,3.7989488913390446,18.398892330014903,27.226837633923513
-8.305000000000014,3.6711321147893434,17.478400171891867,25.90550317509812
-8.295000000000016,3.5774227697789005,16.664920397584673,24.708304049282326
-8.285000000000014,3.5135236226399584,15.945737651167324,23.61894622730854
-8.275000000000016,3.4743689595169833,15.307037678220015,22.620634297830712
-8.265000000000015,3.4543661522820814,14.734671851084219,21.697030889168087
-8.255000000000017,3.447652809197529,14.214839945991617,20.833046197878108
-8.245000000000015,3.4483705414126558,13.73470681558644,20.015486490358846
-8.235000000000017,3.4509529930599347,13.282969055186637,19.233596148340197
-8.225000000000016,3.4504208918681196,12.850381476470584,18.47952347131067
-8.215000000000018,3.442671321371177,12.430241455554361,17.74872699169792
-8.205000000000016,3.424743176777593,12.018814112060745,17.04031882261116
-8.195000000000018,3.3950368373190796,11.61566557582533,16.35731815176872
-8.185000000000016,3.353464343062817,11.223858478196618,15.706765983352021
-8.175000000000018,3.301507443309373,10.849956425217833,15.099636538662875
-8.165000000000017,3.2421651000752565,10.503785233864084,14.550475863214254
-8.155000000000019,3.179779315197252,10.197909818166885,14.076707401311502
-8.145000000000017,3.119738038827449,9.946807089077446,13.697568847476996
-8.13500000000002,3.068065578784017,9.765745746796293,13.43268325796415
-8.125000000000018,3.0309232336537515,9.669420432910764,13.30031641869905
-8.11500000000002,3.014054490072361,9.670426021503403,13.315425762983871
-8.105000000000018,3.0222186601045458,9.777692608188213,13.487656095897886
-8.09500000000002,3.0586629698689993,9.995027514138929,13.819475857079198
-8.085000000000019,3.124684759697532,10.319922413922551,14.30466715217312
-8.07500000000002,3.2193319163150815,10.742777909780866,14.927377707683483
-8.065000000000019,3.3392807393919814,11.246672916405489,15.661910598483212
-8.055000000000021,3.4789165635003023,11.807762978766243,16.47336905768244
-8.04500000000002,3.630624661959622,12.396333646875831,17.319193774249577
-8.035000000000021,3.785278886664093,12.978468208833382,18.151537204050296
-8.02500000000002,3.932895228999028,13.51822115426952,18.920324538586954
-8.015000000000022,4.0633993222555596,13.980128235500494,19.576766221462908
-8.00500000000002,4.167443074764321,14.331839061406868,20.077023823138184
-7.995000000000021,4.2371979659229595,14.546635317884144,20.385698867990456
-7.985000000000022,4.267052216311606,14.605600763949734,20.478818167312962
-7.975000000000022,4.254146333390695,14.499238480953235,20.34602982011819
-7.965000000000022,4.198695744783316,14.228383213136713,19.99179672459065
-7.955000000000022,4.104068777876162,13.804325577899764,19.43547019897531
-7.9450000000000225,3.9766108721148408,13.248141732796121,18.710233099668628
-7.935000000000023,3.8252290258789303,12.589297143017525,17.861006451856767
-7.925000000000023,3.6607715371152763,11.863657367240705,16.941503785973733
-7.915000000000023,3.49525495965102,11.11108520378724,16.0106835591456
-7.905000000000023,3.3410014114438003,10.372828001237286,15.128886717995092
-7.8950000000000236,3.2097543008337053,9.688900716915139,14.353952636410984
-7.885000000000024,3.111839345964859,9.09565189142634,13.737585540156793
-7.875000000000024,3.055431263020238,8.62366606564164,13.322201460199533
-7.865000000000024,3.0459759132610182,8.296113644149994,13.138430751099829
-7.855000000000024,3.0858043990688993,8.127614299064595,13.203391351296514
-7.845000000000025,3.173960884038851,8.123638240568464,13.519790033861689
-7.835000000000025,3.3062508667582007,8.280434841845821,14.075857503461492
-7.825000000000025,3.4755020918222703,8.585451902477175,14.846080478205346
-7.815000000000025,3.6720168527147,9.018191018357722,15.792659824864028
-7.8050000000000255,3.8841826287171632,9.551433400051467,16.867596916053436
-7.795000000000026,4.099198278731234,10.152763627465143,18.015288646236343
-7.785000000000026,4.303865899245602,10.786313882932294,19.175493330844223
-7.775000000000026,4.485394476861996,11.414646504768204,20.28651435695844
-7.765000000000026,4.632161111572077,12.000687684144005,21.2884365442669
-7.7550000000000265,4.734379165608213,12.509620407091624,22.12624342529533
-7.745000000000027,4.784630210096266,12.910641903078705,22.752644445336667
-7.735000000000027,4.778227701533344,13.178491999185198,23.130451803521456
-7.725000000000027,4.713394092230626,13.294665931979985,23.234368996090325
-7.715000000000027,4.591248351458541,13.248239741563339,23.052087468612743
-7.705000000000028,4.415616184257443,13.036258678420449,22.58463284453248
-7.695000000000028,4.1926890549263405,12.663668071843034,21.845954924139377
-7.685000000000028,3.9305690647859226,12.142799491234141,20.861811471814107
-7.675000000000028,3.6387437382585466,11.492459375898562,19.668049162145017
-7.6650000000000285,3.3275372377726313,10.736698642056547,18.308430097810955
-7.655000000000029,3.007582380099992,9.90336617117575,16.832183757350737
-7.645000000000029,2.689351498407158,9.022563301292667,15.291478139913098
-7.635000000000029,2.3827745507993336,8.125118480956854,13.738998294192601
-7.625000000000029,2.0969610888556147,7.2411907047068444,12.22579576169569
-7.6150000000000295,1.8400300984844709,6.3990885452662365,10.799531553743027
-7.60500000000003,1.6190396508867502,5.62436139968376,9.503183051282365
-7.59500000000003,1.4399979735568404,4.939184987886982,8.374228098188597
-7.58500000000003,1.3079299653681509,4.362028755158894,7.444264643543376
-7.57500000000003,1.2269690323016935,3.907563101738427,6.738978388541279
-7.565000000000031,1.2004437637463725,3.586743017605566,6.278339639843505
-7.555000000000031,1.2309323925379625,3.406994209744516,6.07689767533477
-7.545000000000031,1.320264813532934,3.372429076519664,6.144047709362726
-7.535000000000031,1.469461467496003,3.4840321634858604,6.4841707720538375
-7.525000000000031,1.6786096303296105,3.7397757795427062,7.096586878396631
-7.515000000000032,1.9466893610909752,4.134652855696513,7.975311218168332
-7.505000000000032,2.271372206982629,4.660641806927151,9.108654958888604
-7.495000000000032,2.648824381927972,5.306642899723485,10.478759397671116
-7.485000000000032,3.073551300037721,6.058443646751563,12.061187829628295
-7.4750000000000325,3.5383211081629344,6.898779172480165,13.824718080770161
-7.465000000000033,4.034200697847052,7.80755073640068,15.731476608220184
-7.455000000000033,4.550728602944393,8.762251596551998,17.737531316733246
-7.445000000000033,5.076235834315337,9.738625642987852,19.794016461915163
-7.435000000000033,5.598309312607568,10.711553652201127,21.848803635582527
-7.425000000000034,6.104374915462008,11.656128636760908,23.848664673997718
-7.415000000000034,6.582360405538092,12.54885023767276,25.741803905773995
-7.405000000000034,7.021384918781478,13.368843098384215,27.480577671323317
-7.395000000000034,7.412413350849632,14.09898970343582,29.024177196238597
-7.385000000000034,7.74881245745216,14.726867039416932,30.341033591392147
-7.375000000000035,8.026751556199809,15.24538966467317,31.41071493213196
-7.365000000000035,8.245404154823236,15.653088346083251,32.22512519404388
-7.355000000000035,8.406926333223389,15.953990300659298,32.78887933437203
-7.345000000000035,8.51621100286678,16.157109542016766,33.11881025435997
-7.3350000000000355,8.58044128636542,16.275598104990323,33.24265120471583
-7.325000000000036,8.608487954058072,16.325645056643705,33.19701960354496
-7.315000000000036,8.610212101616222,16.32523503615395,33.02489405948273
-7.305000000000036,8.59574276438485,16.29288811196535,32.772816983690376
-7.295000000000036,8.574798793181943,16.246496827312722,32.48806590423257
-7.285000000000037,8.556115282727031,16.202355808310696,32.21601766329893
-7.275000000000037,8.547018721007888,16.17444795531209,31.99788601594573
-7.265000000000037,8.553174477906044,16.174014426209823,31.868953424905797
-7.255000000000037,8.57850855327431,16.209399429534326,31.857352727796552
-7.245000000000037,8.625285963345524,16.286130908627207,31.98339441161807
-7.235000000000038,8.694313499496381,16.40717867045755,32.25938892181135
-7.225000000000038,8.78522654900078,16.57332435194756,32.68988560893227
-7.215000000000038,8.896818638664623,16.78358233110699,33.27224116685706
-7.205000000000038,9.027377487359873,17.03562459533088,33.997437388210784
-7.1950000000000385,9.175000758726226,17.326181495918068,34.85108461760805
-7.185000000000039,9.337875954605305,17.65140954129773,35.81456619714483
-7.175000000000039,9.51451951163776,18.007232691587852,36.866293958633406
-7.165000000000039,9.703978136449818,18.389672103865184,37.983051081084774
-7.155000000000039,9.905999510908135,18.795179808571525,39.14139501938627
-7.1450000000000395,10.121179425864682,19.22098505505566,40.319081288921325
-7.13500000000004,10.351088739800065,19.665450188114708,41.49645244287934
-7.12500000000004,10.598377534727453,20.128418884778213,42.657720411713726
-7.11500000000004,10.866847018257488,20.611526505267836,43.79205904409008
-7.10500000000004,11.161473683333346,21.11843284169672,44.89442048782917
-7.095000000000041,11.488366346038047,21.654933485272885,45.965995491795624
-7.085000000000041,11.854635921027741,22.22890822200172,47.014253575864544
-7.075000000000041,12.268160712283148,22.85007330221836,48.05252283303891
-7.065000000000041,12.737236707269066,23.529518477303746,49.09909883513073
-7.0550000000000415,13.270112559618804,24.27902831198167,50.17590563244191
-7.045000000000042,13.874421908112787,25.110209120233193,51.30676732922812
-7.035000000000042,14.556540259625528,26.03346628682945,52.515384457104346
-7.025000000000042,15.320908285332653,27.05689967692539,53.82314334567823
-7.015000000000042,16.169376099586884,28.18520479258615,55.24691614779951
-7.0050000000000425,17.10063176262678,29.418681410816568,56.79703039278091
-6.995000000000043,18.109779809099148,30.75245664774963,58.47559545345997
-6.985000000000043,19.188130463727795,32.17602318773859,60.275364677701894
-6.975000000000043,20.323246661374647,33.67317433564921,62.179282885742026
-6.965000000000043,21.49927456853911,35.22238585453623,64.1608186569717
-6.955000000000044,22.697555918700303,36.797652611628806,66.18511195799184
-6.945000000000044,23.897490309069212,38.369740358169736,68.21088663909106
-6.935000000000044,25.0775867167454,39.90776563098565,70.19299388777216
-6.925000000000044,26.21662016403521,41.380976618273756,72.08537853312131
-6.9150000000000444,27.294795450129502,42.76058123188739,73.84420670301162
-6.905000000000045,28.294817666672024,44.02146022411556,75.43086997499304
-6.895000000000045,29.202779540469784,45.1436149494098,76.81459278007881
-6.885000000000045,30.008797217912715,46.11323008674733,77.97441588217626
-6.875000000000045,30.707355815827427,46.92327700102091,78.90040308008878
-6.8650000000000455,31.297359488162183,47.57363672020904,79.59400996132062
-6.855000000000046,31.781912907116137,48.07077476231528,80.06764880835625
-6.845000000000046,32.167887221944646,48.42704539168334,80.34356838169982
-6.835000000000046,32.46534009211821,48.659733890701,80.45222904698447
-6.825000000000046,32.686864290067305,48.78995817303158,80.43038442433166
-6.815000000000047,32.84693256055207,48.84154471281459,80.31907765774085
-6.805000000000047,32.961289733997035,48.83997065639701,80.16172649958898
-6.795000000000047,33.04641990604831,48.81142914711222,80.00241471253005
-6.785000000000047,33.11909118997979,48.78203514987791,79.88443938668178
-6.775000000000047,33.195957771422485,48.77715185111282,79.84909769340005
-6.765000000000048,33.29318291967,48.82078983685156,79.93464456095896
-6.755000000000048,33.42604025783585,48.935017753667665,80.17532404719222
-6.745000000000048,33.60845533031238,49.1393264580645,80.60037659497573
-6.735000000000048,33.8524647860098,49.449908166469065,81.23295143208398
-6.7250000000000485,34.16759391253845,49.87884431261957,82.08890257401944
-6.715000000000049,34.560180890275205,50.43323485189032,83.17550863166954
-6.705000000000049,35.03270316456196,51.114340431691346,84.49021905709739
-6.695000000000049,35.583182812973845,51.91683986498959,86.01958055443586
-6.685000000000049,36.20475945759449,52.828322514105345,87.73852702809677
-6.67500000000005,36.885518287516106,53.82913448346725,89.61021810910304
-6.66500000000005,37.60864614760503,54.892677701814705,91.58658300790411
-6.65500000000005,38.352961504592734,55.98622376903205,93.60967087258318
-6.64500000000005,39.093827402087506,57.07225419076154,95.61383267609972
-6.63500000000005,39.8044146844959,58.11028155418522,97.52867237538682
-6.625000000000051,40.45724102400616,59.05904947116633,99.28261739643487
-6.615000000000051,41.02587491944471,59.87895982366516,100.80688090374647
-6.605000000000051,41.48666754672808,60.53454014146595,102.03952989485632
-6.595000000000051,41.82036267901184,60.99674638137172,102.92934078185894
-6.5850000000000515,42.01343789770765,61.244899533508914,103.43912198672085
-6.575000000000052,42.05904931957493,61.268078783730985,103.54821257389409
-6.565000000000052,41.95748568186122,61.065837712448214,103.25392562689214
-6.555000000000052,41.716082857713026,60.64816952056879,102.57179070311153
-6.545000000000052,41.348602340133866,60.03471710232113,101.53455432518578
-6.5350000000000525,40.87413152622222,59.253297094714696,100.19001166218561
-6.525000000000053,40.315613782403794,58.337876095307784,98.59785492083847
-6.515000000000053,39.69815632554187,57.326194124074846,96.82582202981067
-6.505000000000053,39.04728866327587,56.25726784838684,94.9455007311279
-6.495000000000053,38.387349859256275,55.169018471438854,93.02817786487478
-6.485000000000054,37.74016744405588,54.09625347524638,91.14111476270796
-6.475000000000054,37.12415512817592,53.06918792013751,89.34457570819285
-6.465000000000054,36.553904040645406,52.11262374286541,87.68984186377337
-6.455000000000054,36.04027896473882,51.245822004288456,86.21831842121807
-6.4450000000000545,35.59096480983251,50.48301363039385,84.96170352435274
-6.435000000000055,35.21134810613408,49.83441067546997,83.94305228219923
-6.425000000000055,34.90557211745584,49.30751416870082,83.17845684075169
-6.415000000000055,34.67757917698409,48.90847593341593,82.6789903676206
-6.405000000000055,34.53195435090522,48.6432666641775,82.45254008203338
-6.3950000000000555,34.474411390799055,48.518432703145784,82.50518617844881
-6.385000000000056,34.51181230582484,48.54128605168447,82.8418657596583
-6.375000000000056,34.65167948749843,48.71945818038474,83.46618233141126
-6.365000000000056,34.9012352275111,49.059846531363185,84.37936475780789
-6.355000000000056,35.2660773276397,49.567079616944376,85.57852424651696
-6.345000000000057,35.74866097672744,50.2417086345396,87.0544830467077
-6.335000000000057,36.34679731858911,51.07838877250531,88.78953597774418
-6.325000000000057,37.05239206675328,52.064333692811175,90.75554287526901
-6.315000000000057,37.85063067921769,53.17830859124936,92.91273082918914
-6.3050000000000574,38.71977152798762,54.39037249979367,95.20951173563567
-6.295000000000058,39.63164052849195,55.66249578862559,97.5835025668471
-6.285000000000058,40.55283826971632,56.950074830987575,99.96378818877795
-6.275000000000058,41.44658420967415,58.20425574929763,102.27430864048608
-6.265000000000058,42.27504296231023,59.37487709786768,104.43810491209037
-6.2550000000000585,43.0019152355674,60.413760257303096,106.38203845856289
-6.245000000000059,43.5950385513794,61.27802653046642,108.0415253048003
-6.235000000000059,44.02873526613177,61.93310777600045,109.36480542176304
-6.225000000000059,44.28566861587523,62.35514448741124,110.31630516009301
-6.215000000000059,44.358018659888884,62.53252821609098,110.87874091819045
-6.20500000000006,44.247862743070584,62.46643639184485,111.05374529078917
-6.19500000000006,43.96673047267102,62.17031572630592,110.86095673075019
-6.18500000000006,43.53439079391285,61.66838231033904,110.33568086056597
-6.17500000000006,42.97700804569756,60.99330874738723,109.52538553497419
-6.16500000000006,42.32486563036527,60.18334912862433,108.48541365885396
-6.155000000000061,41.609893305664826,59.279202230019976,107.27437269024225
-6.145000000000061,40.86324350708134,58.32092695963166,105.94967882724393
-6.135000000000061,40.11314355168767,57.34520143900471,104.5636955148956
-6.125000000000061,39.38320757059768,56.383162413627346,103.16081612709598
-6.1150000000000615,38.691330978894115,55.45898312861658,101.77571228334787
-6.105000000000062,38.049219569575826,54.58925625608601,100.43282003594143
-6.095000000000062,37.462534002943016,53.78315592857403,99.14698630282038
-6.085000000000062,36.9315671414795,53.04327086828348,97.92506707124612
-6.075000000000062,36.452323321018454,52.366938349902554,96.76817330012628
-6.065000000000063,36.017839778733304,51.74787236545673,95.6742106516735
-6.055000000000063,35.61958273742749,51.1778710403487,94.64035869342554
-6.045000000000063,35.24876287990692,50.64840633532927,93.66518031465745
-6.035000000000063,34.89744350933705,50.151938278440376,92.75013284089387
-6.025000000000063,34.55935425325279,49.682849020863756,91.90035444588437
-6.015000000000064,34.23036760914726,49.23795050761007,91.12470689903452
-6.005000000000064,33.908638959809544,48.81657541176945,90.43515322151566
-5.995000000000064,33.594447848930635,48.42030754511896,89.84562431684651
-5.985000000000064,33.2898057347461,48.05244077121385,89.37057457321876
-5.9750000000000645,32.997911318996266,47.71727257046558,89.02344051051469
-5.965000000000065,32.72253878900803,47.4193402969352,88.81520135565003
-5.955000000000065,32.46743826261904,47.1626971959736,88.7532023429969
-5.945000000000065,32.235813741031805,46.95030500822029,88.84034911695991
-5.935000000000065,32.029924808607824,46.783594513609856,89.07472393004322
-5.9250000000000655,31.85083706696108,46.66221850179618,89.44961947972226
-5.915000000000066,31.69832543488186,46.583996540628924,89.95394032267414
-5.905000000000066,31.57091603996372,46.54502978492964,90.57288852488192
-5.895000000000066,31.466037927985113,46.539948241178905,91.28883089180027
-5.885000000000066,31.38024611563338,46.562242946277394,92.08223926525878
-5.875000000000067,31.30947303565926,46.60463148314268,92.93260128742256
-5.865000000000067,31.24926622242179,46.659406897427594,93.81921449556964
-5.855000000000067,31.194975894783052,46.71872697760202,94.72179931038758
-5.845000000000067,31.14186633041091,46.774812419174054,95.62089417552983
-5.8350000000000675,31.085138646600385,46.82003773811501,96.49802655224433
-5.825000000000068,31.019868448112142,46.84691662910305,97.3356842051604
-5.815000000000068,30.94087798767813,46.848001954921905,98.1171393646215
-5.805000000000068,30.84257688465091,46.81573737745314,98.8262006464453
-5.795000000000068,30.718815804656224,46.74231017872886,99.44698066730194
-5.7850000000000685,30.562801757001115,46.6195605530822,99.96376818880944
-5.775000000000069,30.367120354220493,46.43899967808569,100.3610806417378
-5.765000000000069,30.123899029572414,46.19197644384317,100.62394624725519
-5.755000000000069,29.82512663187697,45.870011644803135,100.73842729748205
-5.745000000000069,29.463121179975335,45.465291221318964,100.69235253097655
-5.73500000000007,29.031112200204092,44.97128077372536,100.47618383808188
-5.72500000000007,28.523881039683392,44.383396968984236,100.08390839808936
-5.71500000000007,27.938385933145337,43.69965258717819,99.51382871070652
-5.70500000000007,27.274291759559254,42.92118486147427,98.76912454059807
-5.6950000000000705,26.534329284825382,42.0525836912247,97.8580838259433
-5.685000000000071,25.724425269331192,41.10195709414326,96.79394139628765
-5.675000000000071,24.853571107340663,40.08070321363327,95.59431844050236
-5.665000000000071,23.93342987003238,39.0029964565547,94.28031292612647
-5.655000000000071,22.977714811534142,37.88503373027591,92.87534149083285
-5.6450000000000715,22.001401359657656,36.74411891675497,91.40386761700918
-5.635000000000072,21.019854809274374,35.597684320654146,89.89016292845403
-5.625000000000072,20.047964310988906,34.46235353601005,88.35723611597794
-5.615000000000072,19.099369261989615,33.35314030127423,86.82602978041459
-5.605000000000072,18.185847978151298,32.282854484054795,85.31493592319501
-5.595000000000073,17.316913566144834,31.261753661897423,83.83962521291235
-5.585000000000073,16.49963251614369,30.297442568882367,82.4131337115424
-5.575000000000073,15.73865246842302,29.394989010213344,81.04611258704944
-5.565000000000073,15.036401264893323,28.55719898856109,79.74712784100976
-5.555000000000073,14.393403076197437,27.784979359516434,78.52290077042106
-5.545000000000074,13.808650823869831,27.07771478031016,77.37840415640821
-5.535000000000074,13.279977297111385,26.43359620336749,76.31676878538278
-5.525000000000074,12.804378729133987,25.849857906589293,75.33900211399853
-5.515000000000074,12.378261426669383,25.322904935831254,74.44356694985808
-5.5050000000000745,11.99760102511984,24.84833823419175,73.62590478580785
-5.495000000000075,11.658021771382508,24.42090631929486,72.87800970048605
-5.485000000000075,11.354817166726253,24.034426806415006,72.18816121344251
-5.475000000000075,11.082941520089934,23.68172647924374,71.54090812884718
-5.465000000000075,10.837003783649413,23.354644738313077,70.91736329325562
-5.455000000000076,10.611290901807742,23.044133411923756,70.29582685560858
-5.445000000000076,10.399839166383122,22.740468611392515,69.65271002237168
-5.435000000000076,10.196560712245457,22.433570782414087,68.96368968593669
-5.425000000000076,9.995420516526183,22.11341071963963,68.20499301115512
-5.415000000000076,9.79064913525844,21.77046502894013,67.35469455782138
-5.405000000000077,9.576969501932593,21.396176427109644,66.39390873375315
-5.395000000000077,9.349813307003789,20.98337328921739,65.30777649633265
-5.385000000000077,9.105503880841196,20.526608676442148,64.08617390364468
-5.375000000000077,8.841387493027261,20.02239027887353,62.72410612791184
-5.3650000000000775,8.555902381158525,19.469287068210196,61.2217877206142
-5.355000000000078,8.248583154639451,18.867913393786882,59.58444226789007
-5.345000000000078,7.920005993166578,18.220804309961494,57.8218773297876
-5.335000000000078,7.571686040985784,17.532205184207147,55.94790099292726
-5.325000000000078,7.205941807662887,16.80780305570851,53.97964422426124
-5.3150000000000786,6.825742000226353,16.054426738394096,51.93684065106575
-5.305000000000079,6.434548347577291,15.27973815967475,49.84109646870878
-5.295000000000079,6.036164378333736,14.491930447936028,47.71516297982472
-5.285000000000079,5.634595756419513,13.69944069778759,45.58220784823379
-5.275000000000079,5.2339236621773715,12.910678936250456,43.465072489960974
-5.26500000000008,4.838189646531162,12.133770922798139,41.38550423095023
-5.25500000000008,4.451288872133576,11.37631168566119,39.363362760332876
-5.24500000000008,4.076868789684556,10.645128989143021,37.41581859210056
-5.23500000000008,3.7182318134874306,9.94606040272235,35.55658257986193
-5.2250000000000805,3.378242918288081,9.283752979983538,33.795224983851504
-5.215000000000081,3.0592456058206783,8.661499253293856,32.1366552624053
-5.205000000000081,2.7629917272709537,8.081125953428131,30.580835846572338
-5.195000000000081,2.4905916874817997,7.542951638050957,29.122792709815855
-5.185000000000081,2.2424913229169174,7.045825923110978,27.75296287959755
-5.1750000000000815,2.018480228932212,6.587256569176615,26.45788670984288
-5.165000000000082,1.8177337473005089,6.163622165238794,25.221215111867853
-5.155000000000082,1.638887626032002,5.770458854065798,24.02496446275235
-5.145000000000082,1.4801410349367452,5.402800888587384,22.850920158332727
-5.135000000000082,1.3393806643326394,5.055548132598984,21.682068558941666
-5.125000000000083,1.2143164698988154,4.723829938298711,20.503929648020375
-5.115000000000083,1.1026185329069182,4.403334695796974,19.30567030869165
-5.105000000000083,1.0020445929905355,4.090577770822339,18.080899768348655
-5.095000000000083,0.9105490239880223,3.7830870342883647,16.828081553907424
-5.0850000000000835,0.8263661628835864,3.479493844573963,15.55053588108718
-5.075000000000084,0.7480636655760715,3.1795270247591016,14.256047668845309
-5.065000000000084,0.6745645954990969,2.883916867225739,12.956133253430373
-5.055000000000084,0.6051398924223712,2.5942243847358837,11.665049043093337
-5.045000000000084,0.5393754001663915,2.312617043437476,10.398644754126362
-5.0350000000000845,0.4771195101545358,2.041615531812216,9.173171042928772
-5.025000000000085,0.4184185573954887,1.783836590547923,8.00414648335475
-5.015000000000085,0.3634473478117486,1.5417547625313675,6.905373581751984
-5.005000000000085,0.31244166326147055,1.3175016276888756,5.888170618703992
-4.995000000000085,0.26563842960642925,1.1127153735425144,4.960858924799968
-4.985000000000086,0.2232276478894361,0.928447217683988,4.128517228144306
-4.975000000000086,0.18531840949067796,0.7651250198487465,3.392989110486616
-4.965000000000086,0.1519195677770736,0.6225690591547378,2.7531088465159437
-4.955000000000086,0.12293411238075841,0.5000508817673763,2.2050965436033865
-4.945000000000086,0.09816512501747726,0.3963836012363734,1.7430661424090168
-4.935000000000087,0.0773304603836262,0.31003109230946424,1.3595891749532665
-4.925000000000087,0.060083000237667925,0.23922400077007927,1.046262172623685
-4.915000000000087,0.04603342577755608,0.1820720959785806,0.7942347574708124
-4.905000000000087,0.034772855402196504,0.13666483797627504,0.5946670089430053
-4.8950000000000875,0.0258932932976633,0.10115471813317117,0.4390969874000678
-4.885000000000088,0.01900451792051559,0.0738205989661745,0.31971087006213394
-4.875000000000088,0.013746710278151098,0.05311063870048473,0.22951794470838882
-4.865000000000088,0.00979870539654145,0.037666250742407675,0.16244007447821218
-4.855000000000088,0.0068822004009930025,0.026329829884074007,0.11332997699749284
-4.845000000000089,0.004762551123370989,0.018139677884525626,0.07793489012742369
-4.835000000000089,0.003246941605314542,0.01231575154492387,0.05282231658841878
-4.825000000000089,0.002180739614495825,0.008239649467138177,0.03528308559307711
-4.815000000000089,0.0014427879415545497,0.005431779314183534,0.023224516424018314
-4.805000000000089,0.0009402598381355496,0.0035280312609874505,0.015063548993474216
-4.79500000000009,0.0006035586616109382,0.0022576318691525776,0.0096267547017597
-4.78500000000009,0.00038159157273648234,0.0014232449267764131,0.006061468274470151
-4.77500000000009,0.00023761231633508045,0.0008838716680859244,0.003760072586770198
-4.76500000000009,0.00014571851841392345,0.0005407054649100986,0.002297798291851292
-4.7550000000000905,8.800802930853692e-05,0.00032581778050205833,0.0013832582561743038
-4.745000000000091,5.23454532573287e-05,0.0001933807506400869,0.0008202575885022676
-4.735000000000091,3.0660077067018065e-05,0.00011304711070856218,0.00047910886052937324
-4.725000000000091,1.7684575201927777e-05,6.508756887909088e-05,0.00027563717440072684
-4.715000000000091,1.0044621024523551e-05,3.6907511507407805e-05,0.00015618702579638834
-4.7050000000000916,5.61799394182059e-06,2.061087718316292e-05,8.716473569860454e-05
-4.695000000000092,3.094067427997564e-06,1.133524913790513e-05,4.790839265063764e-05
-4.685000000000092,1.6779220264201852e-06,6.139137721259505e-06,2.5932510297580242e-05
-4.675000000000092,8.959847002453009e-07,3.274274590314829e-06,1.3823815039471746e-05
-4.665000000000092,4.7109676700681385e-07,1.7196685521228165e-06,7.256894113139397e-06
-4.655000000000093,2.438904415522338e-07,8.893804842177916e-07,3.751484285617518e-06
-4.645000000000093,1.2432241900131828e-07,4.5293470123451857e-07,1.9097463370120045e-06
-4.635000000000093,6.239782657513127e-08,2.2713358134517484e-07,9.573261156381672e-07
-4.625000000000093,3.083546714690128e-08,1.1215484757234593e-07,4.72550168517105e-07
-4.6150000000000935,1.500336731992763e-08,5.4530494674812095e-08,2.2968492009034002e-07
-4.605000000000094,7.187543807925097e-09,2.6105965358162536e-08,1.099276418287807e-07
-4.595000000000094,3.3901782685017413e-09,1.2305909571590577e-08,5.180421118590511e-08
-4.585000000000094,1.5743882031710939e-09,5.711582605599032e-09,2.4038163823941508e-08
-4.575000000000094,7.198559917757427e-10,2.6101383024847866e-09,1.0982732069726596e-08
-4.5650000000000945,3.240569972358885e-10,1.174439877365328e-09,4.940689704045414e-09
-4.555000000000095,1.4362725308545911e-10,5.203008098263161e-10,2.1884088737997894e-09
-4.545000000000095,6.2674353108668e-11,2.2695052817886604e-10,9.543968858708558e-10
-4.535000000000095,2.6926411626358247e-11,9.746702259436768e-11,4.09812789052711e-10
-4.525000000000095,1.1389402457738098e-11,4.1212702193666687e-11,1.7325849560395876e-10
-4.515000000000096,4.743027172142504e-12,1.715729044297467e-11,7.211954542247922e-11
-4.505000000000096,1.944648173393206e-12,7.032474283278433e-12,2.955683892976239e-11
-4.495000000000096,7.849755001364578e-13,2.83796974238106e-12,1.192633873315976e-11
-4.485000000000096,3.119618318323745e-13,1.1275866434011284e-12,4.7380517307093995e-12
-4.4750000000000965,1.220648899167204e-13,4.411306493876894e-13,1.8533074211057985e-12
-4.465000000000097,4.703673311804194e-14,1.7002946675599034e-13,7.139275460531594e-13
-4.455000000000097,1.7886264996344785e-14,6.487330775197735e-14,2.7135351936623907e-13
-4.445000000000097,6.8160393487993264e-15,2.5378606644014052e-14,1.0323262787369311e-13
-4.435000000000097,2.8965177996911933e-15,1.2621992907811328e-14,4.344921663282641e-14
-4.4250000000000975,2.1406991628639623e-15,1.377227764937994e-14,3.111724753320819e-14
-4.415000000000098,3.767780678152041e-15,3.022717077426474e-14,5.343612163995087e-14
-4.405000000000098,9.459696616659472e-15,7.917331400056093e-14,1.3343285322707948e-13
-4.395000000000098,2.4963940333648782e-14,2.1015955784271578e-13,3.5185593975440155e-13
-4.385000000000098,6.543805515130077e-14,5.5131198112757e-13,9.222283685142207e-13
-4.375000000000099,1.6906977776317775e-13,1.424544297409636e-12,2.3826948399833373e-12
-4.365000000000099,4.3011153967817895e-13,3.6240704651726163e-12,6.061537641213911e-12
-4.355000000000099,1.077255758083055e-12,9.076848429644063e-12,1.5181701265610137e-11
-4.345000000000099,2.6562674428889004e-12,2.2381446530964488e-11,3.743461788200669e-11
-4.335000000000099,6.448208403434917e-12,5.433196721460812e-11,9.087421425658135e-11
-4.3250000000001,1.5410633722678503e-11,1.2984847833871447e-10,2.1718113659901267e-10
-4.3150000000001,3.6259021720603434e-11,3.0551493750332184e-10,5.109962179673941e-10
-4.3050000000001,8.39896585597585e-11,7.076885715530049e-10,1.183661219620931e-09
-4.2950000000001,1.9153568434062401e-10,1.6138607678356552e-09,2.699300909361542e-09
-4.2850000000001005,4.300190826946971e-10,3.6232983392701415e-09,6.0602331359633125e-09
-4.275000000000101,9.504732701608658e-10,8.008593943585583e-09,1.3394962778351191e-08
-4.265000000000101,2.0682652537924784e-09,1.74269988491605e-08,2.914793814834831e-08
-4.255000000000101,4.430846582202735e-09,3.733387588814638e-08,6.244365508053165e-08
-4.245000000000101,9.345043740010562e-09,7.874041600993764e-08,1.31699140827305e-07
-4.235000000000102,1.940394847646037e-08,1.6349575430346338e-07,2.7345868185355716e-07
-4.225000000000102,3.966550937799679e-08,3.3421766623705714e-07,5.590036441663227e-07
-4.215000000000102,7.982705501500276e-08,6.726148850237904e-07,1.1249978975740983e-06
-4.205000000000102,1.581617013376111e-07,1.332654881736159e-06,2.22896336897452e-06
-4.195000000000102,3.085081895880217e-07,2.599459549517966e-06,4.347787408738641e-06
-4.185000000000103,5.924425125491221e-07,4.991862124771377e-06,8.349256789267961e-06
-4.175000000000103,1.1200563736822473e-06,9.437484432600702e-06,1.5784887283142036e-05
-4.165000000000103,2.084719828255003e-06,1.7565643469184998e-05,2.937983147915372e-05
-4.155000000000103,3.820055399051474e-06,3.218740967626348e-05,5.383581157718779e-05
-4.1450000000001035,6.8913732687495825e-06,5.8066030845618346e-05,9.711971006928113e-05
-4.135000000000104,1.2239284654059044e-05,0.00010312700423203858,0.00017248750440611348
-4.125000000000104,2.140032878466768e-05,0.00018031705769761027,0.0003015935497760861
-4.115000000000104,3.683825116901598e-05,0.0003103954676753189,0.0005191592638318015
-4.105000000000104,6.242976674967613e-05,0.0005260270515616992,0.0008798189576983302
-4.095000000000105,0.00010415942379009128,0.0008776370222294876,0.0014679125110447764
-4.085000000000105,0.0001710880095912483,0.001441570678995224,0.002411133055755569
-4.075000000000105,0.000276665322499019,0.0023311546949561623,0.0038990277930779247
-4.065000000000105,0.0004404575210635364,0.003711251590483142,0.006207341421702834
-4.055000000000105,0.000690347062918354,0.005816796201038257,0.009729019744416725
-4.045000000000106,0.001065234151424191,0.008975557799908052,0.01501228099359444
-4.035000000000106,0.0016182172641744101,0.013634938917408662,0.02280543882862992
-4.025000000000106,0.0024201524708938322,0.020391965802125125,0.034107063589563974
-4.015000000000106,0.0035633852155431537,0.03002473204852138,0.050218574078415595
-4.0050000000001065,0.005165316868583558,0.043522450014231606,0.07279450076629294
-3.9950000000001067,0.007371320802297615,0.06211002138283897,0.10388358186795807
-3.985000000000107,0.010356375879824796,0.08726180078123065,0.14595178400481285
-3.975000000000107,0.014324664055169,0.12069820519698628,0.2018766312059447
-3.9650000000001073,0.019506315097176798,0.16435828534397964,0.27490132849843296
-3.9550000000001075,0.026150510645618057,0.22034162111968217,0.36853757778337437
-3.9450000000001078,0.03451431520575094,0.2908142126679723,0.48640817371230577
-3.935000000000108,0.04484690709683015,0.37787561190798763,0.6320247713905003
-3.925000000000108,0.05736934369441804,0.48338842646341446,0.808502719150721
-3.9150000000001084,0.07225059283397008,0.6087763626352779,1.018223270561797
-3.9050000000001086,0.08958124562695916,0.754802732185673,1.2624631207231918
-3.895000000000109,0.10934701394930131,0.9213471447915567,1.5410209079592059
-3.885000000000109,0.13140470249921976,1.107203050976318,1.8518785894717686
-3.8750000000001092,0.1554637128767412,1.309921897309458,2.1909407794420934
-3.8650000000001095,0.18107617521925573,1.5257299765418466,2.5518956747620547
-3.8550000000001097,0.20763843086352685,1.7495409203690453,2.9262359500996595
-3.84500000000011,0.2344057780052732,1.9750799449023366,3.303466567592034
-3.83500000000011,0.2605211795478461,2.195125740165609,3.6715093548281814
-3.8250000000001103,0.2850571296922529,2.4018632338453907,4.01729302817646
-3.8150000000001105,0.3070682604127193,2.587326848251128,4.327494572658432
-3.8050000000001107,0.3256507618563268,2.7439011707165353,4.5893766500121895
-3.795000000000111,0.34000352358732944,2.8648361236469184,4.791649258447681
-3.785000000000111,0.3494852791229866,2.944728458652576,4.925275066891438
-3.7750000000001114,0.35366208957319933,2.9799218488405534,4.984138598530161
-3.7650000000001116,0.3523402719492355,2.9687843391632502,4.965510286427303
-3.755000000000112,0.34558129255375014,2.91183383601665,4.8702563631255185
-3.745000000000112,0.33369703122238525,2.8116982030049247,4.702772116007046
-3.7350000000001122,0.3172259261840334,2.6729142576548854,4.470645691028281
-3.7250000000001124,0.29689254372605467,2.5015871053366188,4.184088297281461
-3.7150000000001127,0.2735548052091988,2.3049454720229345,3.855190456934933
-3.705000000000113,0.24814422731458208,2.090838161741346,3.497079773273368
-3.695000000000113,0.22160496288409107,1.8672203987432214,3.1230617657194237
-3.6850000000001133,0.19483715162740942,1.6416764690900258,2.7458213945363603
-3.6750000000001135,0.16864919060154718,1.4210174951423482,2.376750212642046
-3.6650000000001137,0.14372218644419185,1.2109818143121505,2.0254450705904627
-3.655000000000114,0.12058827737136668,1.016052164868622,1.699402097852739
-3.645000000000114,0.09962294507302251,0.8393906622080939,1.4039075594213797
-3.6350000000001144,0.08105007891575326,0.6828810979718715,1.1421080165433486
-3.6250000000001146,0.06495755462192451,0.5472596532267416,0.9152280807103396
-3.615000000000115,0.05132052188992486,0.43231031862206754,0.7228960006654241
-3.605000000000115,0.04002946147660717,0.33710017079624177,0.5635353851809425
-3.595000000000115,0.03092031003323985,0.2602316451113105,0.43478467377592855
-3.5850000000001154,0.023804453917622405,0.20009317621425698,0.3339130347456557
-3.5750000000001156,0.018497032545933653,0.15509497056986365,0.2582103983054434
-3.565000000000116,0.014842638178157048,0.1238821452884765,0.20533852068869696
-3.555000000000116,0.012738039901476862,0.10552207532856685,0.17363776270194126
-3.5450000000001163,0.012151911737222016,0.09966584218288724,0.16238950380145142
-3.5350000000001165,0.013141660993144948,0.1066847783172028,0.17203615079484746
-3.5250000000001167,0.01586732432036858,0.1277821786209684,0.20435941553690132
-3.515000000000117,0.020602154193416464,0.1650775391158391,0.26261331321682724
-3.505000000000117,0.02773902150477171,0.22165670594091766,0.3516020192715943
-3.4950000000001173,0.03779120516283552,0.3015768438369188,0.47768556261969247
-3.4850000000001176,0.05138564577972478,0.40981112614952764,0.6486898757828596
-3.4750000000001178,0.06924644101387245,0.55211558465537,0.8736936950706256
-3.465000000000118,0.09216638840491266,0.7348007130256915,1.1626649260861153
-3.455000000000118,0.12096485205729889,0.9643941128972315,1.5259248301383503
-3.4450000000001184,0.15643121430035611,1.2471882850323999,1.97343066920143
-3.4350000000001186,0.1992546773961166,1.5886796407789168,2.513886339557239
-3.425000000000119,0.2499431201774188,1.9929202757622009,3.1537149757592244
-3.415000000000119,0.30873590704889425,2.461821544997621,3.8959552001155693
-3.4050000000001193,0.3755177131417572,2.994465777089459,4.73917009745993
-3.3950000000001195,0.4497422189116914,3.586496762100976,5.6764806696983445
-3.3850000000001197,0.5303755628159703,4.229667927190452,6.69484868911488
-3.37500000000012,0.6158693803906513,4.911626645892362,7.774733193012454
-3.36500000000012,0.7041718671109818,5.616002031697233,8.890227359639278
-3.3550000000001203,0.7927825183801349,6.322841343102712,10.009747371843527
-3.3450000000001205,0.8788521787448069,7.009408019343508,11.0972940690522
-3.3350000000001208,0.9593251601992081,7.651315458302108,12.114246585569461
-3.325000000000121,1.031115051909812,8.223929620312951,13.021582178830059
-3.315000000000121,1.091301151643452,8.703936074055587,13.782357060238825
-3.3050000000001214,1.1373289294052693,9.070939003309592,14.3642384600786
-3.2950000000001216,1.1671962033351937,9.308945900186202,14.741856212700423
-3.285000000000122,1.179607155456463,9.407595291838112,14.898747781352732
-3.275000000000122,1.1740790142166055,9.363006477720191,14.82870481386562
-3.2650000000001222,1.150990906644025,9.17816769680433,14.536388571267615
-3.2550000000001225,1.1115704397075212,8.862827639193664,14.037158378336747
-3.2450000000001227,1.0578201813137085,8.43290815276719,13.356141145055881
-3.235000000000123,0.992392452930658,7.909505982437048,12.526649295403136
-3.225000000000123,0.9184258527771396,7.317591482276527,11.588118120507328
-3.2150000000001233,0.8393600385458801,6.684537137001626,10.583773197635598
-3.2050000000001235,0.7587461597433487,6.038615568930797,9.558249543260018
-3.1950000000001237,0.6800689501816186,5.4075955145845835,8.555366605439897
-3.185000000000124,0.6065932242011194,4.817537817033658,7.61622142774307
-3.175000000000124,0.5412429891739327,4.291856753551845,6.777704158058213
-3.1650000000001244,0.4865163674830085,3.850671204227366,6.071475333253696
-3.1550000000001246,0.4444348052305762,3.510431631742111,5.523383120411687
-3.145000000000125,0.41652131064113074,3.2837780888333903,5.15324966243054
-3.135000000000125,0.4038001767509045,3.179565336128307,4.974924964844199
-3.1250000000001252,0.40680999385788963,3.2029853472702965,4.996497119232622
-3.1150000000001254,0.4256226615939353,3.355724492148014,5.220558336481219
-3.1050000000001257,0.4598632403426903,3.6361100600323573,5.644453422557984
-3.095000000000126,0.5087283378257215,4.039224625787259,6.260474876239952
-3.085000000000126,0.5710037292298368,4.556992450603689,7.056009451230553
-3.0750000000001263,0.6450844926513619,5.178265013827977,8.013677503095149
-3.0650000000001265,0.7290026394302612,5.888948928883776,9.111532458128254
-3.0550000000001267,0.8204677284733916,6.6722261379696235,10.323398888012251
-3.045000000000127,0.9169251738273032,7.508912188755801,11.619421961443123
-3.035000000000127,1.0156349942917882,8.377984036710444,12.966879121753315
-3.0250000000001274,1.113770910871515,9.25728625572419,14.331269878308845
-3.0150000000001276,1.2085364143146917,10.124397159531341,15.67765685006953
-3.005000000000128,1.2972912221766824,10.957608372752308,16.972187277605833
-2.995000000000128,1.377678947705635,11.736947341913515,18.18368618397016
-2.985000000000128,1.447745262429409,12.445156250921626,19.28518669227497
-2.9750000000001284,1.5060356584726315,13.068535881514252,20.2552545916258
-2.9650000000001286,1.5516632186537302,13.597570660697237,21.07897555623585
-2.955000000000129,1.5843394760582128,14.027271102644297,21.74850399098672
-2.945000000000129,1.6043651710020341,14.357199776999174,22.263118775337084
-2.9350000000001293,1.6125819999530857,14.591182820009815,22.62878701060739
-2.9250000000001295,1.6102907017536103,14.736745702979722,22.857294225442594
-2.9150000000001297,1.5991444299995492,14.80434396790117,22.96504973509245
-2.90500000000013,1.5810287863678536,14.806481939793278,22.971711147307616
-2.89500000000013,1.557940776348216,14.756821418007574,22.89878666499532
-2.8850000000001303,1.5318781667900474,14.669376472483927,22.76836534580584
-2.8750000000001306,1.5047484041639247,14.55787055502321,22.602095065152135
-2.8650000000001308,1.4783027680791,14.435301337836622,22.42048045475698
-2.855000000000131,1.454097348130503,14.313722021784516,22.24251631776781
-2.845000000000131,1.4334784016891544,14.204211358618242,22.085615345829186
-2.8350000000001314,1.4175863210321746,14.11697436211548,21.965741812828817
-2.8250000000001316,1.407370333592015,14.06149667053336,21.897633137359584
-2.815000000000132,1.4036054911332723,14.046670892908459,21.894983684359254
-2.805000000000132,1.4069045192643177,14.080823700058037,21.970481003828205
-2.7950000000001323,1.417719471375778,14.17159601124401,22.135620969708036
-2.7850000000001325,1.436331400003026,14.32566123397201,22.40027857274312
-2.7750000000001327,1.462829808236739,14.548302451211827,22.7720666215059
-2.765000000000133,1.4970868107343467,14.842902456966868,23.255565595314327
-2.755000000000133,1.5387331220294425,15.210424838737916,23.85154538693216
-2.7450000000001333,1.5871437744355321,15.64897556354656,24.556316927322907
-2.7350000000001335,1.6414406704205644,16.15353057959386,25.36134531737559
-2.7250000000001338,1.7005167958881593,16.715896160121538,26.25322664680967
-2.715000000000134,1.763083527586111,17.32493792097421,27.214082552338752
-2.705000000000134,1.8277385320468025,17.967076485511793,28.22236730192345
-2.6950000000001344,1.8930479585427686,18.627008735295973,29.254021285933412
-2.6850000000001346,1.95763365503183,19.288579821003395,30.283852178560725
-2.675000000000135,2.020254546291185,19.935708205638957,31.286989469647388
-2.665000000000135,2.0798714542209713,20.553257893814095,32.240245730680456
-2.6550000000001353,2.135686579431364,21.12776026444046,33.12323140653069
-2.6450000000001355,2.1871523701212374,21.64791154231224,33.919107530638534
-2.6350000000001357,2.233949078141485,22.104807371396973,34.61491698698417
-2.625000000000136,2.275935243928179,22.491917632800966,35.20150103777208
-2.615000000000136,2.313079869339216,22.804845854811347,35.67307317364504
-2.6050000000001363,2.34538836760847,23.040951443039763,36.026576076940316
-2.5950000000001365,2.372835912279161,23.198933658681455,36.26098031473767
-2.5850000000001367,2.395321188376267,23.278479924574263,36.37668912899879
-2.575000000000137,2.412650751741791,23.28006648438455,36.37519049077749
-2.565000000000137,2.424559547857111,23.204968544089045,36.259048362197895
-2.5550000000001374,2.4307672696096123,23.055494499847853,36.032257330871424
-2.5450000000001376,2.4310640201891958,22.835411602596693,35.70090940800987
-2.535000000000138,2.425413178324718,22.550486445069396,35.27405156843491
-2.525000000000138,2.4140553810941667,22.20903079673301,34.76456000223451
-2.5150000000001382,2.3975958873944507,21.822327814542316,34.18983201773267
-2.5050000000001384,2.3770586708755754,21.404819075786456,33.57210475644869
-2.4950000000001387,2.3538944000390454,20.973959340349943,32.93825157549744
-2.485000000000139,2.3299355360408387,20.549690012153896,32.318976671013544
-2.475000000000139,2.307299264858445,20.1535374129706,31.747415915387414
-2.4650000000001393,2.288246761262917,19.807399655533644,31.25724339767376
-2.4550000000001395,2.2750141465340734,19.532136951844656,30.880464271356807
-2.4450000000001397,2.2696353451828752,19.346116399417376,30.645132197528316
-2.43500000000014,2.273779055282839,19.263877745996453,30.573254556943127
-2.42500000000014,2.2886208412680475,19.29507869964939,30.679136490078285
-2.4150000000001404,2.3147670553722395,19.443848021651714,30.968367259724914
-2.4050000000001406,2.3522404948156983,19.70862629770738,31.43757631630814
-2.395000000000141,2.4005293919982345,20.08251490448422,32.074992776237764
-2.385000000000141,2.458692725811152,20.554091674552378,32.86174404750443
-2.375000000000141,2.5255071794912056,21.108595628800664,33.773740494871134
-2.3650000000001414,2.5996354438717155,21.729340289590876,34.78392502481831
-2.3550000000001416,2.6797927501618797,22.39919082423844,35.86462771405729
-2.345000000000142,2.7648888730593506,23.1019372332748,36.989760321482365
-2.335000000000142,2.8541262815443673,23.823413765218824,38.136613415437296
-2.3250000000001423,2.9470411204753484,24.552250812893945,39.287075394124884
-2.3150000000001425,3.043481439535257,25.280194655991693,40.4281698982182
-2.3050000000001427,3.1435255015494903,26.001986028801735,41.551895689880816
-2.295000000000143,3.247350995228855,26.71484345180108,42.65443965839491
-2.285000000000143,3.3550725282569767,27.417644659708813,43.73490824175535
-2.2750000000001434,3.4665690754709195,28.109933458802523,44.79377597950054
-2.2650000000001436,3.5813245974021966,28.790895926730986,45.831275772425926
-2.255000000000144,3.6983036778223486,29.458447324279057,46.84595108395649
-2.245000000000144,3.815879973452844,30.108550281629952,47.83355725782444
-2.235000000000144,3.9318290753215748,30.73484908768676,48.78644278827336
-2.2250000000001444,4.043389857329937,31.328659614785714,49.69347042067276
-2.2150000000001446,4.147390491568255,31.879306178510948,50.54046299403127
-2.205000000000145,4.240428023670938,32.374752357657044,51.31109090610067
-2.195000000000145,4.319084601075203,32.802438579813796,51.988066536278936
-2.1850000000001453,4.380159787727325,33.15021945693575,52.55448252837178
-2.1750000000001455,4.420897231890507,33.40729035202782,52.995128175133445
-2.1650000000001457,4.439185288146186,33.56500471700505,53.297639605724676
-2.155000000000146,4.433714709611112,33.61750815544181,53.453379516528
-2.145000000000146,4.404081633097904,33.56214693327108,53.45799251209617
-2.1350000000001463,4.350830022296812,33.39964196443147,53.31163330592827
-2.1250000000001465,4.275433710176293,33.13404858136895,53.018908282920435
-2.1150000000001468,4.180223465780685,32.77254336202254,52.58859969215007
-2.105000000000147,4.068268553433165,32.325089579699096,52.03325278375334
-2.095000000000147,3.943224745661428,31.804032356778603,51.36869998573786
-2.0850000000001474,3.809161644988023,31.223665275218448,50.61357650623016
-2.0750000000001476,3.670381644735919,30.599795434036693,49.78885459465792
-2.065000000000148,3.531241262512304,29.94931778719472,48.917396000626326
-2.055000000000148,3.395983341789825,29.28979582042725,48.023500174740605
-2.0450000000001483,3.268586163566938,28.639036984105996,47.13241380513111
-2.0350000000001485,3.15263319536514,28.014649057326228,46.269767099764245
-2.0250000000001487,3.051205268833654,27.433567476232675,45.46091283746919
-2.015000000000149,2.966795537299653,26.91155203756896,44.73016250071281
-2.005000000000149,2.901246634543917,26.46266197673536,44.09993547942325
-1.9950000000001493,2.8557089822157358,26.098728826171655,43.58985806132117
-1.9850000000001495,2.830619092724793,25.82885477589073,43.21586528871519
-1.9750000000001497,2.8256969023622704,25.65896939505276,42.989368846217204
-1.96500000000015,2.839961567686126,25.591479300986613,42.91655757551138
-1.9550000000001502,2.8717656854358364,25.62504406956105,42.99789474750146
-1.9450000000001504,2.9188484473407863,25.754507976064005,43.227869046989824
-1.9350000000001506,2.9784086700341392,25.971011460909498,43.5950452636077
-1.9250000000001508,3.0471987590968705,26.262298520801735,44.08244616299823
-1.915000000000151,3.1216402705518065,26.613226112185092,44.66827847912998
-1.9050000000001512,3.1979606519995767,27.006468579341544,45.326992753779415
-1.8950000000001515,3.272348906529035,27.42339390067728,46.03063874290278
-1.8850000000001517,3.3411254116697577,27.84506984558087,46.75044654937448
-1.8750000000001519,3.4009182212492104,28.253338763602944,47.45853159340531
-1.865000000000152,3.448835339131978,28.63188261510898,48.12959380734661
-1.8550000000001523,3.482620256643801,28.96718860039826,48.74246385545483
-1.8450000000001525,3.5007770745228215,29.249323850114,49.28134726297358
-1.8350000000001527,3.5026522459382847,29.472437558073782,49.73663481594983
-1.825000000000153,3.488462591304888,29.634931237304205,50.10518503849399
-1.8150000000001532,3.45926362790805,29.739270653401842,50.39003865558566
-1.8050000000001534,3.41685795814089,29.79145229438398,50.599588657913486
-1.7950000000001536,3.363649710837045,29.800177120994075,50.74629321613552
-1.7850000000001538,3.302456912199601,29.775818344021854,50.845071783330674
-1.775000000000154,3.236298269421795,29.729292357836925,50.91155823683419
-1.7650000000001542,3.1681734631288134,29.670948960194025,50.960393239473376
-1.7550000000001544,3.1008562765004606,29.6095876801945,51.00372029164394
-1.7450000000001546,3.03671775644406,29.5516835697074,51.050010365803466
-1.7350000000001549,2.977592517801002,29.50087297061408,51.10328687459286
-1.725000000000155,2.9246959822856997,29.457713922927688,51.162766645051846
-1.7150000000001553,2.878594661390099,29.419703593839287,51.222884122316835
-1.7050000000001555,2.8392263985469413,29.381511725383316,51.27363338366007
-1.6950000000001557,2.8059634516135525,29.33537761899103,51.301149740134335
-1.685000000000156,2.777708800713406,29.27161870955884,51.28845887012915
-1.6750000000001561,2.753015152258684,29.17920868523295,51.216341209827
-1.6650000000001564,2.730216518771074,29.046397754404396,51.064284343792984
-1.6550000000001566,2.7075635196561514,28.861361653730896,50.81151716487134
-1.6450000000001568,2.6833551285717863,28.612874531789725,50.4381288606301
-1.635000000000157,2.6560610078968443,28.29100091692137,49.926269026993396
-1.6250000000001572,2.624429511112779,27.887793088956865,49.261402653805796
-1.6150000000001574,2.587576823022485,27.39796446805232,48.43356018907973
-1.6050000000001576,2.545052701472172,26.819491387428464,47.438486690074285
-1.5950000000001578,2.4968782138666117,26.154080230174166,46.27856513899165
-1.585000000000158,2.443551135602332,25.40742963343528,44.963376590964515
-1.5750000000001583,2.3860156654529443,24.589222155154467,43.509770354868024
-1.5650000000001585,2.3255950403174794,23.71279799117237,41.94135293082671
-1.5550000000001587,2.2638885063903516,22.79449379703464,40.28736199985068
-1.545000000000159,2.202637691062887,21.852668574111895,38.58096387502131
-1.5350000000001591,2.1435712705279655,20.906480165011104,36.857088758669704
-1.5250000000001593,2.088240352813348,19.97451354655248,35.14998593162622
-1.5150000000001596,2.0378595708765053,19.07338953234001,33.490729562564255
-1.5050000000001598,1.993169962767999,18.216494883808796,31.90492694162139
-1.49500000000016,1.9543389487018648,17.412969639337536,30.41087058099577
-1.4850000000001602,1.9209100009500046,16.66706483492106,29.018334517534733
-1.4750000000001604,1.8918101354430987,15.977946429602513,27.728148537726348
-1.4650000000001606,1.8654176013082981,15.339973988256189,26.532600705180652
-1.4550000000001608,1.839685785729846,14.743431645816933,25.416629376154155
-1.445000000000161,1.8123131811932058,14.17564057996627,24.359682141673808
-1.4350000000001613,1.780944074395083,13.622342585770031,23.338050971720623
-1.4250000000001615,1.7433810870580644,13.069217950248966,22.32744792223454
-1.4150000000001617,1.6977892867443345,12.50339033544785,21.305568426064916
-1.405000000000162,1.6428724630561193,11.914777305121508,20.254400059499428
-1.395000000000162,1.5780051939454194,11.297165880576747,19.16207085728127
-1.3850000000001623,1.5033090840078955,10.648924728728192,18.024086914168368
-1.3750000000001625,1.4196673977075733,9.97330370790064,16.843876356150062
-1.3650000000001627,1.3286784724730543,9.278312454263306,15.632627164067129
-1.355000000000163,1.2325540149571836,8.576207641225439,14.408471542659727
-1.3450000000001632,1.1339730070968417,7.882649536672487,13.195122772946034
-1.3350000000001634,1.035905031202636,7.2156099616586555,12.020107275707577
-1.3250000000001636,0.9414181792526475,6.594124806879872,10.91275317799586
-1.3150000000001638,0.8534864219090363,6.036985589048177,9.902097943991587
-1.305000000000164,0.774809685381056,5.561458126923107,9.014864780578613
-1.2950000000001642,0.707657375411213,5.1821050537071045,8.273635160680161
-1.2850000000001645,0.6537432019041509,4.9097754487306435,7.695317943549304
-1.2750000000001647,0.6141363465502285,4.750811748811299,7.2899886306407415
-1.2650000000001649,0.5892115959228241,4.706512680755909,7.06014828509332
-1.255000000000165,0.5786391699467679,4.7728814173931156,7.0004317121597985
-1.2450000000001653,0.5814135639952676,4.940679542686778,7.09777795754976
-1.2350000000001655,0.5959196048294795,5.195798003008555,7.332060970704461
-1.2250000000001657,0.6200328413743387,5.519944141255677,7.677161779988664
-1.215000000000166,0.651250116580808,5.891627777250976,8.10244351282764
-1.2050000000001662,0.6868445634960127,6.287408810449056,8.574566110965009
-1.1950000000001664,0.7240373605001938,6.68334510323892,9.059549521108115
-1.1850000000001666,0.7601765619637416,7.056555013911654,9.524965313547602
-1.1750000000001668,0.7929115277716119,7.386787529714985,9.942111477719813
-1.165000000000167,0.8203503192696037,7.657878573195074,10.288008669492765
-1.1550000000001672,0.8411873050310158,7.858968394936586,10.547053183049925
-1.1450000000001674,0.854789412212945,7.985364488271245,10.712175670381024
-1.1350000000001677,0.8612320670584899,8.038957797450015,10.785386086015802
-1.1250000000001679,0.8612797633757963,8.028135646180875,10.777632690488732
-1.115000000000168,0.8563110289404178,7.967179282468979,10.707961752332825
-1.1050000000001683,0.8481927978079077,7.87518219743599,10.602028371379237
-1.0950000000001685,0.8391142152420608,7.774571672018252,10.490070116007832
-1.0850000000001687,0.831394074861997,7.689354739817995,10.404506596063147
-1.075000000000169,0.8272788833808973,7.643236336106486,10.377363628780062
-1.0650000000001691,0.8287496077392396,7.657768881870355,10.437736362706142
-1.0550000000001694,0.8373543421586636,7.750687948321287,10.609500231456662
-1.0450000000001696,0.8540815291302988,7.934568953123532,10.909453115252461
-1.0350000000001698,0.8792842793794775,8.215907732249574,11.346030002730537
-1.02500000000017,0.9126612266927316,8.594687193960265,11.918677768636455
-1.0150000000001702,0.9532937925064671,9.064447616358724,12.617918277005572
-1.0050000000001704,0.9997343262381675,9.612834104806032,13.426068897196702
-0.9950000000001706,1.0501349039253154,10.222555497979975,14.318536236976945
-0.9850000000001709,1.102403093560933,10.872658064769038,15.265556082411349
-0.9750000000001711,1.1543690755595295,11.539997123561772,16.234223561742915
-0.9650000000001713,1.2039483110636464,12.200781531557409,17.190644322395414
-0.9550000000001715,1.2492854538458986,12.832069891109835,18.102040345886632
-0.9450000000001717,1.2888681809870448,13.41311214275563,18.938661652279457
-0.9350000000001719,1.3216036746906603,13.926453702039897,19.675384818958292
-0.9250000000001721,1.3468550918407813,14.358748328659392,20.292917016568833
-0.9150000000001723,1.364439912092072,14.701256866183014,20.778565454689073
-0.9050000000001726,1.3745959763194346,14.95003818548299,21.126571875891358
-0.8950000000001728,1.3779238303782844,15.105862885118814,21.338045685556608
-0.885000000000173,1.375315361882963,15.173897242089184,21.420554230578553
-0.8750000000001732,1.367878569414395,15.163213504725988,21.387443007538522
-0.8650000000001734,1.3568667791521367,15.086183174626564,21.25696233159666
-0.8550000000001736,1.3436180773665392,14.957803962169102,21.0512720030708
-0.8450000000001738,1.3295076577863965,14.795001006176236,20.795384707918096
-0.835000000000174,1.31591274550762,14.61593144135761,20.516095700436423
-0.8250000000001743,1.3041872659393552,14.439310957124306,20.240933887782866
-0.8150000000001745,1.295641859592708,14.283773372966117,19.997159992944038
-0.8050000000001747,1.2915243914030747,14.16727019786764,19.810831934025085
-0.7950000000001749,1.2929967439481422,14.10651633440379,19.70595548980922
-0.7850000000001751,1.3011052013181044,14.116489394385404,19.70373823863435
-0.7750000000001753,1.3167437699278977,14.209991954014644,19.821964673945082
-0.7650000000001755,1.3406119277553392,14.397286995595312,20.07450848229275
-0.7550000000001758,1.373170147526717,14.685815752767503,20.470993114948065
-0.745000000000176,1.4145977949164394,15.080003945881113,21.01660397037746
-0.7350000000001762,1.4647584874105903,15.581157510659878,21.712045826676977
-0.7250000000001764,1.5231776901438712,16.187443549166254,22.55362955166462
-0.7150000000001766,1.5890363330105255,16.89394779405136,23.53346482048791
-0.7050000000001768,1.6611827658834202,17.692797646107632,24.639732528803407
-0.695000000000177,1.7381636786298726,18.573340559272747,25.85701288336687
-0.6850000000001772,1.8182729474691182,19.522371174814353,27.16665264300668
-0.6750000000001775,1.8996159308490477,20.524406307655152,28.547166253403887
-0.6650000000001777,1.980185657782237,21.562013181005305,29.97467821738595
-0.6550000000001779,2.0579466840728786,22.616201394114345,31.423424979835577
-0.6450000000001781,2.130922124421031,23.666891287360205,32.86634098733019
-0.6350000000001783,2.197279441006871,24.693469416472837,34.275753227020424
-0.6250000000001785,2.2554108982268652,25.675435309173384,35.62420047036136
-0.6150000000001787,2.3040050929680924,26.593132990489845,36.88537808961551
-0.605000000000179,2.342106567034504,27.428547199508337,38.03518851163783
-0.5950000000001792,2.3691611493614744,28.166129671152472,39.052854045926665
-0.5850000000001794,2.3850453256759216,28.7936075119459,39.92202649852923
-0.5750000000001796,2.390078571351599,29.30271569481918,40.63181022638304
-0.5650000000001798,2.385018195998767,29.68979079692905,41.17760516475525
-0.55500000000018,2.3710368251934733,29.95616445659292,41.561676011602145
-0.5450000000001802,2.3496831760064563,30.108303038869067,41.793364117972985
-0.5350000000001804,2.3228272609386154,30.157654314813968,41.888879362790874
-0.5250000000001807,2.2925915763945346,30.120181512972373,41.870638804801146
-0.5150000000001809,2.2612702006714107,30.01558824914074,41.76615458494444
-0.5050000000001811,2.2312380536404532,29.86626252324691,41.6065120179793
-0.4950000000001813,2.2048528721541834,29.69599190974595,41.42451626311022
-0.4850000000001815,2.18435274930086,29.528522971385314,41.252618567749415
-0.4750000000001817,2.171752386032519,29.386053727381803,41.12075738252878
-0.46500000000018193,2.1687415168044986,29.28775708975129,41.05426297753619
-0.45500000000018215,2.1765892924841745,29.24843458884404,41.07197501121529
-0.44500000000018236,2.1960587174426363,29.277393288957498,41.18471064785318
-0.4350000000001826,2.2273355133728057,29.377625242029424,41.39419755459099
-0.4250000000001828,2.2699759744987027,29.545349591952775,41.69255397854302
-0.415000000000183,2.3228784241208826,29.76995449998379,42.06236054833103
-0.4050000000001832,2.384282698033938,30.034351579905884,42.47732924236382
-0.3950000000001834,2.4518015658329433,30.315731495114257,42.903537616284545
-0.38500000000018364,2.5224870475941805,30.58668726159883,43.30116354663697
-0.37500000000018385,2.592933092440801,30.816652422675237,43.62662891088574
-0.36500000000018407,2.659413998089712,30.973584754422564,43.83504005487478
-0.3550000000001843,2.7180552822720765,31.025812232276742,43.88279794485436
-0.3450000000001845,2.765030591795697,30.94394628800126,43.73024053598098
-0.3350000000001847,2.796774906251642,30.702757918006384,43.34417336306174
-0.3250000000001849,2.8102011415495287,30.282905649372097,42.70014175205193
-0.31500000000018513,2.8029047585341735,29.67240218289467,41.784300537999684
-0.30500000000018535,2.7733396383608975,28.867710748306468,40.59474688843135
-0.29500000000018556,2.7209487439014217,27.874374969656284,39.142201303995364
-0.28500000000018577,2.6462352324458274,26.707108944287707,37.44995318191897
-0.275000000000186,2.550763763303519,25.389307653705735,35.5530311741166
-0.2650000000001862,2.4370875033301553,23.951980371554342,33.49661349211168
-0.2550000000001864,2.308603225913064,22.43215810422523,31.333755350052474
-0.24500000000018662,2.169344135461449,20.870875285855263,29.1225736554638
-0.23500000000018684,2.023726707229262,19.31086989065516,26.92308511324284
-0.22500000000018705,1.8762729966243448,17.794178655765354,24.79393507881038
-0.21500000000018726,1.7313327863711252,16.35982002304963,22.789273894808346
-0.20500000000018748,1.5928301350873726,15.041753433135451,20.95603064283409
-0.1950000000001877,1.4640562699970758,13.867279062497465,19.331800212655537
-0.1850000000001879,1.3475256270356477,12.855999143253332,17.943501096684464
-0.17500000000018812,1.2449048324341558,12.01940540312375,16.806884642681922
-0.16500000000018833,1.1570164419804616,11.36109360475032,15.926890606377603
-0.15500000000018854,1.083911323586316,10.877543323265723,15.29875910741525
-0.14500000000018876,1.0249966668048613,10.559346545631326,14.9097358096125
-0.13500000000018897,0.9792015385975902,10.392728827728206,14.741154123655988
-0.12500000000018918,0.9451592107456693,10.361186047441171,14.770651591257032
-0.1150000000001894,0.9213853602218004,10.447060172952916,14.97428002474624
-0.10500000000018961,0.9064335498454739,10.632898165067326,15.328299375758208
-0.09500000000018982,0.8990136956271475,10.90247588102298,15.810499097790515
-0.08500000000019003,0.8980648639336519,11.241418358287499,16.400960501355517
-0.07500000000019025,0.9027799432934213,11.63740255735139,17.08224999706239
-0.06500000000019046,0.9125857198136806,12.079981546460301,17.83910631475883
-0.055000000000190674,0.9270869582198739,12.560113725030087,18.657745629738834
-0.04500000000019089,0.9459867256759656,13.069511830202988,19.524949792321628
-0.0350000000001911,0.9689970819453873,13.599940930980322,20.42712016085684
-0.025000000000191314,0.9957543191941796,14.142591480619496,21.34947185794184
-0.015000000000191527,1.0257513091331338,14.687634213230755,22.27551297325963
-0.00500000000019174,1.0582965256484895,15.224031725316973,23.186905614194618
0.004999999999808047,1.0925054027557901,15.7396419285743,24.063748079377593
0.014999999999807834,1.12732536570515,16.221606831725943,24.885257991826045
0.02499999999980762,1.1615916403421895,16.656981789926952,25.630782803450785
0.03499999999980741,1.1941072507836323,17.0335300277234,26.281023038711563
0.044999999999807194,1.2237378137841082,17.340588014854973,26.81932911801546
0.05499999999980698,1.2495100705384035,17.569900541473253,27.232926153294628
0.06499999999980677,1.2707026808654835,17.71632978192217,27.513931833057164
0.07499999999980655,1.2869186386508105,17.778358508099334,27.66005751655984
0.08499999999980634,1.298130638961984,17.75833118820177,27.674917761177024
0.09499999999980613,1.3046936277432937,17.662404782617326,27.567914027095394
0.10499999999980592,1.3073223048135432,17.500210409253043,27.35369971328958
0.1149999999998057,1.3070351775952656,17.28425480789162,27.051272081914924
0.12499999999980549,1.3050704839807616,17.02911432634231,26.682768988764437
0.13499999999980528,1.3027825145228054,16.750492213320307,26.272072505515514
0.14499999999980506,1.3015291893134757,16.464221142648714,25.843336132149552
0.15499999999980485,1.3025628751410054,16.185296446242997,25.419556648765727
0.16499999999980464,1.30693616913095,15.927021331182228,25.021305611493737
0.17499999999980442,1.3154326841806605,15.700333734763507,24.66571949612944
0.1849999999998042,1.3285298849992766,15.513366309926202,24.36582261784939
0.194999999999804,1.3463970583591138,15.371267792955386,24.130225023930688
0.20499999999980378,1.3689270311816406,15.276287722986229,23.96320116498522
0.21499999999980357,1.3957958545372637,15.228099681402737,23.8651176012845
0.22499999999980336,1.4265409600546772,15.224313712591432,23.833143079187174
0.23499999999980314,1.4606458190194613,15.261109187271527,23.862145911847055
0.24499999999980293,1.497618298588772,15.333907527617065,23.945665238741057
0.2549999999998027,1.5370508995938537,15.438001654992627,24.076837052738718
0.2649999999998025,1.5786537985407878,15.569066434156122,24.249164156836585
0.2749999999998023,1.6222557568273805,15.723491228184786,24.457041066060086
0.2849999999998021,1.6677729274982667,15.898500138438713,24.695978151893584
0.29499999999980187,1.7151506574897473,16.09205466444353,24.962510253227357
0.30499999999980165,1.7642877812405933,16.302563678273646,25.25381852277966
0.31499999999980144,1.814955937075119,16.528452753725972,25.567134775480646
0.3249999999998012,1.8667276096904,16.767665248812932,25.89902949747684
0.334999999999801,1.9189256883350494,17.017178131635966,26.244703304563018
0.3449999999998008,1.970604432745774,17.272614652610244,26.597403976497596
0.3549999999998006,2.0205672757081197,17.528023467940667,26.948076374352826
0.3649999999998004,2.0674215353757006,17.775871248181303,27.28532212740363
0.37499999999980016,2.1096646846198346,18.007266209466763,27.595703832475028
0.38499999999979995,2.1457921671946822,18.212397538925195,27.86438038073697
0.39499999999979973,2.174413578408895,18.381145019579694,28.076012732263926
0.4049999999997995,2.194362819162068,18.50378878089733,28.21583990020752
0.4149999999997993,2.204788748725736,18.57173462297023,28.27079901759246
0.4249999999997991,2.20521572782426,18.578167955084613,28.230555160295886
0.4349999999997989,2.195567781762336,18.518559425513054,28.088317523740827
0.44499999999979867,2.1761552300048055,18.390966298627646,27.841347166967815
0.45499999999979845,2.147627733545085,18.1961024042055,27.491103718548892
0.46499999999979824,2.1109020477592746,17.937181713426863,27.043027959104794
0.47499999999979803,2.067075730211831,17.619571444570724,26.50600666927485
0.4849999999997978,2.017339270419715,17.25031545353349,25.89160814279884
0.4949999999997976,1.9628984903777378,16.83760383500456,25.213205007609353
0.5049999999997974,1.9049167922699224,16.390267954618977,24.48511126217504
0.5149999999997972,1.8444833116580075,15.917371178784716,23.721851264213917
0.524999999999797,1.782608830139151,15.42794587394096,22.937651344313338
0.5349999999997967,1.7202470315031235,14.930899965396373,22.146204067913832
0.5449999999997965,1.6583349411315587,14.435085794517896,21.36070735232595
0.5549999999997963,1.5978436543395835,13.949495000566941,20.594133180381192
0.5649999999997961,1.5398290568182724,13.483520225526773,19.85964096979614
0.5749999999997959,1.4854722963624132,13.047211158553804,19.17102491212655
0.5849999999997957,1.436101208514248,12.651450811350562,18.54307668094733
0.5949999999997955,1.393186481426354,12.307988090563423,17.991755847539658
0.6049999999997953,1.3583096843318236,12.02928298415831,17.534088159925936
0.614999999999795,1.3331039198042676,11.828147731342346,17.18775195596152
0.6249999999997948,1.3191713212176834,11.717196957918308,16.970359034538703
0.6349999999997946,1.3179844845425497,11.708147460506192,16.898481280209722
0.6449999999997944,1.3307808845169489,11.811030170019096,16.98651172991237
0.6549999999997942,1.3584602062201332,12.033390025328071,17.24547364613425
0.664999999999794,1.4014943022028827,12.379552780707767,17.681900821034642
0.6749999999997938,1.4598582782358904,12.850031493093999,18.296906555369567
0.6849999999997936,1.5329892367086368,13.441131290207597,19.085539546648246
0.6949999999997933,1.6197767425167058,14.14479161211397,20.03649592329654
0.7049999999997931,1.7185864082224112,14.948683377465937,21.132222325925458
0.7149999999997929,1.8273153795088632,15.836557159829324,22.34940968954198
0.7249999999997927,1.9434761400733103,16.7888195484009,23.65984495203762
0.7349999999997925,2.0643030873950075,17.78329966802364,25.031560943317047
0.7449999999997923,2.186874844155362,18.79615681026585,26.430204657348014
0.7549999999997921,2.308244313820149,19.80287315769898,27.820531434707007
0.7649999999997918,2.4255680901269,20.77927224876897,29.16792706785592
0.7749999999997916,2.5362270016388506,21.702503693644545,30.4398609385879
0.7849999999997914,2.637930309429,22.55193743629839,31.607180387261756
0.7949999999997912,2.7287973442840174,23.309916489409122,32.645169004921456
0.804999999999791,2.8074120912868237,23.962325575876246,33.5343088126273
0.8149999999997908,2.8728482723393065,24.49894444755822,34.260707543861294
0.8249999999997906,2.9246646590885654,24.913568505842193,34.81617632175111
0.8349999999997904,2.9628724576066414,25.203895015630664,35.197968332389124
0.8449999999997901,2.9878784337694544,25.371189578484447,35.40821366624736
0.8549999999997899,3.0004088304881966,25.41976322179201,35.45310718363446
0.8649999999997897,3.0014199794529626,25.356304007781304,35.341923047173104
0.8749999999997895,2.9920018414887988,25.18911718478042,35.085939918480875
0.8849999999997893,2.9732806195390404,24.927333696851377,34.697363938866935
0.8949999999997891,2.9463262293822896,24.580147943332488,34.18833255588488
0.9049999999997889,2.9120699407838275,24.15614214156635,33.570071850126155
0.9149999999997886,2.8712370192473737,23.66274698680856,32.85226464391938
0.9249999999997884,2.8242987172208363,23.105877238258863,32.04266796192275
0.9349999999997882,2.771447392286152,22.48976717231751,31.14699793453406
0.944999999999788,2.7125977008023647,21.817015297688474,30.16907931260223
0.9549999999997878,2.647415543393829,21.088831076637927,29.11123643399397
0.9649999999997876,2.575374597716326,20.30545947975019,27.974883609219773
0.9749999999997874,2.495837870312468,19.466743058887864,26.761256348061
0.9849999999997872,2.408158916127906,18.572767177340218,25.472211694025283
0.9949999999997869,2.3117945702609846,17.624523658037408,24.111017478536176
